attempt_number,hours_since_first,runtime_ms,score,active
1,0.0,859.82,0.0,False
2,0.0,,0.0,False
3,0.0,,0.0,False
4,0.0,,0.0,False
5,0.0021,-1.0,90.0,False
6,72.0141,976.24,0.0,False
7,72.543,-1.0,0.0,False
8,72.8251,-1.0,0.0,False
9,72.8929,,90.0,True
10,73.1649,,90.0,False
11,73.2776,972.58,0.0,False
12,73.4539,828.02,0.0,False
13,73.5186,1039.33,0.0,False
14,73.5626,,0.0,False
15,73.609,-1.0,0.0,False
16,73.6789,-1.0,0.0,False
17,73.8364,-1.0,0.0,False
18,73.8509,,0.0,False
19,73.9756,,0.0,False
20,73.9887,895.64,0.0,False
21,74.1064,,0.0,False
22,74.148,864.93,0.0,True
23,74.2313,889.53,0.0,True
24,74.4936,-1.0,0.0,False
25,74.7922,887.43,0.0,False
26,74.9,-1.0,0.0,False
27,75.1919,931.99,0.0,True
28,75.3013,930.06,0.0,False
29,75.4799,891.58,90.0,False
30,119.4987,-1.0,0.0,False
31,122.2173,993.16,0.0,False
32,122.2305,,0.0,False
33,122.4882,914.56,0.0,False
34,122.978,,0.0,False
35,123.2959,811.44,0.0,False
36,123.3786,,90.0,False
37,123.7398,,90.0,False
38,123.8249,,0.0,False
39,123.9219,-1.0,0.0,False
40,124.0647,,0.0,True
41,124.1989,,0.0,False
42,124.5286,1036.92,90.0,False
43,125.0315,,0.0,False
44,125.0555,,0.0,True
45,125.326,876.83,0.0,False
46,125.3676,1101.39,0.0,False
47,126.1441,,0.0,False
48,126.1832,,0.0,False
49,126.4765,,90.0,False
50,126.5355,840.93,90.0,True
51,126.6465,-1.0,0.0,False
52,127.1038,,90.0,False
53,127.2417,-1.0,90.0,False
54,127.41,-1.0,0.0,False
55,127.5062,,25.3333,False
56,127.5921,,0.0,False
57,127.666,,90.0,False
58,128.0817,,90.0,False
59,128.0978,,0.0,False
60,128.1448,1026.0,0.0,False
61,128.1814,869.72,0.0,False
62,128.4593,881.06,0.0,True
63,128.6306,-1.0,90.0,False
64,128.6491,,90.0,False
65,128.6669,,0.0,False
66,128.7221,,0.0,False
67,128.8564,-1.0,0.0,False
68,128.9106,,0.0,True
69,129.3053,-1.0,0.0,False
70,129.475,,0.0,False
71,129.5137,-1.0,90.0,False
72,129.6483,-1.0,0.0,True
73,130.0336,-1.0,0.0,False
74,130.5623,,0.0,False
75,130.9376,-1.0,90.0,False
76,131.0686,-1.0,0.0,True
77,131.4835,,0.0,False
78,131.6036,1022.22,0.0,False
79,131.6291,874.97,90.0,False
80,131.7871,-1.0,90.0,True
81,132.3504,,0.0,False
82,133.4477,887.06,90.0,False
83,133.6294,,90.0,False
84,133.742,-1.0,90.0,True
85,134.9963,869.31,0.0,False
86,135.5255,-1.0,0.0,False
87,135.8236,-1.0,90.0,False
88,136.1549,909.74,0.0,False
89,136.2002,,0.0,True
90,136.6312,-1.0,0.0,False
91,136.8621,,0.0,True
92,137.0406,-1.0,0.0,False
93,137.1306,978.4,0.0,False
94,137.2474,,90.0,False
95,137.6869,992.04,90.0,False
96,137.7036,-1.0,0.0,False
97,137.7922,894.64,0.0,True
98,137.8779,-1.0,90.0,False
99,137.9466,969.95,0.0,True
100,138.1578,,0.0,True
101,138.2704,-1.0,0.0,False
102,138.5534,1021.55,0.0,False
103,138.7096,-1.0,0.0,False
104,138.7115,-1.0,0.0,False
105,138.816,-1.0,38.0,False
106,138.863,,0.0,False
107,138.9612,,0.0,False
108,139.0324,-1.0,0.0,False
109,139.114,,85.0,False
110,139.3362,,0.0,True
111,139.4114,817.73,0.0,False
112,139.4746,858.24,0.0,False
113,139.6288,,0.0,True
114,139.7068,881.39,90.0,False
115,139.9003,,0.0,False
116,139.944,-1.0,0.0,False
117,140.0088,,0.0,False
118,140.1144,,0.0,False
119,140.1799,,0.0,False
120,140.1821,-1.0,0.0,False
121,140.2631,1082.22,0.0,False
122,140.2754,-1.0,0.0,False
123,140.3683,961.52,0.0,False
124,140.3715,-1.0,90.0,True
125,140.4678,914.8,0.0,False
126,140.4891,776.68,90.0,False
127,140.5162,-1.0,0.0,False
128,140.5238,,0.0,False
129,140.5344,953.9,0.0,False
130,140.5745,893.92,0.0,True
131,140.597,,38.0,False
132,140.6733,-1.0,90.0,False
133,140.6786,796.62,0.0,False
134,140.6839,,0.0,False
135,140.6968,,0.0,False
136,140.7007,,0.0,True
137,140.702,,0.0,True
138,140.7549,1028.65,90.0,False
139,140.826,-1.0,0.0,False
140,141.0088,922.84,0.0,False
141,141.0453,,90.0,False
142,141.2034,1083.14,0.0,False
143,141.225,,0.0,False
144,141.2964,1050.86,0.0,False
145,141.3274,,0.0,False
146,141.3547,902.09,0.0,False
147,141.3824,,0.0,False
148,141.3829,932.95,0.0,True
149,141.3964,,90.0,False
150,141.4228,940.71,90.0,False
151,141.4442,800.71,90.0,False
152,141.5231,,0.0,False
153,141.5687,-1.0,0.0,False
154,141.5734,910.88,90.0,False
155,141.5745,,85.0,False
156,141.5865,-1.0,0.0,False
157,141.6249,,0.0,False
158,141.6579,928.75,0.0,False
159,141.6732,955.51,90.0,False
160,141.7282,,0.0,True
161,141.7599,,0.0,False
162,141.8163,-1.0,0.0,False
163,141.8629,,0.0,False
164,141.8739,838.45,85.0,False
165,142.0117,-1.0,0.0,False
166,142.0456,-1.0,0.0,False
167,142.0977,817.37,0.0,False
168,142.17,-1.0,0.0,False
169,142.1725,-1.0,0.0,False
170,142.1826,-1.0,90.0,True
171,142.194,-1.0,0.0,False
172,142.2115,-1.0,0.0,True
173,142.2419,1023.1,0.0,False
174,142.2453,-1.0,0.0,True
175,142.4288,,90.0,True
176,142.4327,820.56,0.0,False
177,142.4834,,0.0,False
178,142.5269,893.85,0.0,False
179,142.5406,-1.0,90.0,False
180,142.594,-1.0,0.0,False
181,142.6146,,90.0,True
182,142.631,,90.0,False
183,142.6649,-1.0,0.0,False
184,142.6886,-1.0,90.0,False
185,142.6968,835.35,0.0,False
186,142.7076,,0.0,False
187,142.7082,-1.0,0.0,False
188,142.7654,884.74,0.0,False
189,142.7663,,0.0,False
190,142.8222,988.35,90.0,False
191,142.8257,,90.0,False
192,142.8785,922.46,90.0,False
193,142.9195,-1.0,90.0,False
194,142.9864,,0.0,False
195,143.0079,-1.0,0.0,False
196,143.0325,961.59,25.3333,False
197,143.0411,-1.0,90.0,False
198,143.0476,,0.0,False
199,143.1181,,0.0,False
200,143.1253,,0.0,True
201,143.1359,-1.0,90.0,False
202,143.1543,-1.0,0.0,False
203,143.2014,944.16,0.0,False
204,143.2055,874.49,0.0,False
205,143.2408,-1.0,0.0,False
206,143.2742,847.18,0.0,False
207,143.3231,-1.0,0.0,False
208,143.3315,,0.0,False
209,143.3363,,0.0,True
210,143.3814,,0.0,True
211,143.4274,,0.0,False
212,143.4527,,85.0,True
213,143.4836,,0.0,True
214,143.4936,,0.0,False
215,143.4962,-1.0,0.0,False
216,143.6074,889.65,0.0,False
217,143.6174,1023.34,0.0,False
218,143.6484,-1.0,0.0,True
219,143.6826,-1.0,0.0,True
220,143.7013,,0.0,True
221,143.7015,814.93,0.0,False
222,143.7127,,0.0,True
223,143.7157,,0.0,False
224,143.7441,-1.0,0.0,False
225,143.7539,-1.0,0.0,False
226,143.783,-1.0,90.0,True
227,143.7922,-1.0,0.0,False
228,143.8358,,0.0,False
229,143.8609,,0.0,True
230,143.8699,,0.0,True
231,143.8864,,0.0,False
232,143.8943,-1.0,0.0,False
233,143.9093,,0.0,False
234,143.9159,,0.0,False
235,143.9575,860.71,0.0,False
236,143.9618,-1.0,0.0,False
237,144.0111,,0.0,False
238,144.0183,,0.0,False
239,144.0514,754.51,0.0,True
240,144.0577,-1.0,0.0,False
241,144.0811,-1.0,90.0,True
242,144.155,,0.0,False
243,144.1587,834.16,0.0,False
244,144.2376,-1.0,0.0,False
245,144.2552,-1.0,0.0,False
246,144.3108,,0.0,False
247,144.3211,-1.0,90.0,False
248,144.33,1076.25,0.0,False
249,144.3573,894.43,0.0,False
250,144.3866,-1.0,90.0,False
251,144.478,-1.0,85.0,True
252,144.4949,,0.0,False
253,144.5057,858.11,90.0,True
254,144.5103,,0.0,True
255,144.5121,,0.0,False
256,144.536,877.8,90.0,False
257,144.5775,-1.0,90.0,True
258,144.579,-1.0,0.0,False
259,144.5826,-1.0,0.0,False
260,144.5948,978.87,0.0,False
261,144.6315,-1.0,90.0,False
262,144.7306,,0.0,False
263,144.7858,,90.0,False
264,144.7969,-1.0,0.0,False
265,144.8049,939.6,0.0,False
266,144.8109,,0.0,False
267,144.8182,875.61,0.0,True
268,144.8344,,0.0,False
269,144.8388,,0.0,False
270,144.8428,863.89,0.0,False
271,144.8445,,0.0,False
272,144.9283,-1.0,0.0,False
273,144.9435,842.34,0.0,False
274,144.9721,859.23,0.0,False
275,144.9833,848.75,90.0,False
276,144.9878,-1.0,0.0,False
277,144.9999,-1.0,0.0,False
278,145.0486,,90.0,False
279,145.064,,90.0,False
280,145.0681,-1.0,0.0,False
281,145.0776,,0.0,False
282,145.0818,-1.0,90.0,False
283,145.0997,-1.0,0.0,False
284,145.1216,,90.0,False
285,145.1272,-1.0,0.0,False
286,145.131,,0.0,False
287,145.148,-1.0,0.0,True
288,145.1766,,90.0,False
289,145.2226,782.43,0.0,False
290,145.2243,,90.0,False
291,145.2437,,0.0,False
292,145.2781,-1.0,0.0,False
293,145.293,,0.0,False
294,145.3107,,0.0,False
295,145.3214,-1.0,0.0,False
296,145.3251,-1.0,12.6667,False
297,145.3334,,0.0,True
298,145.4197,,0.0,False
299,145.4378,,0.0,False
300,145.4497,,0.0,False
301,145.4625,-1.0,90.0,False
302,145.4643,-1.0,90.0,False
303,145.5195,-1.0,50.6667,False
304,145.5429,,0.0,False
305,145.5683,,0.0,False
306,145.5838,,0.0,True
307,145.6178,-1.0,0.0,True
308,145.6629,,0.0,True
309,145.6651,-1.0,0.0,True
310,145.6779,-1.0,90.0,False
311,145.7338,-1.0,0.0,False
312,145.7348,,90.0,False
313,145.7435,-1.0,0.0,False
314,145.7542,,0.0,False
315,145.7836,,0.0,False
316,145.843,,63.3333,False
317,145.8501,1030.98,0.0,False
318,145.8786,,0.0,False
319,145.8812,,90.0,True
320,145.9115,,0.0,True
321,145.9372,-1.0,0.0,False
322,145.9606,-1.0,0.0,False
323,145.971,-1.0,0.0,False
324,145.9885,-1.0,90.0,False
325,145.9943,785.9,0.0,True
326,146.0294,,90.0,False
327,146.049,-1.0,0.0,False
328,146.0635,730.09,0.0,False
329,146.0726,-1.0,0.0,True
330,146.0968,944.5,0.0,True
331,146.1386,964.78,90.0,False
332,146.1523,,0.0,False
333,146.1882,,0.0,True
334,146.1998,-1.0,0.0,False
335,146.2017,-1.0,0.0,False
336,146.2347,806.04,90.0,False
337,146.304,-1.0,0.0,False
338,146.3181,-1.0,0.0,False
339,146.3318,-1.0,0.0,False
340,146.3408,946.2,0.0,False
341,146.3409,966.76,90.0,False
342,146.3531,,0.0,False
343,146.3773,-1.0,90.0,False
344,146.3992,949.91,0.0,False
345,146.4126,,0.0,True
346,146.4303,,0.0,False
347,146.4427,-1.0,0.0,False
348,146.4961,857.6,0.0,False
349,146.5157,1040.19,85.0,False
350,146.5542,804.21,0.0,False
351,146.5624,981.26,0.0,False
352,146.5849,-1.0,0.0,False
353,146.7118,,0.0,True
354,146.7295,-1.0,90.0,False
355,146.7482,1072.0,0.0,False
356,146.7589,-1.0,0.0,False
357,146.7698,-1.0,90.0,True
358,146.77,-1.0,0.0,False
359,146.7811,-1.0,0.0,False
360,146.8377,-1.0,0.0,True
361,146.8377,927.53,0.0,False
362,146.8534,-1.0,0.0,True
363,146.8644,,0.0,False
364,146.8873,-1.0,0.0,False
365,146.8886,-1.0,90.0,False
366,146.9273,944.17,0.0,False
367,146.9305,,90.0,False
368,147.0218,-1.0,0.0,False
369,147.0344,-1.0,0.0,False
370,147.0554,,0.0,True
371,147.076,-1.0,0.0,False
372,147.0891,-1.0,0.0,False
373,147.1127,879.5,90.0,False
374,147.1224,836.54,90.0,False
375,147.125,,0.0,False
376,147.1325,881.45,0.0,False
377,147.1384,908.79,0.0,False
378,147.1399,-1.0,0.0,False
379,147.145,890.63,90.0,False
380,147.1488,,90.0,False
381,147.1712,944.98,90.0,False
382,147.196,,0.0,False
383,147.2193,,0.0,True
384,147.2424,907.36,0.0,False
385,147.2743,-1.0,0.0,False
386,147.29,-1.0,90.0,False
387,147.3014,-1.0,0.0,False
388,147.3041,935.77,0.0,True
389,147.3213,,0.0,False
390,147.3341,-1.0,0.0,False
391,147.3638,829.23,0.0,True
392,147.3649,909.36,0.0,False
393,147.3771,944.2,0.0,False
394,147.3874,,0.0,True
395,147.3889,-1.0,0.0,False
396,147.3933,,0.0,True
397,147.4051,-1.0,0.0,False
398,147.408,,0.0,False
399,147.4379,830.25,90.0,False
400,147.4665,,90.0,False
401,147.4903,794.36,0.0,False
402,147.4947,,0.0,False
403,147.5041,,0.0,True
404,147.5136,-1.0,0.0,True
405,147.5214,970.53,0.0,False
406,147.5399,,95.0,True
407,147.561,870.68,0.0,True
408,147.5728,876.16,90.0,False
409,147.5841,-1.0,0.0,False
410,147.6051,-1.0,0.0,False
411,147.6216,-1.0,0.0,False
412,147.6408,-1.0,0.0,True
413,147.6509,1178.9,0.0,False
414,147.6947,873.58,90.0,True
415,147.7373,-1.0,90.0,False
416,147.7616,-1.0,0.0,True
417,147.767,,90.0,False
418,147.7717,-1.0,0.0,True
419,147.8206,,90.0,False
420,147.8491,-1.0,0.0,False
421,147.8631,-1.0,0.0,False
422,147.8811,-1.0,0.0,False
423,147.9116,-1.0,0.0,False
424,147.9273,,0.0,False
425,147.933,,0.0,True
426,147.9343,908.22,90.0,False
427,147.9343,1019.09,0.0,False
428,147.9494,-1.0,0.0,False
429,147.9912,942.16,0.0,False
430,148.0185,,0.0,True
431,148.1001,,0.0,False
432,148.1303,,0.0,False
433,148.1337,,0.0,True
434,148.1459,,0.0,False
435,148.155,-1.0,0.0,False
436,148.164,,90.0,True
437,148.178,-1.0,90.0,False
438,148.2118,-1.0,0.0,False
439,148.2304,-1.0,0.0,False
440,148.2551,-1.0,0.0,True
441,148.2695,-1.0,0.0,False
442,148.275,,0.0,False
443,148.2792,898.61,0.0,False
444,148.287,,0.0,False
445,148.3043,-1.0,0.0,False
446,148.3128,-1.0,90.0,False
447,148.3323,,0.0,False
448,148.3552,1032.91,90.0,False
449,148.365,-1.0,0.0,False
450,148.4291,-1.0,90.0,False
451,148.4298,,0.0,False
452,148.465,817.86,0.0,False
453,148.4846,873.17,0.0,False
454,148.5709,-1.0,0.0,True
455,148.5774,769.96,0.0,False
456,148.5793,-1.0,0.0,True
457,148.599,1073.73,0.0,False
458,148.6105,-1.0,0.0,False
459,148.6516,-1.0,90.0,False
460,148.7069,,0.0,False
461,148.7123,829.13,0.0,False
462,148.7126,-1.0,90.0,False
463,148.7379,,90.0,False
464,148.7682,-1.0,0.0,True
465,148.7842,,0.0,False
466,148.7864,,90.0,False
467,148.799,,0.0,False
468,148.8212,-1.0,0.0,False
469,148.8436,889.32,90.0,False
470,148.9147,936.4,0.0,False
471,148.9348,-1.0,90.0,True
472,148.9408,,0.0,False
473,148.9572,,0.0,False
474,148.9661,-1.0,12.6667,False
475,148.977,1014.7,90.0,True
476,149.011,,0.0,False
477,149.0232,,0.0,False
478,149.0327,,0.0,False
479,149.0359,-1.0,0.0,True
480,149.0748,,90.0,False
481,149.1193,903.25,0.0,False
482,149.161,,0.0,False
483,149.1618,-1.0,0.0,False
484,149.1864,-1.0,90.0,False
485,149.2136,-1.0,0.0,True
486,149.2313,-1.0,0.0,True
487,149.2329,,0.0,True
488,149.2564,,0.0,False
489,149.2698,-1.0,0.0,False
490,149.2714,962.08,90.0,False
491,149.2966,,0.0,False
492,149.3045,-1.0,0.0,True
493,149.3079,-1.0,0.0,True
494,149.3443,,0.0,False
495,149.3517,-1.0,0.0,False
496,149.3808,-1.0,90.0,False
497,149.3884,,0.0,False
498,149.4365,-1.0,0.0,False
499,149.4494,-1.0,0.0,False
500,149.477,,0.0,False
501,149.5084,-1.0,0.0,True
502,149.5123,-1.0,0.0,False
503,149.5682,,0.0,False
504,149.5817,812.4,90.0,False
505,149.5832,,0.0,False
506,149.5943,,0.0,True
507,149.6556,-1.0,0.0,True
508,149.6802,,0.0,False
509,149.7189,838.27,0.0,False
510,149.7202,-1.0,90.0,False
511,149.7895,860.14,25.3333,False
512,149.8337,,0.0,False
513,149.8417,793.72,0.0,False
514,149.8475,,0.0,False
515,149.8884,-1.0,90.0,False
516,149.89,,0.0,False
517,149.8957,,90.0,True
518,149.9609,,90.0,False
519,149.9682,846.84,0.0,False
520,149.9702,871.91,0.0,False
521,149.9981,-1.0,0.0,True
522,150.0057,-1.0,0.0,False
523,150.0187,954.23,0.0,True
524,150.1097,1056.65,0.0,False
525,150.1128,,0.0,False
526,150.1141,-1.0,0.0,True
527,150.1538,,0.0,False
528,150.2369,-1.0,0.0,True
529,150.2557,-1.0,90.0,False
530,150.289,,85.0,False
531,150.3152,888.19,0.0,False
532,150.3305,-1.0,0.0,False
533,150.3364,884.24,90.0,True
534,150.3416,-1.0,0.0,False
535,150.347,,0.0,False
536,150.3949,941.3,0.0,True
537,150.403,,0.0,False
538,150.4224,,0.0,False
539,150.4382,-1.0,0.0,True
540,150.4429,,0.0,False
541,150.5236,,90.0,False
542,150.5356,893.98,0.0,False
543,150.6008,916.26,0.0,False
544,150.6036,-1.0,0.0,False
545,150.6041,-1.0,12.6667,True
546,150.6071,,0.0,True
547,150.6565,-1.0,0.0,False
548,150.6575,948.96,90.0,False
549,150.6793,-1.0,90.0,False
550,150.7251,-1.0,0.0,False
551,150.8002,-1.0,90.0,False
552,150.878,,0.0,False
553,150.8819,978.03,0.0,True
554,150.8953,,0.0,False
555,150.9182,985.98,0.0,False
556,150.9459,-1.0,90.0,False
557,150.97,,0.0,False
558,150.987,-1.0,0.0,False
559,150.9926,,0.0,False
560,151.0601,923.56,0.0,False
561,151.0605,,0.0,False
562,151.1024,,0.0,False
563,151.1302,863.68,90.0,False
564,151.3204,1003.93,0.0,True
565,151.3781,,0.0,True
566,151.4127,965.67,38.0,False
567,151.4422,,0.0,False
568,151.4517,,0.0,False
569,151.471,-1.0,95.0,True
570,151.476,,0.0,True
571,151.4762,-1.0,0.0,False
572,151.4897,-1.0,0.0,False
573,151.5367,-1.0,0.0,False
574,151.5618,,0.0,True
575,151.5705,-1.0,0.0,False
576,151.631,,0.0,False
577,151.6516,,0.0,False
578,151.6697,959.19,90.0,False
579,151.6818,1003.8,90.0,True
580,151.6955,-1.0,0.0,False
581,151.7627,,12.6667,False
582,151.7875,-1.0,0.0,False
583,151.8564,,90.0,False
584,151.9106,1076.32,0.0,False
585,151.9688,,0.0,True
586,152.0131,-1.0,0.0,True
587,152.0145,-1.0,90.0,False
588,152.0259,,0.0,False
589,152.0496,,0.0,False
590,152.0907,-1.0,0.0,False
591,152.1096,-1.0,90.0,False
592,152.3467,955.68,0.0,False
593,152.3888,-1.0,90.0,False
594,152.4854,848.57,0.0,False
595,152.5101,-1.0,0.0,True
596,152.5235,,0.0,False
597,152.5943,,0.0,False
598,152.6034,,90.0,False
599,152.6617,,0.0,False
600,152.7446,-1.0,0.0,False
601,152.832,919.91,0.0,False
602,152.8363,876.79,12.6667,True
603,152.8664,-1.0,0.0,False
604,152.938,-1.0,38.0,False
605,153.1009,-1.0,0.0,True
606,153.1213,-1.0,0.0,False
607,153.1976,-1.0,0.0,False
608,153.3328,-1.0,0.0,False
609,153.3377,,0.0,True
610,153.3574,-1.0,0.0,False
611,153.4026,,0.0,True
612,153.4245,,90.0,False
613,153.4355,824.86,0.0,False
614,153.5447,-1.0,0.0,True
615,153.5857,,0.0,False
616,153.6019,810.16,0.0,False
617,153.6512,-1.0,0.0,False
618,153.6794,935.15,0.0,True
619,153.7451,,90.0,False
620,153.7497,-1.0,0.0,False
621,153.8966,916.38,0.0,False
622,154.1005,960.47,0.0,False
623,154.1354,,90.0,False
624,154.3771,-1.0,0.0,True
625,154.6235,,0.0,False
626,154.7593,,0.0,False
627,154.8311,,0.0,False
628,154.8359,,0.0,False
629,154.8953,,0.0,False
630,154.9371,-1.0,90.0,False
631,155.104,-1.0,0.0,False
632,155.146,894.58,0.0,True
633,155.3797,,0.0,False
634,155.441,,0.0,True
635,155.4446,-1.0,0.0,True
636,155.8648,,0.0,False
637,156.0488,902.51,0.0,False
638,156.062,-1.0,0.0,False
639,156.1326,,0.0,True
640,156.1373,986.68,0.0,False
641,156.1532,860.27,38.0,False
642,156.5533,,0.0,True
643,156.7266,-1.0,0.0,False
644,157.2255,-1.0,0.0,False
645,157.4246,-1.0,0.0,False
646,157.7658,,0.0,False
647,157.7763,1007.45,90.0,False
648,158.2669,-1.0,90.0,True
649,158.8807,,0.0,False
650,158.9863,,0.0,False
651,159.3055,,0.0,False
652,159.9388,-1.0,0.0,False
653,160.2734,,0.0,False
654,160.4149,,90.0,False
655,160.7482,856.49,0.0,False
656,160.9314,-1.0,0.0,False
657,160.9547,,0.0,False
658,160.9571,-1.0,90.0,True
659,161.4156,,0.0,False
660,161.7642,,85.0,False
661,162.2312,,0.0,False
662,162.3285,-1.0,0.0,False
663,162.3577,-1.0,0.0,True
664,162.4181,956.23,0.0,False
665,162.5342,,0.0,False
666,162.6272,,0.0,False
667,162.6454,,0.0,False
668,162.6525,-1.0,0.0,False
669,162.7539,1060.4,0.0,False
670,162.8441,,0.0,True
671,162.8646,990.24,90.0,False
672,162.8848,-1.0,0.0,False
673,162.8953,,0.0,True
674,162.9446,-1.0,0.0,True
675,163.0158,,0.0,True
676,163.1293,-1.0,0.0,False
677,163.1637,,0.0,False
678,163.353,,0.0,False
679,163.3659,,90.0,False
680,163.3968,,0.0,False
681,163.3987,1019.71,0.0,False
682,163.4055,-1.0,0.0,False
683,163.4806,-1.0,0.0,False
684,163.6768,,19.0,False
685,163.6832,,0.0,False
686,163.7695,,0.0,False
687,163.8,-1.0,0.0,False
688,163.8148,,0.0,True
689,163.8627,,0.0,True
690,163.8631,-1.0,19.0,False
691,163.9188,993.26,0.0,False
692,163.9472,,0.0,False
693,163.9851,-1.0,0.0,False
694,164.0026,,0.0,False
695,164.042,-1.0,90.0,False
696,164.0446,,90.0,False
697,164.1065,,0.0,True
698,164.2197,,0.0,False
699,164.2234,,0.0,False
700,164.2551,-1.0,0.0,True
701,164.3038,,0.0,True
702,164.327,,0.0,False
703,164.4175,,0.0,False
704,164.4372,952.73,0.0,False
705,164.5145,-1.0,0.0,False
706,164.712,-1.0,0.0,False
707,164.7207,,0.0,False
708,164.7427,923.18,0.0,False
709,164.8088,,0.0,False
710,164.8651,,0.0,False
711,164.9525,884.2,0.0,False
712,164.9843,,12.6667,False
713,165.0566,-1.0,0.0,False
714,165.0769,-1.0,0.0,True
715,165.1301,959.34,0.0,False
716,165.1426,890.09,0.0,True
717,165.2395,-1.0,0.0,False
718,165.2824,-1.0,0.0,False
719,165.3124,,0.0,False
720,165.3713,-1.0,0.0,False
721,165.3865,1088.93,0.0,False
722,165.4003,,0.0,False
723,165.4248,-1.0,90.0,False
724,165.4368,,90.0,False
725,165.4478,-1.0,90.0,False
726,165.5335,-1.0,0.0,False
727,165.6061,873.34,0.0,False
728,165.6982,904.65,90.0,False
729,165.71,-1.0,90.0,False
730,165.7231,-1.0,0.0,False
731,165.7577,869.69,90.0,False
732,165.9028,-1.0,0.0,False
733,165.9158,-1.0,0.0,True
734,165.9603,,90.0,False
735,165.9637,,90.0,True
736,165.9954,,90.0,False
737,165.9999,-1.0,0.0,False
738,166.0396,-1.0,0.0,True
739,166.0455,,19.0,False
740,166.0915,880.48,0.0,False
741,166.1176,-1.0,0.0,True
742,166.1255,-1.0,0.0,False
743,166.1376,-1.0,0.0,False
744,166.1993,887.12,0.0,False
745,166.2011,997.49,90.0,False
746,166.2045,-1.0,90.0,False
747,166.2049,-1.0,0.0,False
748,166.2275,,90.0,False
749,166.2324,-1.0,0.0,False
750,166.2811,,0.0,True
751,166.3088,910.33,0.0,True
752,166.3159,906.42,90.0,False
753,166.3438,,0.0,False
754,166.3692,,90.0,False
755,166.3877,871.44,0.0,False
756,166.4613,905.76,0.0,False
757,166.4675,-1.0,0.0,False
758,166.5455,,0.0,False
759,166.5724,970.14,90.0,False
760,166.5741,-1.0,0.0,False
761,166.5765,,0.0,False
762,166.5968,-1.0,0.0,True
763,166.6143,900.75,0.0,False
764,166.6337,,0.0,False
765,166.6404,876.25,0.0,False
766,166.6533,,0.0,False
767,166.6826,-1.0,90.0,True
768,166.686,930.57,0.0,False
769,166.7088,928.35,0.0,True
770,166.7399,,0.0,False
771,166.7528,-1.0,0.0,True
772,166.7538,,12.6667,False
773,166.8284,-1.0,0.0,False
774,166.836,-1.0,0.0,False
775,166.8783,,90.0,False
776,166.9044,968.08,85.0,False
777,166.9308,795.81,90.0,False
778,166.9675,,0.0,False
779,166.979,,25.3333,False
780,167.0019,937.87,0.0,True
781,167.0134,941.16,0.0,True
782,167.0271,925.48,0.0,False
783,167.0341,,0.0,False
784,167.0626,-1.0,90.0,False
785,167.0871,,0.0,False
786,167.0972,,0.0,False
787,167.109,,0.0,False
788,167.1153,,0.0,False
789,167.124,-1.0,0.0,False
790,167.1348,923.37,90.0,True
791,167.1426,,90.0,True
792,167.1453,-1.0,0.0,False
793,167.1917,-1.0,0.0,False
794,167.2266,849.46,0.0,False
795,167.2313,922.95,0.0,False
796,167.2314,,90.0,False
797,167.2417,-1.0,0.0,False
798,167.2799,,0.0,False
799,167.2894,870.83,90.0,False
800,167.3717,-1.0,0.0,False
801,167.3903,,0.0,False
802,167.4014,-1.0,90.0,False
803,167.4161,,12.6667,False
804,167.4277,-1.0,90.0,False
805,167.4485,-1.0,0.0,True
806,167.4649,,0.0,False
807,167.4715,-1.0,0.0,False
808,167.4946,715.28,0.0,False
809,167.519,958.79,0.0,False
810,167.5886,805.58,0.0,False
811,167.5983,910.47,0.0,False
812,167.6192,996.77,0.0,False
813,167.6409,-1.0,0.0,True
814,167.6674,,0.0,False
815,167.7111,-1.0,0.0,False
816,167.7166,-1.0,90.0,False
817,167.7189,1081.06,0.0,False
818,167.7522,-1.0,90.0,False
819,167.7711,-1.0,0.0,True
820,167.8284,,0.0,False
821,167.8313,911.82,0.0,False
822,167.8394,-1.0,0.0,False
823,167.8529,934.11,90.0,False
824,167.8598,-1.0,0.0,True
825,167.8777,978.14,90.0,False
826,167.883,-1.0,90.0,False
827,167.9025,857.08,0.0,False
828,167.9419,1055.78,90.0,False
829,167.9752,-1.0,90.0,False
830,167.9812,938.93,0.0,False
831,167.9836,895.22,0.0,True
832,167.9914,,0.0,False
833,167.9996,-1.0,0.0,True
834,168.0094,,0.0,False
835,168.0191,857.79,90.0,False
836,168.0229,-1.0,0.0,True
837,168.0356,-1.0,0.0,True
838,168.0356,1034.39,0.0,False
839,168.0477,,0.0,False
840,168.0682,803.32,90.0,False
841,168.0775,824.2,0.0,True
842,168.0928,-1.0,0.0,False
843,168.1026,-1.0,0.0,False
844,168.1138,,0.0,False
845,168.1183,927.47,90.0,True
846,168.1191,-1.0,90.0,False
847,168.1276,,0.0,True
848,168.1766,871.75,90.0,False
849,168.1832,,90.0,False
850,168.1973,865.8,0.0,True
851,168.2074,854.28,90.0,True
852,168.2086,,0.0,False
853,168.2224,-1.0,0.0,False
854,168.2442,-1.0,0.0,False
855,168.307,-1.0,0.0,False
856,168.3373,-1.0,0.0,True
857,168.3458,1050.6,90.0,False
858,168.346,,0.0,False
859,168.4008,,0.0,False
860,168.4034,-1.0,0.0,True
861,168.4383,,0.0,False
862,168.4564,-1.0,0.0,False
863,168.468,,0.0,False
864,168.4919,,0.0,True
865,168.5115,-1.0,0.0,False
866,168.5244,,0.0,True
867,168.5317,-1.0,0.0,False
868,168.5497,,85.0,True
869,168.5923,-1.0,0.0,False
870,168.5942,-1.0,90.0,False
871,168.6026,,0.0,True
872,168.6258,826.67,0.0,False
873,168.6271,-1.0,0.0,False
874,168.6551,-1.0,0.0,True
875,168.6724,,57.0,False
876,168.6814,,0.0,False
877,168.7191,923.48,19.0,False
878,168.7313,952.95,0.0,False
879,168.7315,1030.08,90.0,False
880,168.742,-1.0,90.0,False
881,168.7425,,0.0,False
882,168.7601,-1.0,0.0,False
883,168.7721,-1.0,0.0,False
884,168.7802,,90.0,True
885,168.8164,-1.0,0.0,False
886,168.8204,795.31,0.0,False
887,168.8315,,0.0,False
888,168.8344,,0.0,False
889,168.841,,0.0,False
890,168.8486,-1.0,0.0,False
891,168.8693,833.73,0.0,True
892,168.8794,-1.0,0.0,False
893,168.893,784.98,0.0,False
894,168.9136,,90.0,False
895,168.9355,,12.6667,False
896,168.9428,-1.0,90.0,False
897,168.9691,,0.0,True
898,168.9773,,0.0,False
899,168.9813,,90.0,False
900,168.9858,,0.0,False
901,168.9874,891.6,63.3333,False
902,169.0121,,0.0,False
903,169.0212,,90.0,True
904,169.0217,-1.0,0.0,False
905,169.0822,-1.0,0.0,False
906,169.096,,0.0,True
907,169.1006,957.78,0.0,False
908,169.1163,-1.0,0.0,True
909,169.1778,-1.0,0.0,False
910,169.1839,,0.0,False
911,169.19,814.83,0.0,False
912,169.1969,,0.0,False
913,169.207,,95.0,False
914,169.2076,-1.0,0.0,True
915,169.2141,-1.0,0.0,False
916,169.2237,,0.0,False
917,169.229,,0.0,False
918,169.2299,,0.0,False
919,169.2309,-1.0,0.0,False
920,169.2501,-1.0,0.0,False
921,169.273,-1.0,85.0,False
922,169.2829,-1.0,0.0,False
923,169.2938,1087.02,0.0,False
924,169.3054,-1.0,0.0,False
925,169.3056,,0.0,True
926,169.3168,,90.0,False
927,169.3185,-1.0,90.0,False
928,169.3205,-1.0,0.0,False
929,169.327,,0.0,False
930,169.3305,1023.18,0.0,False
931,169.3406,987.56,0.0,False
932,169.3831,-1.0,0.0,False
933,169.3883,894.9,90.0,False
934,169.3993,939.2,0.0,True
935,169.4151,,90.0,False
936,169.4633,,0.0,False
937,169.471,,0.0,False
938,169.4807,866.69,90.0,False
939,169.5034,-1.0,0.0,False
940,169.5592,926.29,0.0,False
941,169.653,741.21,0.0,True
942,169.6718,,0.0,False
943,169.6784,768.15,90.0,False
944,169.679,,0.0,False
945,169.6925,-1.0,0.0,False
946,169.7026,,0.0,False
947,169.7046,-1.0,90.0,False
948,169.7294,,0.0,False
949,169.7501,-1.0,90.0,True
950,169.7657,-1.0,90.0,False
951,169.7666,,0.0,True
952,169.7758,1055.9,0.0,False
953,169.7795,975.4,0.0,True
954,169.7944,,90.0,False
955,169.7985,1035.69,0.0,False
956,169.8025,,0.0,True
957,169.8198,-1.0,0.0,True
958,169.8473,-1.0,0.0,False
959,169.8621,-1.0,0.0,False
960,169.8835,,90.0,False
961,169.8964,,85.0,True
962,169.8992,833.62,90.0,False
963,169.9187,-1.0,0.0,True
964,169.924,-1.0,85.0,True
965,169.9312,-1.0,90.0,False
966,169.9659,-1.0,0.0,False
967,170.0025,-1.0,0.0,False
968,170.0182,-1.0,0.0,False
969,170.0394,,0.0,False
970,170.042,-1.0,0.0,False
971,170.0544,,90.0,False
972,170.0655,,0.0,False
973,170.0676,-1.0,90.0,True
974,170.0766,-1.0,0.0,False
975,170.1372,817.78,0.0,False
976,170.1452,-1.0,0.0,False
977,170.152,-1.0,19.0,False
978,170.1553,,19.0,True
979,170.1653,-1.0,0.0,True
980,170.1702,,90.0,False
981,170.1815,,0.0,False
982,170.1873,-1.0,0.0,False
983,170.1877,,0.0,False
984,170.1883,,0.0,False
985,170.212,-1.0,0.0,False
986,170.22,902.84,90.0,False
987,170.2317,904.81,90.0,False
988,170.2571,905.64,0.0,False
989,170.2948,902.04,0.0,False
990,170.2966,,0.0,False
991,170.3146,-1.0,38.0,True
992,170.3176,-1.0,0.0,False
993,170.3583,,0.0,False
994,170.3805,1034.13,0.0,False
995,170.3933,888.76,95.0,False
996,170.4083,-1.0,0.0,False
997,170.4383,,0.0,False
998,170.4764,-1.0,90.0,False
999,170.4775,1002.14,38.0,False
1000,170.4956,-1.0,0.0,True
1001,170.5014,-1.0,12.6667,False
1002,170.5169,,90.0,True
1003,170.5291,-1.0,0.0,False
1004,170.5466,789.68,0.0,False
1005,170.5574,,0.0,False
1006,170.627,,0.0,False
1007,170.6892,954.4,0.0,False
1008,170.6983,,90.0,False
1009,170.7018,924.29,0.0,True
1010,170.7024,-1.0,0.0,True
1011,170.7094,,0.0,True
1012,170.715,,0.0,False
1013,170.7159,-1.0,90.0,True
1014,170.7178,,0.0,False
1015,170.7193,,90.0,False
1016,170.7197,-1.0,0.0,False
1017,170.7278,,0.0,True
1018,170.7527,,0.0,False
1019,170.7589,-1.0,0.0,False
1020,170.7739,,90.0,False
1021,170.7843,,0.0,False
1022,170.7849,-1.0,0.0,True
1023,170.7866,,0.0,False
1024,170.7911,-1.0,90.0,False
1025,170.7937,,90.0,False
1026,170.8038,,0.0,False
1027,170.806,-1.0,0.0,False
1028,170.8208,809.07,0.0,False
1029,170.8274,,0.0,False
1030,170.8312,963.86,0.0,False
1031,170.8542,,0.0,False
1032,170.8768,,0.0,False
1033,170.8848,815.81,0.0,False
1034,170.8918,,0.0,False
1035,170.9035,1122.65,0.0,False
1036,170.9057,-1.0,0.0,False
1037,170.9117,865.61,0.0,True
1038,170.9182,-1.0,90.0,False
1039,170.9356,,0.0,False
1040,170.9468,,0.0,True
1041,170.9546,-1.0,0.0,False
1042,170.9553,830.32,0.0,False
1043,170.9613,-1.0,0.0,True
1044,170.9707,,0.0,False
1045,170.9771,-1.0,0.0,False
1046,171.0111,-1.0,90.0,False
1047,171.0253,945.35,0.0,False
1048,171.0435,,0.0,False
1049,171.0512,1036.73,0.0,False
1050,171.0596,,0.0,False
1051,171.0725,-1.0,90.0,False
1052,171.0731,,0.0,False
1053,171.0891,,0.0,True
1054,171.0988,,0.0,False
1055,171.1019,-1.0,0.0,False
1056,171.1165,,0.0,False
1057,171.118,1046.03,0.0,False
1058,171.1231,,0.0,False
1059,171.14,826.88,0.0,False
1060,171.1481,,0.0,True
1061,171.1578,-1.0,0.0,False
1062,171.1726,,0.0,True
1063,171.1951,,0.0,False
1064,171.2333,,0.0,True
1065,171.2395,867.17,90.0,False
1066,171.2554,775.18,90.0,True
1067,171.2974,,0.0,True
1068,171.2998,-1.0,0.0,False
1069,171.317,,0.0,False
1070,171.318,,0.0,False
1071,171.3228,944.9,90.0,False
1072,171.3376,,90.0,False
1073,171.3385,993.84,0.0,False
1074,171.3957,,0.0,True
1075,171.4191,,0.0,False
1076,171.4326,,90.0,False
1077,171.4856,,0.0,False
1078,171.513,-1.0,0.0,False
1079,171.5225,905.35,0.0,True
1080,171.528,882.1,0.0,False
1081,171.5345,-1.0,0.0,False
1082,171.5397,,0.0,False
1083,171.5446,1021.36,0.0,False
1084,171.5845,,90.0,True
1085,171.6069,-1.0,0.0,False
1086,171.6081,,0.0,False
1087,171.6126,-1.0,0.0,True
1088,171.626,,0.0,False
1089,171.6401,919.52,90.0,False
1090,171.6403,-1.0,0.0,False
1091,171.6505,,90.0,True
1092,171.6589,,0.0,True
1093,171.6826,986.43,0.0,False
1094,171.7019,,0.0,True
1095,171.7234,-1.0,0.0,False
1096,171.7312,,0.0,True
1097,171.7354,-1.0,0.0,False
1098,171.7407,-1.0,0.0,False
1099,171.7803,-1.0,0.0,False
1100,171.7929,-1.0,0.0,False
1101,171.7957,981.5,0.0,False
1102,171.8007,917.46,90.0,False
1103,171.8009,,0.0,False
1104,171.812,765.35,0.0,False
1105,171.8416,,0.0,True
1106,171.8753,929.78,90.0,True
1107,171.8814,-1.0,0.0,True
1108,171.8918,,90.0,False
1109,171.9001,-1.0,0.0,False
1110,171.9048,948.98,0.0,False
1111,171.9105,872.16,90.0,False
1112,171.9407,1080.92,90.0,False
1113,171.9427,,0.0,False
1114,171.9473,-1.0,0.0,True
1115,171.9477,1014.37,0.0,True
1116,171.9491,950.64,0.0,False
1117,171.9537,,90.0,False
1118,171.9628,937.47,90.0,False
1119,171.9728,,0.0,True
1120,171.9857,,0.0,False
1121,171.9941,,0.0,False
1122,171.9987,,90.0,True
1123,172.0099,-1.0,0.0,False
1124,172.0426,,90.0,False
1125,172.0451,,0.0,False
1126,172.0539,,0.0,False
1127,172.0723,-1.0,0.0,False
1128,172.0723,-1.0,90.0,False
1129,172.0802,-1.0,0.0,False
1130,172.1222,,0.0,True
1131,172.1298,,90.0,True
1132,172.1337,,90.0,False
1133,172.1541,-1.0,0.0,True
1134,172.1635,,0.0,False
1135,172.1678,-1.0,0.0,False
1136,172.1881,-1.0,90.0,False
1137,172.1893,-1.0,0.0,True
1138,172.1937,942.42,0.0,False
1139,172.1998,,0.0,False
1140,172.2099,-1.0,0.0,True
1141,172.215,921.04,0.0,False
1142,172.2171,,0.0,False
1143,172.2222,935.05,0.0,False
1144,172.2243,,0.0,False
1145,172.2345,879.22,0.0,False
1146,172.2399,-1.0,0.0,False
1147,172.243,904.71,0.0,False
1148,172.2494,-1.0,90.0,False
1149,172.2604,,0.0,False
1150,172.2738,,0.0,False
1151,172.2823,,0.0,False
1152,172.2899,,0.0,False
1153,172.291,,90.0,False
1154,172.2983,,0.0,False
1155,172.3063,,90.0,True
1156,172.3499,,0.0,True
1157,172.3523,799.21,0.0,False
1158,172.3528,1000.12,0.0,True
1159,172.3672,-1.0,0.0,False
1160,172.3747,-1.0,85.0,False
1161,172.388,,0.0,False
1162,172.4006,,0.0,False
1163,172.4235,1024.86,90.0,False
1164,172.428,1025.17,0.0,False
1165,172.443,-1.0,0.0,False
1166,172.4706,881.32,0.0,True
1167,172.4774,930.31,90.0,False
1168,172.4856,857.86,0.0,False
1169,172.4895,-1.0,90.0,False
1170,172.5023,,90.0,False
1171,172.5074,,0.0,False
1172,172.5492,,0.0,False
1173,172.5493,1036.43,0.0,False
1174,172.6019,-1.0,0.0,False
1175,172.6209,,0.0,False
1176,172.6428,-1.0,0.0,False
1177,172.6526,,0.0,False
1178,172.6573,-1.0,0.0,True
1179,172.6878,-1.0,0.0,False
1180,172.6911,-1.0,0.0,False
1181,172.7128,972.97,90.0,True
1182,172.7369,-1.0,0.0,False
1183,172.7388,,90.0,True
1184,172.7406,-1.0,0.0,True
1185,172.7425,-1.0,90.0,False
1186,172.7605,-1.0,0.0,False
1187,172.7879,,12.6667,False
1188,172.7953,-1.0,0.0,False
1189,172.814,-1.0,0.0,False
1190,172.816,-1.0,90.0,False
1191,172.8173,1027.99,0.0,False
1192,172.8395,,0.0,True
1193,172.8484,,90.0,False
1194,172.8667,-1.0,0.0,True
1195,172.8704,,90.0,True
1196,172.8747,1056.06,0.0,False
1197,172.8859,-1.0,90.0,False
1198,172.8948,-1.0,90.0,True
1199,172.897,-1.0,0.0,False
1200,172.8998,959.17,0.0,False
1201,172.9314,-1.0,0.0,False
1202,172.9366,815.63,0.0,False
1203,172.9891,-1.0,0.0,False
1204,172.9958,862.78,0.0,False
1205,172.9967,-1.0,0.0,False
1206,172.9982,,0.0,False
1207,173.0168,901.05,0.0,False
1208,173.0215,-1.0,0.0,False
1209,173.0235,-1.0,95.0,True
1210,173.0283,936.79,0.0,False
1211,173.0617,882.06,0.0,False
1212,173.1133,946.69,0.0,False
1213,173.1404,-1.0,0.0,False
1214,173.1685,959.84,0.0,False
1215,173.1777,-1.0,0.0,False
1216,173.186,,0.0,True
1217,173.2327,-1.0,90.0,False
1218,173.2473,1004.01,0.0,False
1219,173.2703,874.9,0.0,False
1220,173.2743,-1.0,0.0,False
1221,173.2855,-1.0,90.0,False
1222,173.3079,,0.0,False
1223,173.3118,-1.0,0.0,True
1224,173.314,866.94,90.0,False
1225,173.3169,,0.0,False
1226,173.3266,-1.0,0.0,False
1227,173.3292,-1.0,90.0,True
1228,173.3361,,0.0,False
1229,173.3383,-1.0,0.0,False
1230,173.3503,,0.0,False
1231,173.3563,963.04,0.0,False
1232,173.3908,,0.0,False
1233,173.3921,-1.0,0.0,False
1234,173.3958,-1.0,0.0,False
1235,173.3972,-1.0,0.0,False
1236,173.4038,-1.0,0.0,True
1237,173.4086,,0.0,False
1238,173.4442,911.17,0.0,False
1239,173.4555,835.33,90.0,True
1240,173.464,914.15,0.0,True
1241,173.4782,,95.0,False
1242,173.4794,-1.0,0.0,False
1243,173.4898,-1.0,0.0,True
1244,173.4932,-1.0,0.0,True
1245,173.4942,,0.0,True
1246,173.5054,994.26,90.0,False
1247,173.5063,912.24,0.0,False
1248,173.5121,-1.0,90.0,True
1249,173.5225,,90.0,False
1250,173.5247,-1.0,38.0,False
1251,173.5305,-1.0,0.0,True
1252,173.5442,-1.0,0.0,False
1253,173.5449,,0.0,False
1254,173.5494,851.64,0.0,False
1255,173.5548,,90.0,False
1256,173.5664,-1.0,90.0,False
1257,173.5702,902.15,0.0,False
1258,173.5732,-1.0,50.6667,False
1259,173.5762,-1.0,0.0,False
1260,173.5882,,0.0,True
1261,173.6054,1115.93,0.0,False
1262,173.615,-1.0,0.0,False
1263,173.6168,965.42,0.0,False
1264,173.6243,-1.0,0.0,False
1265,173.6311,,12.6667,False
1266,173.6513,-1.0,90.0,False
1267,173.6535,-1.0,0.0,False
1268,173.6543,912.83,0.0,True
1269,173.6726,-1.0,90.0,False
1270,173.6815,-1.0,0.0,False
1271,173.6992,-1.0,0.0,True
1272,173.7083,-1.0,95.0,True
1273,173.7083,-1.0,0.0,False
1274,173.7088,874.92,0.0,True
1275,173.7132,-1.0,0.0,False
1276,173.7155,,90.0,False
1277,173.7307,,90.0,False
1278,173.7311,,0.0,False
1279,173.7423,895.64,90.0,True
1280,173.7486,-1.0,0.0,False
1281,173.7544,862.03,0.0,True
1282,173.796,941.63,0.0,False
1283,173.7966,,12.6667,False
1284,173.8364,-1.0,0.0,False
1285,173.8416,-1.0,90.0,False
1286,173.8633,,0.0,False
1287,173.867,810.39,0.0,True
1288,173.8702,,90.0,False
1289,173.899,,0.0,False
1290,173.9086,,90.0,False
1291,173.9202,,0.0,False
1292,173.9581,872.21,0.0,False
1293,173.9671,-1.0,0.0,False
1294,173.9753,,0.0,False
1295,173.9882,-1.0,0.0,False
1296,174.0032,874.47,0.0,False
1297,174.0303,,0.0,True
1298,174.0516,980.82,0.0,False
1299,174.0559,-1.0,0.0,False
1300,174.0629,-1.0,0.0,False
1301,174.0726,,0.0,True
1302,174.1004,-1.0,0.0,True
1303,174.1116,,0.0,False
1304,174.1168,-1.0,90.0,False
1305,174.1228,,90.0,False
1306,174.1263,,0.0,False
1307,174.1266,1075.04,0.0,False
1308,174.1415,873.99,0.0,True
1309,174.1466,,0.0,False
1310,174.1517,-1.0,0.0,True
1311,174.1564,969.0,0.0,True
1312,174.1623,,90.0,False
1313,174.1661,,0.0,False
1314,174.1665,942.12,0.0,True
1315,174.1684,-1.0,0.0,True
1316,174.1726,934.76,0.0,True
1317,174.2014,-1.0,0.0,True
1318,174.2096,858.19,0.0,False
1319,174.2179,-1.0,0.0,False
1320,174.2345,1030.31,0.0,False
1321,174.2433,,0.0,False
1322,174.2458,-1.0,0.0,False
1323,174.2465,,90.0,False
1324,174.2842,-1.0,0.0,False
1325,174.2882,,0.0,False
1326,174.3066,,0.0,False
1327,174.3263,,0.0,False
1328,174.3497,,0.0,False
1329,174.3533,-1.0,0.0,True
1330,174.3545,,0.0,False
1331,174.3613,-1.0,90.0,False
1332,174.3661,-1.0,90.0,False
1333,174.3825,-1.0,90.0,False
1334,174.394,,0.0,False
1335,174.4094,-1.0,90.0,False
1336,174.4367,797.13,0.0,False
1337,174.439,,0.0,False
1338,174.4396,906.33,0.0,False
1339,174.4798,987.42,0.0,False
1340,174.4829,,0.0,False
1341,174.5033,,0.0,False
1342,174.5151,889.64,0.0,False
1343,174.537,,0.0,False
1344,174.5726,-1.0,0.0,False
1345,174.6121,-1.0,38.0,False
1346,174.6203,866.96,0.0,True
1347,174.6269,-1.0,90.0,False
1348,174.6297,,0.0,False
1349,174.636,,90.0,True
1350,174.6479,859.99,90.0,False
1351,174.6494,-1.0,0.0,False
1352,174.6544,868.73,0.0,False
1353,174.6546,-1.0,0.0,True
1354,174.6563,903.28,0.0,False
1355,174.6673,-1.0,90.0,False
1356,174.6679,-1.0,0.0,True
1357,174.6727,-1.0,0.0,False
1358,174.6864,,0.0,False
1359,174.6982,-1.0,0.0,False
1360,174.7039,,90.0,True
1361,174.7102,-1.0,0.0,False
1362,174.729,,0.0,False
1363,174.7369,-1.0,0.0,False
1364,174.7426,,0.0,False
1365,174.7453,-1.0,0.0,False
1366,174.7551,,0.0,False
1367,174.7634,914.28,0.0,False
1368,174.7662,,90.0,False
1369,174.7674,,0.0,True
1370,174.7727,,0.0,False
1371,174.7756,,0.0,False
1372,174.7863,,90.0,False
1373,174.7976,,0.0,True
1374,174.8065,,0.0,False
1375,174.8082,955.78,0.0,False
1376,174.8181,965.83,0.0,False
1377,174.8285,,0.0,False
1378,174.8374,,90.0,False
1379,174.8476,-1.0,90.0,True
1380,174.8641,-1.0,0.0,False
1381,174.8711,991.63,95.0,False
1382,174.8762,,12.6667,False
1383,174.8802,,0.0,False
1384,174.8882,-1.0,0.0,True
1385,174.8894,943.02,0.0,False
1386,174.9152,,0.0,False
1387,174.9464,,0.0,False
1388,174.9636,-1.0,90.0,False
1389,174.9646,918.46,0.0,False
1390,174.9751,,90.0,False
1391,174.987,935.49,90.0,False
1392,174.9902,,0.0,False
1393,175.006,-1.0,0.0,False
1394,175.0178,958.57,0.0,False
1395,175.018,885.13,90.0,False
1396,175.0312,,90.0,False
1397,175.033,,12.6667,True
1398,175.0343,884.11,0.0,False
1399,175.059,-1.0,0.0,True
1400,175.0689,,0.0,False
1401,175.0768,,0.0,False
1402,175.0784,-1.0,0.0,False
1403,175.0846,,0.0,False
1404,175.105,1049.86,0.0,False
1405,175.109,,90.0,False
1406,175.1095,755.34,0.0,False
1407,175.1554,,90.0,False
1408,175.1618,857.27,90.0,False
1409,175.1755,-1.0,0.0,False
1410,175.1818,-1.0,0.0,False
1411,175.2321,,0.0,False
1412,175.2438,860.31,12.6667,False
1413,175.2482,834.93,0.0,True
1414,175.2543,,0.0,False
1415,175.2548,,90.0,False
1416,175.2591,-1.0,0.0,True
1417,175.3251,-1.0,90.0,False
1418,175.3329,,0.0,False
1419,175.3364,-1.0,0.0,False
1420,175.3435,,0.0,False
1421,175.3453,,0.0,False
1422,175.3516,-1.0,0.0,False
1423,175.3532,,0.0,False
1424,175.3804,1003.51,0.0,False
1425,175.3931,,0.0,False
1426,175.3939,,90.0,False
1427,175.3977,-1.0,90.0,False
1428,175.4088,-1.0,0.0,False
1429,175.41,,90.0,True
1430,175.4301,-1.0,90.0,False
1431,175.4344,-1.0,90.0,False
1432,175.4401,,0.0,False
1433,175.4584,-1.0,0.0,False
1434,175.4896,,0.0,False
1435,175.4904,1001.85,0.0,False
1436,175.4945,,0.0,False
1437,175.5139,,0.0,False
1438,175.5231,892.12,0.0,False
1439,175.6318,-1.0,0.0,False
1440,175.6569,,90.0,False
1441,175.6657,974.61,90.0,False
1442,175.6937,-1.0,0.0,False
1443,175.7336,,90.0,False
1444,175.7793,,0.0,False
1445,175.7804,927.0,90.0,True
1446,175.7827,959.05,0.0,False
1447,175.8114,-1.0,0.0,False
1448,175.8462,,0.0,False
1449,175.8463,-1.0,0.0,False
1450,175.861,-1.0,0.0,False
1451,175.8844,-1.0,90.0,False
1452,175.911,946.57,90.0,True
1453,175.9117,-1.0,0.0,False
1454,175.9117,-1.0,0.0,False
1455,175.9227,-1.0,0.0,False
1456,175.9236,-1.0,0.0,False
1457,175.9272,893.44,0.0,False
1458,175.9486,,90.0,False
1459,175.9738,-1.0,0.0,False
1460,175.9949,-1.0,0.0,False
1461,176.0032,-1.0,0.0,False
1462,176.005,,90.0,True
1463,176.0139,904.52,90.0,False
1464,176.0446,-1.0,0.0,False
1465,176.0462,,90.0,False
1466,176.0928,957.96,0.0,False
1467,176.1081,-1.0,90.0,False
1468,176.1127,-1.0,0.0,False
1469,176.1317,-1.0,0.0,False
1470,176.153,,0.0,False
1471,176.1799,-1.0,0.0,False
1472,176.1855,,90.0,False
1473,176.2156,-1.0,0.0,False
1474,176.226,861.0,90.0,False
1475,176.2313,-1.0,0.0,False
1476,176.2463,-1.0,0.0,True
1477,176.255,,0.0,False
1478,176.2689,,0.0,False
1479,176.2834,,0.0,False
1480,176.2986,868.72,90.0,True
1481,176.3027,-1.0,0.0,False
1482,176.3183,953.86,0.0,True
1483,176.3314,977.62,0.0,False
1484,176.3349,-1.0,90.0,False
1485,176.3383,,90.0,False
1486,176.3833,,0.0,False
1487,176.4254,,90.0,False
1488,176.4662,861.86,0.0,False
1489,176.4883,,0.0,False
1490,176.5102,868.41,0.0,False
1491,176.5249,819.55,0.0,False
1492,176.5482,,90.0,True
1493,176.5574,-1.0,0.0,True
1494,176.5788,,0.0,False
1495,176.601,-1.0,0.0,False
1496,176.6069,-1.0,12.6667,False
1497,176.6128,,0.0,False
1498,176.6353,-1.0,0.0,False
1499,176.6487,,90.0,True
1500,176.6766,-1.0,0.0,False
1501,176.6882,-1.0,0.0,False
1502,176.7052,,0.0,True
1503,176.708,905.44,0.0,True
1504,176.7549,,90.0,False
1505,176.7554,,0.0,True
1506,176.7749,878.81,90.0,False
1507,176.7888,905.22,0.0,False
1508,176.7982,,0.0,False
1509,176.8268,-1.0,90.0,False
1510,176.8341,,90.0,False
1511,176.8525,907.03,90.0,False
1512,176.856,,90.0,False
1513,176.8604,,0.0,False
1514,176.8875,991.39,90.0,False
1515,176.9045,-1.0,90.0,True
1516,176.9489,-1.0,0.0,False
1517,176.9503,,0.0,False
1518,177.0381,,0.0,False
1519,177.0414,,90.0,False
1520,177.0639,-1.0,0.0,False
1521,177.1188,,0.0,False
1522,177.1208,,0.0,False
1523,177.128,,0.0,False
1524,177.1522,,0.0,False
1525,177.1601,,0.0,False
1526,177.1691,,12.6667,False
1527,177.177,-1.0,90.0,False
1528,177.2397,,0.0,True
1529,177.2515,,0.0,True
1530,177.2543,,0.0,False
1531,177.2565,-1.0,90.0,False
1532,177.335,,0.0,False
1533,177.3375,-1.0,0.0,False
1534,177.3634,,0.0,False
1535,177.3643,925.53,0.0,False
1536,177.3893,,90.0,True
1537,177.3908,,0.0,True
1538,177.4003,1001.14,50.6667,False
1539,177.4152,,0.0,False
1540,177.4664,-1.0,0.0,False
1541,177.4826,,0.0,False
1542,177.4943,991.84,0.0,False
1543,177.5254,,0.0,False
1544,177.5519,-1.0,90.0,True
1545,177.5848,923.86,90.0,False
1546,177.6096,935.05,90.0,False
1547,177.6255,-1.0,0.0,False
1548,177.629,1019.89,0.0,False
1549,177.6319,947.75,0.0,False
1550,177.6443,-1.0,0.0,False
1551,177.6564,,0.0,True
1552,177.6622,,0.0,False
1553,177.6773,941.27,90.0,False
1554,177.6838,-1.0,0.0,False
1555,177.6878,847.04,90.0,False
1556,177.7052,,0.0,True
1557,177.7412,,12.6667,False
1558,177.7731,866.31,0.0,True
1559,177.783,-1.0,0.0,False
1560,177.8298,-1.0,90.0,False
1561,177.8322,1063.47,90.0,False
1562,177.8442,966.93,90.0,False
1563,177.8537,-1.0,0.0,True
1564,177.9051,-1.0,0.0,False
1565,177.9287,,0.0,False
1566,178.0014,-1.0,90.0,False
1567,178.0443,-1.0,0.0,False
1568,178.0779,-1.0,0.0,False
1569,178.0794,-1.0,90.0,False
1570,178.1037,,0.0,False
1571,178.156,848.14,90.0,False
1572,178.1631,867.31,0.0,False
1573,178.168,,0.0,False
1574,178.2051,-1.0,90.0,False
1575,178.211,,90.0,False
1576,178.2185,-1.0,0.0,False
1577,178.2337,-1.0,90.0,False
1578,178.2517,,90.0,False
1579,178.2571,,0.0,False
1580,178.258,-1.0,0.0,False
1581,178.262,979.08,0.0,False
1582,178.2707,859.9,0.0,False
1583,178.2715,835.1,0.0,True
1584,178.2832,961.16,0.0,False
1585,178.2973,,0.0,False
1586,178.2986,-1.0,0.0,False
1587,178.3817,,90.0,False
1588,178.3853,,0.0,True
1589,178.394,943.74,0.0,True
1590,178.4335,,0.0,True
1591,178.4372,,0.0,False
1592,178.4382,-1.0,90.0,False
1593,178.4731,858.54,0.0,False
1594,178.4822,-1.0,0.0,False
1595,178.5289,-1.0,0.0,False
1596,178.5294,1060.41,90.0,True
1597,178.5446,888.88,0.0,False
1598,178.5746,908.0,0.0,True
1599,178.6506,,90.0,True
1600,178.658,,0.0,True
1601,178.6669,936.22,0.0,False
1602,178.6669,,90.0,False
1603,178.6697,,0.0,False
1604,178.67,-1.0,90.0,True
1605,178.7223,,25.3333,False
1606,178.7478,-1.0,0.0,False
1607,178.7817,,0.0,False
1608,178.7828,-1.0,0.0,False
1609,178.8226,,0.0,False
1610,178.8523,,0.0,False
1611,178.8859,,0.0,False
1612,178.9009,-1.0,90.0,False
1613,178.91,,90.0,False
1614,178.9136,-1.0,0.0,False
1615,178.9836,804.42,90.0,False
1616,179.0117,,90.0,True
1617,179.027,1004.98,0.0,True
1618,179.0604,937.84,0.0,False
1619,179.0979,-1.0,90.0,True
1620,179.1259,-1.0,0.0,False
1621,179.1637,-1.0,0.0,True
1622,179.1723,-1.0,0.0,False
1623,179.2057,-1.0,0.0,False
1624,179.2345,,0.0,False
1625,179.3236,,0.0,False
1626,179.3721,-1.0,90.0,True
1627,179.4073,,0.0,False
1628,179.4589,,90.0,False
1629,179.4759,-1.0,90.0,False
1630,179.4762,1056.34,90.0,False
1631,179.4838,,0.0,False
1632,179.5289,-1.0,0.0,False
1633,179.5493,918.09,0.0,False
1634,179.6554,-1.0,0.0,False
1635,179.6828,-1.0,90.0,False
1636,179.6945,,0.0,False
1637,179.7227,,0.0,False
1638,179.8159,,90.0,False
1639,179.8384,-1.0,90.0,False
1640,179.8486,,0.0,False
1641,180.1233,,0.0,False
1642,180.129,-1.0,0.0,True
1643,180.1325,,0.0,False
1644,180.1507,901.47,0.0,False
1645,180.1699,-1.0,0.0,False
1646,180.2181,-1.0,90.0,False
1647,180.2463,,0.0,False
1648,180.3106,,0.0,False
1649,180.3139,1015.37,90.0,False
1650,180.3266,860.98,0.0,False
1651,180.3677,-1.0,0.0,False
1652,180.3807,926.65,0.0,False
1653,180.4094,865.83,0.0,False
1654,180.4289,,0.0,True
1655,180.4373,799.86,0.0,False
1656,180.4929,,90.0,False
1657,180.5015,881.09,0.0,False
1658,180.536,1011.06,0.0,False
1659,180.6269,977.22,0.0,False
1660,180.6431,,0.0,True
1661,180.6588,-1.0,0.0,True
1662,180.6619,-1.0,90.0,False
1663,180.7036,-1.0,0.0,True
1664,180.8098,846.02,0.0,True
1665,180.8112,,0.0,True
1666,180.9052,,0.0,False
1667,180.9232,-1.0,90.0,False
1668,180.9347,-1.0,90.0,False
1669,181.0316,961.73,0.0,False
1670,181.1,925.12,0.0,False
1671,181.151,-1.0,90.0,False
1672,181.2021,-1.0,0.0,False
1673,181.2564,1003.45,90.0,False
1674,181.3781,-1.0,0.0,False
1675,181.3884,-1.0,90.0,False
1676,181.4608,,0.0,True
1677,181.5424,,0.0,True
1678,181.5746,,90.0,False
1679,181.5768,958.42,0.0,False
1680,181.641,-1.0,0.0,False
1681,181.6831,,0.0,False
1682,181.6975,,90.0,False
1683,181.7526,,0.0,False
1684,181.7811,,0.0,False
1685,181.8377,922.6,0.0,False
1686,181.9284,-1.0,0.0,False
1687,182.0178,,0.0,False
1688,182.077,,0.0,True
1689,182.1293,,0.0,False
1690,182.2553,958.93,0.0,True
1691,182.2778,799.37,85.0,True
1692,182.2917,,0.0,False
1693,182.3065,927.04,0.0,False
1694,182.3767,963.91,0.0,False
1695,182.4065,,90.0,True
1696,182.462,,0.0,False
1697,182.5081,-1.0,90.0,False
1698,182.6441,,0.0,False
1699,182.7232,-1.0,90.0,True
1700,182.8335,,0.0,False
1701,182.8565,,0.0,False
1702,182.8756,,0.0,False
1703,182.9066,,0.0,False
1704,182.923,,0.0,False
1705,182.9282,,0.0,False
1706,183.0306,,0.0,False
1707,183.0346,,90.0,False
1708,183.0567,938.75,0.0,True
1709,183.0817,,90.0,False
1710,183.2181,,0.0,False
1711,183.3194,-1.0,0.0,False
1712,183.3338,833.36,90.0,True
1713,183.3384,-1.0,0.0,False
1714,183.3469,,90.0,False
1715,183.3817,-1.0,90.0,True
1716,183.4679,907.25,0.0,False
1717,183.4851,837.53,0.0,False
1718,183.5052,-1.0,0.0,False
1719,183.5622,-1.0,90.0,False
1720,183.6421,855.46,0.0,False
1721,183.6549,872.5,0.0,True
1722,183.7507,948.36,90.0,True
1723,183.8813,-1.0,90.0,False
1724,183.9763,-1.0,0.0,False
1725,184.0332,,0.0,True
1726,184.0488,823.49,0.0,False
1727,184.2144,,0.0,True
1728,184.2252,,0.0,False
1729,184.2498,-1.0,90.0,True
1730,184.2527,-1.0,0.0,False
1731,184.2894,848.22,0.0,True
1732,184.3387,923.45,0.0,True
1733,184.3732,-1.0,0.0,False
1734,184.4018,-1.0,90.0,False
1735,184.426,,90.0,False
1736,184.4627,-1.0,90.0,True
1737,184.5251,,0.0,False
1738,184.5789,,0.0,False
1739,184.5979,,90.0,False
1740,184.6017,,38.0,False
1741,184.6453,,0.0,False
1742,184.7826,912.72,0.0,True
1743,184.8042,,0.0,False
1744,184.8643,-1.0,90.0,True
1745,184.9178,,0.0,False
1746,184.933,,0.0,True
1747,184.9342,992.47,0.0,False
1748,184.9767,1026.01,0.0,True
1749,185.0659,-1.0,0.0,False
1750,185.0661,-1.0,0.0,False
1751,185.1206,,0.0,True
1752,185.1766,,0.0,False
1753,185.221,-1.0,0.0,False
1754,185.2417,,0.0,False
1755,185.2704,-1.0,90.0,False
1756,185.2954,863.58,0.0,False
1757,185.3204,-1.0,0.0,False
1758,185.3239,,90.0,False
1759,185.3241,856.35,0.0,False
1760,185.3444,-1.0,0.0,False
1761,185.3564,,0.0,False
1762,185.4136,-1.0,0.0,False
1763,185.4234,1021.66,0.0,False
1764,185.4322,-1.0,0.0,False
1765,185.5393,994.63,0.0,True
1766,185.6119,-1.0,0.0,False
1767,185.6399,-1.0,0.0,False
1768,185.6407,-1.0,0.0,False
1769,185.698,,0.0,True
1770,185.7321,-1.0,90.0,False
1771,185.7506,-1.0,0.0,True
1772,185.7852,,0.0,False
1773,185.8562,-1.0,90.0,False
1774,185.8877,-1.0,90.0,True
1775,185.8917,-1.0,12.6667,False
1776,185.9037,905.55,0.0,False
1777,185.9112,-1.0,0.0,False
1778,185.9151,,90.0,True
1779,185.9399,885.78,0.0,False
1780,185.9431,-1.0,0.0,True
1781,185.9652,,90.0,False
1782,185.9969,818.18,0.0,False
1783,186.0015,785.96,90.0,False
1784,186.0257,868.81,0.0,False
1785,186.0372,969.82,0.0,False
1786,186.0761,,0.0,False
1787,186.0849,797.53,0.0,False
1788,186.091,,0.0,False
1789,186.1088,,0.0,False
1790,186.138,999.63,0.0,False
1791,186.1404,-1.0,90.0,False
1792,186.1909,-1.0,0.0,False
1793,186.2842,-1.0,90.0,False
1794,186.3324,,90.0,False
1795,186.3348,,0.0,False
1796,186.3477,-1.0,19.0,False
1797,186.3508,-1.0,0.0,False
1798,186.4018,-1.0,0.0,False
1799,186.4166,-1.0,0.0,False
1800,186.4172,-1.0,0.0,False
1801,186.5072,-1.0,90.0,True
1802,186.509,,0.0,False
1803,186.521,,0.0,False
1804,186.5459,,0.0,False
1805,186.5578,-1.0,0.0,False
1806,186.5771,924.32,0.0,False
1807,186.5883,,90.0,False
1808,186.5938,926.89,85.0,True
1809,186.6681,,0.0,True
1810,186.6753,915.9,0.0,False
1811,186.7147,1033.31,0.0,False
1812,186.7593,929.6,0.0,False
1813,186.7739,930.87,0.0,False
1814,186.7814,933.66,0.0,False
1815,186.7941,-1.0,0.0,True
1816,186.8376,,90.0,False
1817,186.841,852.64,90.0,False
1818,186.8551,-1.0,0.0,False
1819,186.8704,-1.0,90.0,False
1820,186.8804,-1.0,0.0,False
1821,186.8818,809.18,0.0,False
1822,186.8847,-1.0,90.0,False
1823,186.8952,-1.0,0.0,True
1824,186.9306,-1.0,90.0,False
1825,186.9647,,0.0,True
1826,187.0215,1091.42,90.0,False
1827,187.029,858.15,90.0,False
1828,187.0685,860.45,0.0,False
1829,187.0858,847.87,90.0,False
1830,187.0958,-1.0,90.0,True
1831,187.1322,-1.0,0.0,False
1832,187.1388,-1.0,0.0,True
1833,187.1506,922.45,0.0,False
1834,187.172,,90.0,True
1835,187.1763,-1.0,90.0,False
1836,187.2044,885.63,0.0,False
1837,187.2249,,0.0,False
1838,187.2548,-1.0,0.0,False
1839,187.297,-1.0,90.0,False
1840,187.3068,-1.0,0.0,False
1841,187.31,-1.0,0.0,False
1842,187.3218,-1.0,0.0,False
1843,187.3257,,90.0,False
1844,187.3484,-1.0,0.0,False
1845,187.3594,,90.0,False
1846,187.3851,-1.0,0.0,False
1847,187.3869,,0.0,False
1848,187.417,,0.0,False
1849,187.4241,,90.0,False
1850,187.4305,,0.0,True
1851,187.4368,,90.0,False
1852,187.4487,,0.0,False
1853,187.4542,,0.0,False
1854,187.4632,870.85,0.0,False
1855,187.4719,-1.0,0.0,True
1856,187.4741,,0.0,False
1857,187.4985,-1.0,0.0,False
1858,187.4992,,0.0,True
1859,187.5211,,90.0,False
1860,187.5406,948.91,0.0,False
1861,187.5552,866.15,0.0,False
1862,187.5565,,90.0,True
1863,187.5639,,0.0,False
1864,187.5901,,90.0,False
1865,187.6081,,0.0,False
1866,187.6098,-1.0,0.0,False
1867,187.6245,973.1,90.0,False
1868,187.6273,890.58,90.0,False
1869,187.628,933.86,0.0,False
1870,187.6479,,12.6667,False
1871,187.6627,-1.0,90.0,False
1872,187.6777,896.07,0.0,True
1873,187.6878,884.07,0.0,False
1874,187.6973,-1.0,0.0,False
1875,187.7163,893.74,0.0,False
1876,187.7821,-1.0,0.0,False
1877,187.8203,,90.0,False
1878,187.8254,883.66,90.0,False
1879,187.8368,827.8,0.0,False
1880,187.8402,,90.0,False
1881,187.8457,-1.0,90.0,False
1882,187.8645,,0.0,False
1883,187.8766,-1.0,0.0,False
1884,187.8849,-1.0,0.0,False
1885,187.8933,,90.0,True
1886,187.9021,-1.0,0.0,False
1887,187.9181,,0.0,False
1888,187.9649,,0.0,False
1889,187.9753,-1.0,90.0,False
1890,187.9761,891.24,0.0,False
1891,188.028,1013.5,0.0,False
1892,188.0311,-1.0,0.0,True
1893,188.0618,-1.0,0.0,False
1894,188.0672,,90.0,False
1895,188.068,,0.0,False
1896,188.0715,-1.0,0.0,False
1897,188.0863,972.4,90.0,False
1898,188.0916,867.74,95.0,False
1899,188.173,768.84,90.0,False
1900,188.2409,-1.0,0.0,False
1901,188.2492,873.49,90.0,False
1902,188.2531,873.66,0.0,False
1903,188.2546,-1.0,0.0,True
1904,188.2576,-1.0,90.0,False
1905,188.2576,,0.0,False
1906,188.283,-1.0,0.0,True
1907,188.286,1028.11,0.0,False
1908,188.294,891.7,0.0,False
1909,188.3392,,90.0,False
1910,188.3393,813.07,12.6667,True
1911,188.3397,-1.0,90.0,False
1912,188.3432,,0.0,False
1913,188.351,,0.0,True
1914,188.3777,831.18,0.0,False
1915,188.3871,-1.0,90.0,False
1916,188.3999,-1.0,0.0,True
1917,188.4236,870.73,0.0,False
1918,188.4483,-1.0,0.0,False
1919,188.4553,-1.0,0.0,False
1920,188.4608,,0.0,False
1921,188.4741,,0.0,False
1922,188.5077,945.07,0.0,False
1923,188.5086,,90.0,False
1924,188.5104,-1.0,90.0,True
1925,188.5249,-1.0,90.0,True
1926,188.5294,924.73,90.0,False
1927,188.5359,920.06,0.0,False
1928,188.5521,863.66,0.0,False
1929,188.5681,-1.0,0.0,False
1930,188.5777,-1.0,0.0,True
1931,188.582,,0.0,False
1932,188.5932,,0.0,False
1933,188.6058,-1.0,0.0,False
1934,188.612,-1.0,90.0,False
1935,188.6438,,0.0,False
1936,188.6634,926.14,0.0,False
1937,188.6651,-1.0,0.0,False
1938,188.6715,985.7,0.0,False
1939,188.6756,-1.0,90.0,False
1940,188.694,,0.0,False
1941,188.6995,-1.0,0.0,True
1942,188.7094,902.81,90.0,False
1943,188.7203,-1.0,0.0,False
1944,188.7235,-1.0,0.0,False
1945,188.7303,-1.0,90.0,False
1946,188.7613,932.53,90.0,False
1947,188.7659,-1.0,0.0,False
1948,188.7997,773.28,0.0,True
1949,188.8126,,0.0,False
1950,188.8206,,0.0,False
1951,188.8361,1035.62,90.0,False
1952,188.8632,,0.0,False
1953,188.8838,934.63,0.0,False
1954,188.9052,-1.0,0.0,True
1955,188.9065,,0.0,False
1956,188.9259,959.68,0.0,False
1957,188.9383,857.93,0.0,False
1958,188.9521,,0.0,False
1959,188.977,-1.0,0.0,False
1960,189.0101,-1.0,0.0,True
1961,189.0347,914.93,90.0,False
1962,189.0356,1027.06,0.0,True
1963,189.0375,,90.0,False
1964,189.0728,-1.0,0.0,False
1965,189.0851,874.9,0.0,False
1966,189.1135,,0.0,False
1967,189.1231,,0.0,False
1968,189.1574,-1.0,0.0,False
1969,189.1894,,90.0,False
1970,189.1895,-1.0,90.0,False
1971,189.2145,973.51,0.0,True
1972,189.2192,,90.0,False
1973,189.244,-1.0,0.0,False
1974,189.25,,90.0,True
1975,189.2644,770.64,0.0,False
1976,189.2668,,0.0,False
1977,189.289,-1.0,90.0,False
1978,189.3072,,90.0,True
1979,189.3098,843.39,90.0,False
1980,189.311,-1.0,90.0,True
1981,189.3404,,0.0,False
1982,189.3481,,90.0,True
1983,189.3746,-1.0,0.0,False
1984,189.3856,,0.0,False
1985,189.435,840.88,90.0,False
1986,189.4435,,0.0,False
1987,189.4538,,0.0,False
1988,189.4555,967.39,0.0,False
1989,189.4574,845.28,0.0,False
1990,189.4728,802.37,0.0,False
1991,189.4911,,90.0,False
1992,189.5079,945.04,90.0,False
1993,189.5166,-1.0,0.0,False
1994,189.5295,-1.0,0.0,True
1995,189.5297,,0.0,False
1996,189.5414,888.34,0.0,False
1997,189.5427,-1.0,0.0,False
1998,189.5611,-1.0,90.0,False
1999,189.5661,,0.0,True
2000,189.5738,,90.0,True
2001,189.5819,-1.0,0.0,False
2002,189.5952,1140.99,0.0,False
2003,189.6223,,90.0,True
2004,189.6313,-1.0,90.0,False
2005,189.6361,937.35,95.0,False
2006,189.6381,-1.0,90.0,False
2007,189.6433,,90.0,False
2008,189.6587,-1.0,0.0,False
2009,189.678,,0.0,False
2010,189.6964,931.18,0.0,False
2011,189.6995,,90.0,True
2012,189.7352,-1.0,90.0,False
2013,189.7425,-1.0,90.0,True
2014,189.7595,-1.0,0.0,False
2015,189.7623,-1.0,0.0,False
2016,189.7656,-1.0,0.0,False
2017,189.848,,90.0,False
2018,189.8529,-1.0,0.0,False
2019,189.8599,902.42,0.0,False
2020,189.8684,-1.0,0.0,False
2021,189.8825,,90.0,False
2022,189.8997,-1.0,90.0,True
2023,189.9095,964.32,0.0,False
2024,189.9167,-1.0,0.0,True
2025,189.9611,,0.0,False
2026,189.9663,-1.0,90.0,True
2027,189.9692,-1.0,0.0,True
2028,189.9769,-1.0,0.0,False
2029,190.0137,-1.0,0.0,False
2030,190.017,972.32,0.0,False
2031,190.0177,902.62,0.0,False
2032,190.0257,,0.0,False
2033,190.0387,,90.0,False
2034,190.045,,0.0,False
2035,190.0824,-1.0,0.0,False
2036,190.11,,0.0,False
2037,190.1536,-1.0,0.0,False
2038,190.1633,-1.0,0.0,False
2039,190.1691,873.86,0.0,True
2040,190.1721,,0.0,False
2041,190.1936,-1.0,0.0,False
2042,190.206,,0.0,False
2043,190.2174,-1.0,90.0,True
2044,190.2268,952.01,0.0,True
2045,190.2317,-1.0,0.0,False
2046,190.2319,-1.0,0.0,False
2047,190.2364,,0.0,False
2048,190.2511,,95.0,False
2049,190.2969,-1.0,90.0,False
2050,190.3035,916.76,0.0,False
2051,190.3075,,0.0,False
2052,190.3146,,0.0,False
2053,190.3148,807.54,0.0,False
2054,190.3373,,0.0,True
2055,190.3459,945.78,0.0,False
2056,190.3576,,0.0,False
2057,190.3645,803.38,0.0,False
2058,190.3663,-1.0,0.0,False
2059,190.3845,,0.0,False
2060,190.3891,-1.0,0.0,False
2061,190.4046,819.2,0.0,False
2062,190.4521,,0.0,False
2063,190.4526,,90.0,False
2064,190.4673,-1.0,0.0,False
2065,190.4707,973.08,90.0,False
2066,190.4792,908.67,0.0,False
2067,190.4807,-1.0,90.0,False
2068,190.4841,-1.0,0.0,False
2069,190.5004,1062.1,90.0,False
2070,190.5004,-1.0,12.6667,False
2071,190.5098,-1.0,0.0,False
2072,190.5225,806.63,90.0,False
2073,190.5615,913.51,0.0,True
2074,190.599,,0.0,False
2075,190.6041,,0.0,False
2076,190.6056,818.78,0.0,True
2077,190.6081,-1.0,0.0,False
2078,190.6097,-1.0,0.0,False
2079,190.6358,-1.0,90.0,False
2080,190.6448,,90.0,False
2081,190.6485,,0.0,False
2082,190.6522,,0.0,False
2083,190.6669,,0.0,False
2084,190.6786,,0.0,False
2085,190.6824,819.89,0.0,True
2086,190.6869,-1.0,0.0,False
2087,190.6933,836.99,0.0,False
2088,190.6997,-1.0,0.0,True
2089,190.7025,841.59,0.0,False
2090,190.7087,985.13,0.0,False
2091,190.7144,-1.0,90.0,False
2092,190.7241,-1.0,90.0,True
2093,190.7308,,0.0,False
2094,190.7479,,0.0,False
2095,190.7495,-1.0,0.0,False
2096,190.7666,,0.0,False
2097,190.7856,848.74,38.0,False
2098,190.7859,-1.0,0.0,True
2099,190.7881,,0.0,False
2100,190.7941,-1.0,0.0,True
2101,190.7953,973.14,90.0,True
2102,190.8199,-1.0,0.0,False
2103,190.8307,,0.0,False
2104,190.8456,-1.0,90.0,False
2105,190.8482,935.94,90.0,True
2106,190.8535,931.54,0.0,False
2107,190.8595,-1.0,90.0,False
2108,190.8702,-1.0,90.0,False
2109,190.9026,,0.0,False
2110,190.9081,729.14,0.0,False
2111,190.9792,-1.0,90.0,False
2112,190.9795,939.58,0.0,True
2113,190.9916,933.3,0.0,False
2114,191.0538,992.19,0.0,False
2115,191.0556,834.32,0.0,False
2116,191.0622,934.83,0.0,False
2117,191.0673,1060.9,90.0,False
2118,191.0937,,0.0,False
2119,191.0991,,0.0,False
2120,191.1038,812.54,90.0,False
2121,191.1104,-1.0,0.0,False
2122,191.1445,,0.0,False
2123,191.1482,866.44,90.0,False
2124,191.1526,891.41,0.0,False
2125,191.1562,-1.0,90.0,False
2126,191.1722,,0.0,False
2127,191.1918,,0.0,True
2128,191.1996,,0.0,False
2129,191.2103,,0.0,False
2130,191.2107,-1.0,0.0,False
2131,191.2193,,0.0,False
2132,191.2463,-1.0,90.0,False
2133,191.247,,0.0,True
2134,191.2593,,0.0,False
2135,191.2759,-1.0,0.0,False
2136,191.2767,-1.0,90.0,False
2137,191.2889,821.92,90.0,True
2138,191.3182,-1.0,0.0,False
2139,191.3228,,0.0,False
2140,191.3346,-1.0,0.0,False
2141,191.3429,,0.0,True
2142,191.3571,,0.0,False
2143,191.363,-1.0,0.0,True
2144,191.3685,-1.0,0.0,True
2145,191.3764,793.73,0.0,False
2146,191.377,923.39,0.0,True
2147,191.3812,-1.0,0.0,False
2148,191.4154,-1.0,90.0,True
2149,191.438,,0.0,False
2150,191.4499,1064.87,0.0,False
2151,191.4536,,0.0,False
2152,191.4855,-1.0,90.0,False
2153,191.4975,,0.0,False
2154,191.5085,,0.0,False
2155,191.5117,-1.0,0.0,False
2156,191.5282,-1.0,0.0,False
2157,191.5491,,0.0,False
2158,191.5509,,0.0,False
2159,191.5622,,0.0,True
2160,191.5634,-1.0,0.0,True
2161,191.5833,-1.0,0.0,False
2162,191.6051,931.11,90.0,False
2163,191.61,806.83,90.0,False
2164,191.6103,869.65,0.0,False
2165,191.6175,,0.0,False
2166,191.6204,,0.0,True
2167,191.627,,0.0,False
2168,191.6361,913.43,0.0,False
2169,191.6399,-1.0,0.0,False
2170,191.6448,-1.0,0.0,False
2171,191.6591,935.05,90.0,False
2172,191.6624,,0.0,False
2173,191.672,,0.0,False
2174,191.6742,-1.0,0.0,False
2175,191.6809,841.68,0.0,False
2176,191.6912,-1.0,0.0,False
2177,191.6953,,0.0,True
2178,191.7296,,0.0,True
2179,191.7299,-1.0,90.0,True
2180,191.7324,,0.0,False
2181,191.7455,-1.0,0.0,True
2182,191.7464,-1.0,0.0,True
2183,191.7644,,90.0,True
2184,191.7809,927.56,0.0,False
2185,191.8032,1000.95,0.0,False
2186,191.8278,,90.0,False
2187,191.8323,783.45,0.0,False
2188,191.8655,-1.0,0.0,False
2189,191.8825,,90.0,False
2190,191.8918,-1.0,0.0,False
2191,191.9003,-1.0,0.0,True
2192,191.9037,-1.0,0.0,False
2193,191.9156,,90.0,False
2194,191.932,-1.0,90.0,False
2195,191.9326,-1.0,90.0,False
2196,191.9344,940.27,0.0,True
2197,192.0447,,0.0,False
2198,192.0463,921.56,90.0,False
2199,192.1111,-1.0,90.0,True
2200,192.1451,-1.0,0.0,False
2201,192.1492,948.36,0.0,False
2202,192.1515,-1.0,0.0,False
2203,192.1528,-1.0,90.0,False
2204,192.1537,-1.0,0.0,True
2205,192.1723,-1.0,0.0,False
2206,192.1797,889.78,0.0,False
2207,192.185,-1.0,0.0,False
2208,192.2101,,0.0,False
2209,192.2193,,38.0,False
2210,192.2414,-1.0,0.0,True
2211,192.252,-1.0,0.0,False
2212,192.2633,835.88,0.0,False
2213,192.2668,-1.0,0.0,False
2214,192.2968,-1.0,0.0,False
2215,192.2987,990.3,0.0,False
2216,192.3011,906.26,0.0,False
2217,192.3032,956.08,0.0,True
2218,192.3033,982.05,0.0,False
2219,192.3189,-1.0,0.0,False
2220,192.3283,-1.0,0.0,False
2221,192.3415,,0.0,False
2222,192.3569,,0.0,False
2223,192.3899,925.77,19.0,False
2224,192.3911,987.77,0.0,True
2225,192.4061,,0.0,False
2226,192.4196,,0.0,False
2227,192.4394,-1.0,0.0,False
2228,192.4693,879.41,0.0,False
2229,192.4772,,90.0,False
2230,192.5049,-1.0,90.0,False
2231,192.506,-1.0,0.0,False
2232,192.5266,,0.0,True
2233,192.5284,,90.0,False
2234,192.564,,0.0,False
2235,192.5693,-1.0,0.0,False
2236,192.5866,938.1,90.0,True
2237,192.5941,,0.0,False
2238,192.6232,,0.0,False
2239,192.6335,-1.0,0.0,True
2240,192.6493,-1.0,0.0,False
2241,192.6541,,90.0,False
2242,192.6548,-1.0,0.0,False
2243,192.6631,830.86,90.0,False
2244,192.6695,-1.0,90.0,True
2245,192.6946,-1.0,0.0,False
2246,192.6992,915.7,0.0,False
2247,192.7049,,0.0,False
2248,192.7146,,0.0,False
2249,192.7192,,0.0,False
2250,192.7307,,0.0,False
2251,192.7348,-1.0,90.0,False
2252,192.7373,-1.0,0.0,False
2253,192.7518,928.29,90.0,False
2254,192.7764,905.64,0.0,False
2255,192.7982,-1.0,0.0,False
2256,192.809,,0.0,False
2257,192.8169,,90.0,False
2258,192.817,966.3,0.0,False
2259,192.8372,,0.0,False
2260,192.8646,954.09,90.0,True
2261,192.9006,821.59,0.0,False
2262,192.9092,-1.0,0.0,False
2263,192.9241,-1.0,90.0,False
2264,192.9248,,0.0,False
2265,192.9389,,0.0,False
2266,192.9609,-1.0,90.0,False
2267,193.0145,,0.0,False
2268,193.0169,912.87,90.0,False
2269,193.0219,,0.0,True
2270,193.0255,-1.0,90.0,False
2271,193.0384,970.57,0.0,False
2272,193.0534,-1.0,0.0,True
2273,193.0682,,0.0,False
2274,193.0828,,90.0,False
2275,193.1144,-1.0,90.0,False
2276,193.123,-1.0,90.0,False
2277,193.1313,-1.0,0.0,False
2278,193.1318,-1.0,0.0,False
2279,193.1379,,0.0,True
2280,193.1464,-1.0,90.0,False
2281,193.1613,-1.0,90.0,False
2282,193.1632,-1.0,25.3333,False
2283,193.1758,,90.0,False
2284,193.1816,-1.0,0.0,False
2285,193.1835,-1.0,90.0,True
2286,193.1888,,0.0,False
2287,193.2056,,38.0,True
2288,193.232,-1.0,12.6667,False
2289,193.2322,-1.0,0.0,False
2290,193.2456,-1.0,0.0,False
2291,193.2495,,0.0,False
2292,193.2717,-1.0,0.0,True
2293,193.2908,,0.0,False
2294,193.3052,-1.0,0.0,False
2295,193.3075,-1.0,90.0,False
2296,193.3431,903.67,12.6667,False
2297,193.3639,-1.0,0.0,False
2298,193.3832,,0.0,False
2299,193.3844,,0.0,False
2300,193.3868,-1.0,0.0,False
2301,193.3868,-1.0,0.0,False
2302,193.4172,,0.0,False
2303,193.4178,899.51,90.0,False
2304,193.4196,773.64,0.0,True
2305,193.4218,-1.0,0.0,True
2306,193.43,-1.0,0.0,False
2307,193.4364,-1.0,0.0,False
2308,193.4445,-1.0,0.0,False
2309,193.4479,,90.0,False
2310,193.4673,,0.0,False
2311,193.5178,,0.0,True
2312,193.5281,-1.0,0.0,False
2313,193.5357,807.24,0.0,False
2314,193.5425,,0.0,False
2315,193.5471,878.9,90.0,False
2316,193.5725,892.34,0.0,False
2317,193.5764,1017.68,0.0,False
2318,193.5869,943.02,0.0,False
2319,193.5904,984.7,12.6667,False
2320,193.5959,,0.0,False
2321,193.6003,-1.0,0.0,False
2322,193.601,,90.0,False
2323,193.6198,,90.0,False
2324,193.6222,,0.0,True
2325,193.6341,,0.0,False
2326,193.6698,,0.0,False
2327,193.693,-1.0,0.0,True
2328,193.6993,,90.0,True
2329,193.7567,,0.0,False
2330,193.7585,-1.0,90.0,False
2331,193.7656,988.02,90.0,False
2332,193.788,,0.0,False
2333,193.7901,,0.0,False
2334,193.7958,,0.0,False
2335,193.8143,,0.0,False
2336,193.8303,-1.0,0.0,False
2337,193.8838,1063.92,0.0,False
2338,193.8937,,0.0,False
2339,193.8968,885.03,0.0,False
2340,193.9009,,0.0,False
2341,193.9015,1080.82,0.0,False
2342,193.9159,882.54,0.0,True
2343,193.9308,921.42,0.0,False
2344,193.95,886.33,0.0,False
2345,193.9606,-1.0,0.0,False
2346,193.9735,-1.0,90.0,False
2347,193.975,805.99,0.0,False
2348,193.9768,,90.0,True
2349,194.0009,-1.0,0.0,False
2350,194.0197,,0.0,False
2351,194.0198,-1.0,0.0,False
2352,194.0582,,0.0,True
2353,194.0666,914.15,0.0,True
2354,194.0766,-1.0,0.0,False
2355,194.0866,,0.0,False
2356,194.087,885.03,0.0,False
2357,194.1076,,0.0,False
2358,194.116,-1.0,0.0,True
2359,194.133,979.22,0.0,False
2360,194.1632,,0.0,False
2361,194.1696,839.58,0.0,False
2362,194.1759,,0.0,True
2363,194.1763,-1.0,0.0,False
2364,194.1798,-1.0,0.0,False
2365,194.1816,936.24,85.0,False
2366,194.2001,970.25,0.0,False
2367,194.2134,,0.0,False
2368,194.214,-1.0,0.0,True
2369,194.237,-1.0,0.0,False
2370,194.2417,860.37,0.0,True
2371,194.2417,-1.0,90.0,False
2372,194.2571,,0.0,False
2373,194.2591,,0.0,False
2374,194.2712,-1.0,0.0,False
2375,194.2759,,90.0,False
2376,194.3416,784.4,90.0,True
2377,194.3653,,0.0,True
2378,194.3867,894.24,90.0,False
2379,194.396,799.92,0.0,False
2380,194.4057,842.99,0.0,False
2381,194.4224,,0.0,False
2382,194.4388,825.26,0.0,False
2383,194.4937,-1.0,0.0,False
2384,194.4979,850.54,0.0,False
2385,194.4989,-1.0,0.0,False
2386,194.5232,-1.0,0.0,False
2387,194.5559,,90.0,False
2388,194.5823,,90.0,False
2389,194.5856,,90.0,False
2390,194.6378,948.22,90.0,False
2391,194.6395,-1.0,0.0,True
2392,194.6422,,0.0,False
2393,194.6525,,0.0,False
2394,194.6561,-1.0,0.0,False
2395,194.6623,-1.0,0.0,False
2396,194.6729,,0.0,False
2397,194.6936,,90.0,True
2398,194.7147,-1.0,90.0,False
2399,194.7152,921.67,0.0,True
2400,194.792,905.75,0.0,False
2401,194.7942,-1.0,0.0,False
2402,194.8161,994.86,90.0,False
2403,194.8681,-1.0,90.0,False
2404,194.8768,794.1,90.0,True
2405,194.909,901.97,90.0,False
2406,194.9145,-1.0,90.0,True
2407,194.9228,,0.0,False
2408,194.9271,,90.0,True
2409,194.9278,-1.0,0.0,False
2410,194.9374,,0.0,False
2411,194.9549,,0.0,False
2412,194.9571,,0.0,True
2413,194.9676,-1.0,0.0,False
2414,195.0327,-1.0,0.0,False
2415,195.0437,,0.0,False
2416,195.0496,975.9,0.0,False
2417,195.0714,-1.0,0.0,False
2418,195.0718,935.89,0.0,True
2419,195.0718,1116.67,90.0,True
2420,195.0745,-1.0,0.0,False
2421,195.1194,,0.0,False
2422,195.1328,,90.0,False
2423,195.1728,,90.0,True
2424,195.1788,-1.0,90.0,False
2425,195.2087,-1.0,0.0,True
2426,195.2188,833.28,0.0,False
2427,195.2415,-1.0,0.0,False
2428,195.2817,-1.0,0.0,False
2429,195.2872,-1.0,0.0,False
2430,195.2893,,0.0,True
2431,195.3114,-1.0,0.0,False
2432,195.3177,,0.0,False
2433,195.3314,-1.0,90.0,True
2434,195.3484,928.11,90.0,False
2435,195.3548,-1.0,0.0,False
2436,195.357,-1.0,0.0,False
2437,195.3601,924.66,0.0,False
2438,195.3623,,0.0,False
2439,195.3797,,0.0,False
2440,195.3956,-1.0,0.0,False
2441,195.4015,,0.0,True
2442,195.402,,0.0,True
2443,195.4099,-1.0,0.0,False
2444,195.4204,-1.0,0.0,False
2445,195.4493,,90.0,True
2446,195.4588,,0.0,False
2447,195.4633,,90.0,False
2448,195.4637,-1.0,0.0,True
2449,195.5044,892.56,0.0,True
2450,195.5078,,90.0,True
2451,195.526,,90.0,True
2452,195.5538,,0.0,False
2453,195.5813,-1.0,0.0,True
2454,195.604,,90.0,False
2455,195.6657,,0.0,False
2456,195.6668,,0.0,False
2457,195.7016,876.8,0.0,False
2458,195.7102,,0.0,False
2459,195.7307,,0.0,False
2460,195.7617,,0.0,True
2461,195.774,803.78,90.0,False
2462,195.7895,-1.0,90.0,False
2463,195.7903,927.81,0.0,False
2464,195.7981,,0.0,False
2465,195.7987,-1.0,90.0,False
2466,195.8061,,90.0,False
2467,195.8098,-1.0,90.0,False
2468,195.83,930.41,90.0,False
2469,195.8409,898.54,0.0,True
2470,195.844,968.05,0.0,False
2471,195.8449,-1.0,0.0,True
2472,195.8646,-1.0,0.0,False
2473,195.8875,,0.0,False
2474,195.8934,902.75,0.0,False
2475,195.8947,900.24,0.0,False
2476,195.9004,,0.0,False
2477,195.9035,855.89,0.0,False
2478,195.9143,983.85,0.0,False
2479,195.9189,-1.0,0.0,False
2480,195.9327,906.27,0.0,False
2481,195.9337,-1.0,0.0,False
2482,195.9408,796.18,0.0,True
2483,195.9505,-1.0,90.0,False
2484,195.9629,-1.0,0.0,False
2485,195.9862,-1.0,0.0,False
2486,195.9948,,0.0,True
2487,195.9978,928.38,0.0,True
2488,196.0006,-1.0,0.0,False
2489,196.017,,0.0,False
2490,196.0247,-1.0,0.0,False
2491,196.0602,,0.0,False
2492,196.0637,-1.0,0.0,True
2493,196.0646,,90.0,False
2494,196.0882,-1.0,0.0,False
2495,196.0958,929.01,90.0,False
2496,196.1088,,0.0,False
2497,196.1136,824.71,0.0,True
2498,196.1153,888.78,0.0,False
2499,196.1168,882.51,90.0,False
2500,196.1204,901.57,0.0,False
2501,196.1333,-1.0,0.0,False
2502,196.1336,,0.0,False
2503,196.1485,,0.0,True
2504,196.1647,,90.0,False
2505,196.1912,,0.0,False
2506,196.1965,914.04,90.0,True
2507,196.2172,-1.0,19.0,False
2508,196.2249,947.23,38.0,False
2509,196.2721,889.73,90.0,False
2510,196.2812,,0.0,True
2511,196.2845,848.66,0.0,False
2512,196.294,932.91,0.0,False
2513,196.326,-1.0,0.0,False
2514,196.3346,1020.77,0.0,False
2515,196.3376,,90.0,False
2516,196.3458,,90.0,False
2517,196.3545,,0.0,False
2518,196.3596,,0.0,False
2519,196.3759,-1.0,90.0,False
2520,196.4047,-1.0,0.0,False
2521,196.4052,1034.34,0.0,True
2522,196.4208,-1.0,0.0,False
2523,196.4214,889.43,0.0,False
2524,196.4487,867.43,0.0,False
2525,196.4554,,0.0,False
2526,196.4659,-1.0,90.0,True
2527,196.4679,-1.0,0.0,True
2528,196.4718,1013.76,90.0,True
2529,196.4796,948.26,0.0,False
2530,196.4797,-1.0,0.0,False
2531,196.4907,,0.0,False
2532,196.4925,909.27,0.0,False
2533,196.4969,846.27,0.0,False
2534,196.5159,-1.0,0.0,False
2535,196.5194,945.09,90.0,False
2536,196.5269,,12.6667,False
2537,196.5306,,0.0,True
2538,196.5324,-1.0,12.6667,False
2539,196.5324,,0.0,False
2540,196.5403,857.04,0.0,False
2541,196.5583,-1.0,0.0,False
2542,196.5586,,0.0,False
2543,196.5633,-1.0,0.0,False
2544,196.5867,-1.0,0.0,True
2545,196.5921,,0.0,False
2546,196.6057,,0.0,False
2547,196.6239,-1.0,90.0,False
2548,196.6261,,0.0,False
2549,196.651,-1.0,0.0,True
2550,196.6622,-1.0,0.0,False
2551,196.6719,,0.0,False
2552,196.6746,,90.0,False
2553,196.6892,-1.0,0.0,False
2554,196.6908,,0.0,False
2555,196.6911,941.16,0.0,False
2556,196.6994,,38.0,False
2557,196.7194,,0.0,False
2558,196.7262,898.1,0.0,False
2559,196.729,-1.0,0.0,False
2560,196.7377,-1.0,90.0,True
2561,196.7466,,0.0,False
2562,196.7706,,0.0,False
2563,196.7741,886.05,0.0,True
2564,196.781,-1.0,0.0,False
2565,196.7947,,0.0,True
2566,196.8018,,90.0,False
2567,196.8039,,0.0,False
2568,196.8059,-1.0,0.0,False
2569,196.8224,-1.0,0.0,False
2570,196.827,960.87,90.0,False
2571,196.8426,,0.0,False
2572,196.8554,-1.0,90.0,False
2573,196.8934,916.58,90.0,True
2574,196.8941,-1.0,0.0,False
2575,196.9026,,0.0,False
2576,196.9149,,0.0,True
2577,196.9151,880.53,0.0,False
2578,196.9173,1009.66,0.0,False
2579,196.922,-1.0,0.0,False
2580,196.923,,0.0,False
2581,196.9397,,0.0,True
2582,196.9586,,90.0,False
2583,196.969,,90.0,False
2584,196.9722,,0.0,False
2585,196.984,-1.0,0.0,False
2586,197.0077,,0.0,False
2587,197.0209,,90.0,True
2588,197.0229,,0.0,False
2589,197.033,852.77,90.0,False
2590,197.0458,,0.0,False
2591,197.059,892.05,0.0,True
2592,197.0707,-1.0,0.0,False
2593,197.0793,,85.0,False
2594,197.0822,-1.0,0.0,False
2595,197.084,962.94,0.0,False
2596,197.096,,0.0,False
2597,197.1066,-1.0,0.0,False
2598,197.1169,,90.0,False
2599,197.1457,957.2,0.0,True
2600,197.1578,-1.0,0.0,False
2601,197.1663,909.9,0.0,True
2602,197.1835,-1.0,90.0,False
2603,197.2068,,0.0,False
2604,197.2084,-1.0,90.0,False
2605,197.2177,,0.0,False
2606,197.2388,,90.0,True
2607,197.2445,-1.0,0.0,False
2608,197.2468,-1.0,0.0,False
2609,197.2513,-1.0,90.0,False
2610,197.2629,,0.0,True
2611,197.2648,-1.0,0.0,False
2612,197.2658,,0.0,False
2613,197.2809,-1.0,0.0,True
2614,197.2895,,0.0,False
2615,197.2936,,0.0,False
2616,197.3093,,0.0,False
2617,197.3176,,0.0,True
2618,197.3194,,90.0,True
2619,197.3245,,0.0,False
2620,197.3245,-1.0,0.0,False
2621,197.3265,-1.0,0.0,False
2622,197.3292,,90.0,False
2623,197.3297,-1.0,0.0,False
2624,197.3322,-1.0,0.0,False
2625,197.3343,782.79,90.0,False
2626,197.3385,-1.0,0.0,True
2627,197.3606,-1.0,0.0,True
2628,197.3645,880.56,90.0,False
2629,197.3652,,0.0,False
2630,197.3804,,0.0,False
2631,197.3915,-1.0,0.0,False
2632,197.396,-1.0,0.0,False
2633,197.4047,841.85,0.0,False
2634,197.4132,-1.0,0.0,True
2635,197.4193,,38.0,False
2636,197.4366,,0.0,False
2637,197.4565,,0.0,False
2638,197.4733,,90.0,False
2639,197.4743,,90.0,False
2640,197.5114,,0.0,False
2641,197.5292,904.37,90.0,False
2642,197.5349,900.8,0.0,False
2643,197.5392,862.2,0.0,False
2644,197.5397,,0.0,True
2645,197.5399,-1.0,0.0,False
2646,197.566,-1.0,90.0,False
2647,197.5724,,0.0,False
2648,197.586,,0.0,False
2649,197.6057,-1.0,12.6667,False
2650,197.6167,972.18,0.0,False
2651,197.6184,-1.0,90.0,False
2652,197.6208,-1.0,0.0,False
2653,197.6538,,90.0,False
2654,197.6787,-1.0,38.0,False
2655,197.6806,,0.0,False
2656,197.6881,-1.0,0.0,False
2657,197.6987,,0.0,False
2658,197.7419,,0.0,True
2659,197.7427,828.87,90.0,False
2660,197.7592,-1.0,90.0,False
2661,197.7619,,0.0,False
2662,197.7711,-1.0,0.0,False
2663,197.7833,895.56,0.0,False
2664,197.7923,-1.0,0.0,False
2665,197.8103,-1.0,0.0,False
2666,197.8155,,0.0,False
2667,197.8193,-1.0,90.0,False
2668,197.8228,-1.0,0.0,False
2669,197.8235,,0.0,False
2670,197.8272,-1.0,0.0,False
2671,197.8346,958.2,0.0,False
2672,197.8355,944.61,0.0,False
2673,197.8376,,90.0,False
2674,197.8564,-1.0,0.0,False
2675,197.8787,928.32,0.0,False
2676,197.8787,-1.0,0.0,False
2677,197.8855,,0.0,True
2678,197.8961,947.86,0.0,False
2679,197.898,-1.0,0.0,False
2680,197.8999,,0.0,False
2681,197.9146,-1.0,90.0,False
2682,197.9197,906.05,0.0,False
2683,197.9201,813.1,0.0,False
2684,197.9265,-1.0,0.0,False
2685,197.9388,-1.0,0.0,True
2686,197.9408,-1.0,90.0,False
2687,197.9605,-1.0,0.0,True
2688,197.9678,-1.0,0.0,True
2689,197.9716,-1.0,0.0,False
2690,197.999,,0.0,False
2691,198.0,-1.0,90.0,False
2692,198.0076,-1.0,90.0,True
2693,198.0155,821.76,90.0,True
2694,198.0215,,0.0,False
2695,198.0247,915.37,0.0,False
2696,198.0294,980.74,90.0,False
2697,198.0435,,90.0,False
2698,198.0495,-1.0,90.0,False
2699,198.0499,-1.0,0.0,True
2700,198.0718,919.53,0.0,True
2701,198.0734,937.46,90.0,False
2702,198.0735,,0.0,True
2703,198.0793,,0.0,False
2704,198.0969,-1.0,90.0,False
2705,198.0997,,0.0,False
2706,198.1131,,0.0,False
2707,198.1363,,90.0,True
2708,198.1375,,90.0,False
2709,198.1447,-1.0,0.0,False
2710,198.157,-1.0,0.0,False
2711,198.177,915.29,0.0,False
2712,198.189,800.72,0.0,True
2713,198.1989,,90.0,True
2714,198.2166,,0.0,False
2715,198.2187,,0.0,False
2716,198.2284,-1.0,0.0,False
2717,198.2301,-1.0,0.0,False
2718,198.2387,-1.0,0.0,False
2719,198.239,985.2,90.0,False
2720,198.2475,,90.0,False
2721,198.2501,849.18,0.0,False
2722,198.2621,884.3,0.0,False
2723,198.2705,,90.0,False
2724,198.2707,-1.0,0.0,False
2725,198.2852,776.12,0.0,False
2726,198.3123,-1.0,0.0,False
2727,198.3152,,0.0,True
2728,198.3301,-1.0,0.0,True
2729,198.3486,-1.0,90.0,True
2730,198.3622,,0.0,False
2731,198.3651,-1.0,0.0,False
2732,198.3657,,0.0,True
2733,198.3831,-1.0,0.0,False
2734,198.3837,,0.0,False
2735,198.3854,,0.0,False
2736,198.3864,,0.0,False
2737,198.3937,,0.0,False
2738,198.4094,-1.0,0.0,True
2739,198.4125,,90.0,False
2740,198.4158,,0.0,False
2741,198.4527,,0.0,False
2742,198.4603,-1.0,0.0,True
2743,198.4719,,0.0,True
2744,198.4752,875.64,90.0,False
2745,198.4761,-1.0,0.0,False
2746,198.4818,-1.0,90.0,False
2747,198.4916,,0.0,False
2748,198.5321,920.53,90.0,False
2749,198.5368,818.96,90.0,False
2750,198.5479,905.46,0.0,True
2751,198.5613,951.27,0.0,False
2752,198.5797,,0.0,False
2753,198.5924,,90.0,False
2754,198.5937,,90.0,False
2755,198.6067,-1.0,0.0,False
2756,198.6256,-1.0,0.0,False
2757,198.6382,877.52,0.0,False
2758,198.6503,,0.0,False
2759,198.6721,,0.0,False
2760,198.6767,,0.0,True
2761,198.6923,981.05,0.0,True
2762,198.6987,,0.0,False
2763,198.7547,-1.0,0.0,False
2764,198.7572,-1.0,0.0,False
2765,198.7824,,0.0,False
2766,198.7824,,0.0,False
2767,198.7871,,0.0,False
2768,198.7933,,0.0,False
2769,198.8045,-1.0,0.0,False
2770,198.8202,,0.0,False
2771,198.8363,,0.0,False
2772,198.8418,849.63,0.0,False
2773,198.8458,-1.0,90.0,False
2774,198.8528,-1.0,0.0,False
2775,198.8651,862.86,0.0,False
2776,198.8806,,0.0,False
2777,198.882,-1.0,0.0,False
2778,198.884,788.7,0.0,False
2779,198.8965,,0.0,False
2780,198.9055,-1.0,0.0,False
2781,198.9255,,90.0,False
2782,198.9257,-1.0,0.0,False
2783,198.9356,-1.0,0.0,False
2784,198.9507,-1.0,90.0,False
2785,198.952,,0.0,True
2786,198.952,,0.0,False
2787,198.9536,-1.0,90.0,False
2788,198.954,-1.0,0.0,True
2789,198.9702,-1.0,90.0,False
2790,198.9723,-1.0,0.0,True
2791,198.9899,,0.0,True
2792,198.9909,-1.0,38.0,False
2793,198.9994,-1.0,0.0,False
2794,199.0055,,0.0,False
2795,199.0127,,85.0,True
2796,199.017,,0.0,False
2797,199.0256,,0.0,False
2798,199.0256,,90.0,True
2799,199.0271,,0.0,False
2800,199.0389,775.68,90.0,True
2801,199.0529,,0.0,True
2802,199.0601,,0.0,False
2803,199.0724,952.02,0.0,False
2804,199.0817,,0.0,True
2805,199.0824,,90.0,False
2806,199.0839,,0.0,False
2807,199.0869,873.52,0.0,False
2808,199.0892,800.0,90.0,False
2809,199.1021,898.33,38.0,False
2810,199.1099,-1.0,0.0,True
2811,199.1416,923.22,0.0,True
2812,199.1504,-1.0,0.0,True
2813,199.1512,,0.0,False
2814,199.1564,,90.0,False
2815,199.1593,,0.0,True
2816,199.1679,-1.0,90.0,False
2817,199.1766,-1.0,0.0,False
2818,199.1801,,0.0,False
2819,199.1822,,0.0,True
2820,199.1861,-1.0,85.0,False
2821,199.208,-1.0,90.0,False
2822,199.2081,828.91,90.0,True
2823,199.2094,909.71,90.0,True
2824,199.2117,892.48,0.0,True
2825,199.2119,,0.0,False
2826,199.214,970.77,0.0,False
2827,199.2262,-1.0,90.0,True
2828,199.2295,,0.0,False
2829,199.2389,1021.05,0.0,False
2830,199.2418,,0.0,True
2831,199.2674,,0.0,True
2832,199.2729,,90.0,True
2833,199.2735,,90.0,False
2834,199.281,-1.0,0.0,False
2835,199.282,,0.0,False
2836,199.3014,-1.0,0.0,False
2837,199.3122,,0.0,False
2838,199.3383,926.68,0.0,False
2839,199.3395,950.85,0.0,False
2840,199.3756,-1.0,90.0,False
2841,199.3757,,0.0,False
2842,199.3782,,0.0,False
2843,199.3852,,0.0,False
2844,199.3927,-1.0,0.0,True
2845,199.3934,,0.0,False
2846,199.3988,,0.0,False
2847,199.4083,1054.08,0.0,False
2848,199.4265,914.58,90.0,False
2849,199.4494,-1.0,0.0,False
2850,199.4639,,0.0,True
2851,199.4759,780.95,90.0,False
2852,199.5089,-1.0,0.0,False
2853,199.5134,848.92,0.0,True
2854,199.5211,734.63,0.0,False
2855,199.5229,-1.0,0.0,True
2856,199.5351,-1.0,0.0,False
2857,199.5468,-1.0,0.0,False
2858,199.5622,984.82,90.0,False
2859,199.5658,-1.0,90.0,False
2860,199.5658,-1.0,0.0,True
2861,199.573,-1.0,0.0,False
2862,199.5807,,0.0,False
2863,199.6238,-1.0,0.0,False
2864,199.6288,,0.0,False
2865,199.6365,-1.0,0.0,True
2866,199.6479,-1.0,0.0,False
2867,199.6662,,19.0,True
2868,199.6708,842.87,0.0,False
2869,199.6718,-1.0,0.0,False
2870,199.6916,-1.0,0.0,False
2871,199.71,873.02,90.0,False
2872,199.7528,900.14,90.0,False
2873,199.7755,830.27,90.0,True
2874,199.776,-1.0,0.0,False
2875,199.7875,908.76,0.0,True
2876,199.7877,,90.0,True
2877,199.8036,,0.0,False
2878,199.8125,821.74,0.0,True
2879,199.813,-1.0,0.0,False
2880,199.8197,-1.0,0.0,False
2881,199.8286,-1.0,90.0,False
2882,199.846,,90.0,False
2883,199.8478,,90.0,True
2884,199.89,,0.0,False
2885,199.9051,-1.0,0.0,True
2886,199.9156,1040.05,0.0,False
2887,199.9179,,0.0,False
2888,199.9336,,0.0,False
2889,199.9444,,90.0,False
2890,199.9517,-1.0,0.0,False
2891,199.9562,-1.0,0.0,False
2892,199.961,,0.0,False
2893,199.9629,,0.0,False
2894,199.9729,1095.16,90.0,False
2895,199.9863,,0.0,False
2896,199.9965,-1.0,90.0,False
2897,199.9987,926.21,0.0,False
2898,200.009,,0.0,False
2899,200.0096,-1.0,0.0,False
2900,200.0099,885.11,0.0,False
2901,200.0286,-1.0,0.0,True
2902,200.0328,862.81,0.0,True
2903,200.0372,-1.0,0.0,False
2904,200.039,-1.0,0.0,False
2905,200.0596,,0.0,False
2906,200.072,-1.0,0.0,False
2907,200.0797,1002.17,0.0,False
2908,200.0908,-1.0,0.0,False
2909,200.0999,1089.63,0.0,True
2910,200.1217,858.61,0.0,False
2911,200.1261,-1.0,63.3333,False
2912,200.1384,827.85,0.0,False
2913,200.1557,-1.0,0.0,True
2914,200.2,,38.0,False
2915,200.2131,-1.0,0.0,False
2916,200.2149,-1.0,90.0,False
2917,200.2398,-1.0,0.0,False
2918,200.2405,-1.0,0.0,False
2919,200.2446,,0.0,False
2920,200.2495,,0.0,False
2921,200.2501,-1.0,0.0,True
2922,200.2515,-1.0,0.0,False
2923,200.253,946.91,0.0,False
2924,200.2667,,90.0,True
2925,200.2761,-1.0,0.0,False
2926,200.2787,-1.0,0.0,False
2927,200.2869,-1.0,0.0,False
2928,200.2917,-1.0,0.0,False
2929,200.3084,855.07,0.0,False
2930,200.3167,,0.0,False
2931,200.3449,,0.0,False
2932,200.3585,,0.0,False
2933,200.3642,-1.0,0.0,True
2934,200.3713,-1.0,0.0,False
2935,200.3732,-1.0,0.0,False
2936,200.3945,,0.0,False
2937,200.3955,-1.0,90.0,True
2938,200.4128,-1.0,90.0,True
2939,200.4257,,90.0,False
2940,200.4265,-1.0,90.0,False
2941,200.427,-1.0,0.0,False
2942,200.4355,,90.0,False
2943,200.4532,,0.0,True
2944,200.465,-1.0,0.0,False
2945,200.467,-1.0,0.0,False
2946,200.4682,-1.0,0.0,False
2947,200.4696,852.76,12.6667,False
2948,200.482,795.29,90.0,False
2949,200.5144,-1.0,0.0,False
2950,200.5339,-1.0,0.0,False
2951,200.5397,936.23,0.0,True
2952,200.5646,-1.0,0.0,False
2953,200.5829,-1.0,0.0,False
2954,200.5888,-1.0,0.0,False
2955,200.6435,-1.0,0.0,True
2956,200.65,,0.0,False
2957,200.6736,,0.0,False
2958,200.682,,90.0,False
2959,200.6994,-1.0,0.0,False
2960,200.7039,844.64,90.0,False
2961,200.7183,,90.0,False
2962,200.7429,,0.0,False
2963,200.7474,996.12,0.0,False
2964,200.7873,-1.0,90.0,True
2965,200.7917,,0.0,True
2966,200.7994,,0.0,False
2967,200.8142,,90.0,False
2968,200.8315,-1.0,90.0,False
2969,200.8471,,0.0,False
2970,200.8636,,0.0,True
2971,200.8818,998.22,0.0,True
2972,200.8919,,0.0,True
2973,200.9089,915.77,12.6667,False
2974,200.9155,,0.0,False
2975,200.9215,826.38,90.0,True
2976,200.96,872.89,0.0,False
2977,200.9929,990.42,90.0,True
2978,200.998,,90.0,False
2979,201.002,-1.0,0.0,False
2980,201.0104,,0.0,False
2981,201.0346,-1.0,0.0,False
2982,201.0611,853.45,12.6667,False
2983,201.0671,1013.26,0.0,False
2984,201.0679,866.45,0.0,False
2985,201.0682,,90.0,False
2986,201.069,-1.0,0.0,True
2987,201.0695,-1.0,90.0,False
2988,201.0717,-1.0,0.0,False
2989,201.0915,-1.0,90.0,False
2990,201.1023,-1.0,0.0,False
2991,201.1037,,0.0,False
2992,201.1124,1039.76,0.0,False
2993,201.1264,891.31,0.0,False
2994,201.1268,,0.0,False
2995,201.1471,-1.0,0.0,True
2996,201.1597,,0.0,False
2997,201.1748,-1.0,0.0,False
2998,201.1814,-1.0,90.0,False
2999,201.1898,969.64,0.0,False
3000,201.1959,-1.0,0.0,False
3001,201.1964,-1.0,0.0,False
3002,201.2219,790.08,0.0,False
3003,201.24,-1.0,0.0,False
3004,201.2452,800.6,0.0,False
3005,201.2743,956.87,0.0,False
3006,201.2877,-1.0,0.0,False
3007,201.2938,,0.0,False
3008,201.3013,-1.0,0.0,True
3009,201.304,-1.0,0.0,True
3010,201.3218,-1.0,0.0,False
3011,201.3238,,0.0,False
3012,201.3383,,90.0,False
3013,201.3472,,0.0,True
3014,201.3558,932.04,0.0,False
3015,201.3836,-1.0,0.0,False
3016,201.3913,-1.0,0.0,True
3017,201.4137,-1.0,90.0,True
3018,201.4226,-1.0,90.0,False
3019,201.427,,90.0,False
3020,201.4454,917.71,0.0,False
3021,201.452,-1.0,90.0,False
3022,201.4578,,0.0,True
3023,201.4643,-1.0,0.0,False
3024,201.4836,967.06,90.0,False
3025,201.5359,,0.0,False
3026,201.5404,,85.0,False
3027,201.5695,1038.58,0.0,False
3028,201.5713,-1.0,0.0,True
3029,201.5748,,90.0,False
3030,201.5943,-1.0,0.0,False
3031,201.5962,,90.0,False
3032,201.5995,-1.0,0.0,True
3033,201.6107,,0.0,False
3034,201.6136,780.82,0.0,False
3035,201.6452,,0.0,False
3036,201.657,-1.0,90.0,False
3037,201.6681,-1.0,0.0,False
3038,201.6692,-1.0,0.0,False
3039,201.6875,-1.0,0.0,False
3040,201.7532,-1.0,0.0,False
3041,201.7634,769.37,0.0,False
3042,201.8038,,90.0,False
3043,201.8064,-1.0,90.0,False
3044,201.8102,-1.0,90.0,True
3045,201.8447,872.22,0.0,False
3046,201.8505,-1.0,0.0,False
3047,201.8574,795.49,90.0,False
3048,201.8632,,0.0,False
3049,201.866,,0.0,False
3050,201.8905,-1.0,0.0,False
3051,201.9325,-1.0,0.0,False
3052,201.9638,855.12,90.0,False
3053,201.9883,,0.0,False
3054,202.0189,,0.0,False
3055,202.0189,-1.0,0.0,False
3056,202.0404,1133.76,0.0,False
3057,202.0446,-1.0,0.0,False
3058,202.0655,-1.0,90.0,False
3059,202.0918,,90.0,False
3060,202.0997,,0.0,True
3061,202.1058,819.29,0.0,False
3062,202.1186,-1.0,0.0,False
3063,202.1267,-1.0,90.0,False
3064,202.1315,930.53,90.0,False
3065,202.1529,-1.0,90.0,False
3066,202.1666,-1.0,0.0,False
3067,202.1712,-1.0,0.0,False
3068,202.1937,-1.0,0.0,False
3069,202.1996,-1.0,90.0,False
3070,202.2268,896.16,0.0,False
3071,202.2606,-1.0,90.0,False
3072,202.289,-1.0,0.0,False
3073,202.3026,883.2,0.0,True
3074,202.3478,963.85,0.0,False
3075,202.3969,-1.0,0.0,False
3076,202.4216,1065.26,0.0,True
3077,202.4236,758.32,0.0,False
3078,202.434,998.28,90.0,False
3079,202.4437,-1.0,0.0,False
3080,202.4639,919.23,90.0,False
3081,202.4656,,0.0,True
3082,202.4687,1009.98,0.0,False
3083,202.4688,-1.0,85.0,True
3084,202.4889,-1.0,0.0,True
3085,202.5008,941.4,0.0,True
3086,202.5176,,0.0,False
3087,202.5311,862.07,90.0,False
3088,202.5422,,0.0,False
3089,202.556,,90.0,False
3090,202.5936,,0.0,False
3091,202.6076,,0.0,False
3092,202.6129,-1.0,0.0,False
3093,202.6313,,0.0,False
3094,202.649,,0.0,False
3095,202.6491,-1.0,0.0,True
3096,202.6669,-1.0,0.0,False
3097,202.6805,,0.0,False
3098,202.7371,-1.0,0.0,False
3099,202.7609,830.14,0.0,False
3100,202.771,,0.0,True
3101,202.7826,,0.0,True
3102,202.8097,979.07,90.0,False
3103,202.8366,-1.0,0.0,False
3104,202.8378,,0.0,False
3105,202.8414,867.87,90.0,False
3106,202.8497,-1.0,0.0,False
3107,202.9215,994.04,0.0,True
3108,202.9296,-1.0,0.0,False
3109,202.942,921.21,0.0,False
3110,202.9494,-1.0,0.0,False
3111,202.9605,-1.0,0.0,True
3112,202.9616,-1.0,0.0,False
3113,202.9782,907.18,0.0,False
3114,202.9959,886.75,95.0,False
3115,202.9983,-1.0,0.0,False
3116,203.0032,-1.0,0.0,False
3117,203.0217,,0.0,False
3118,203.0616,840.88,90.0,False
3119,203.0808,-1.0,0.0,False
3120,203.0916,-1.0,0.0,False
3121,203.1491,,0.0,False
3122,203.1971,936.87,0.0,False
3123,203.1973,899.97,90.0,False
3124,203.2179,942.57,12.6667,True
3125,203.2261,928.85,0.0,False
3126,203.2635,-1.0,12.6667,False
3127,203.2871,-1.0,90.0,False
3128,203.3484,,90.0,True
3129,203.3857,878.93,0.0,False
3130,203.4803,,0.0,True
3131,203.4891,876.16,90.0,True
3132,203.4893,,90.0,False
3133,203.5347,-1.0,0.0,False
3134,203.5491,-1.0,0.0,False
3135,203.5836,-1.0,0.0,True
3136,203.6772,825.21,0.0,False
3137,203.6779,-1.0,0.0,False
3138,203.6845,860.09,90.0,False
3139,203.8056,-1.0,0.0,True
3140,203.8483,1070.38,0.0,False
3141,203.853,911.6,0.0,False
3142,203.869,-1.0,0.0,False
3143,203.8811,,0.0,False
3144,203.8935,966.6,0.0,False
3145,203.8972,933.66,0.0,False
3146,203.9107,929.87,0.0,False
3147,203.9277,1016.33,0.0,True
3148,204.0255,,90.0,False
3149,204.0322,-1.0,0.0,True
3150,204.0907,-1.0,90.0,False
3151,204.0972,,0.0,True
3152,204.1305,,90.0,False
3153,204.1605,-1.0,0.0,False
3154,204.1845,-1.0,0.0,False
3155,204.246,,0.0,False
3156,204.2471,,0.0,False
3157,204.2474,888.05,0.0,False
3158,204.2863,,0.0,True
3159,204.3264,-1.0,0.0,False
3160,204.3619,917.08,0.0,False
3161,204.4199,846.55,0.0,False
3162,204.4321,-1.0,90.0,False
3163,204.4706,943.48,0.0,False
3164,204.5082,-1.0,0.0,False
3165,204.5347,834.18,0.0,False
3166,204.5483,-1.0,0.0,True
3167,204.5542,,0.0,False
3168,204.5671,,0.0,False
3169,204.609,-1.0,0.0,False
3170,204.6379,850.21,0.0,False
3171,204.6651,,0.0,True
3172,204.7043,-1.0,0.0,False
3173,204.7197,-1.0,90.0,False
3174,204.7518,,90.0,True
3175,204.7757,-1.0,0.0,True
3176,204.9367,1022.35,0.0,False
3177,204.9683,,0.0,False
3178,204.9808,894.98,0.0,False
3179,205.0571,836.11,0.0,True
3180,205.1145,,90.0,False
3181,205.1438,,0.0,False
3182,205.1835,1047.01,90.0,False
3183,205.3097,923.72,0.0,False
3184,205.3318,-1.0,0.0,False
3185,205.6187,-1.0,0.0,False
3186,205.8069,812.15,0.0,False
3187,205.8421,-1.0,0.0,False
3188,205.8474,-1.0,0.0,False
3189,206.0517,-1.0,25.3333,False
3190,206.0755,,90.0,True
3191,206.0834,,0.0,False
3192,206.2045,-1.0,90.0,False
3193,206.2234,,0.0,False
3194,206.2806,-1.0,90.0,False
3195,206.3037,-1.0,90.0,False
3196,206.3906,-1.0,0.0,False
3197,206.473,-1.0,0.0,False
3198,206.6929,,12.6667,False
3199,206.8097,,0.0,True
3200,206.8176,-1.0,0.0,True
3201,206.8474,949.53,0.0,False
3202,206.8552,863.61,0.0,False
3203,206.9567,994.87,0.0,False
3204,207.0056,-1.0,90.0,False
3205,207.0305,-1.0,0.0,False
3206,207.0376,857.0,0.0,False
3207,207.0488,-1.0,0.0,False
3208,207.2809,820.66,0.0,False
3209,207.3011,-1.0,0.0,True
3210,207.335,-1.0,0.0,False
3211,207.3515,894.15,0.0,False
3212,207.3943,-1.0,0.0,False
3213,207.4358,-1.0,0.0,False
3214,207.4556,,0.0,True
3215,207.4774,1050.3,0.0,False
3216,207.4847,-1.0,0.0,False
3217,207.5377,-1.0,0.0,False
3218,207.5918,1038.21,0.0,False
3219,207.5988,879.85,0.0,False
3220,207.6085,797.18,90.0,False
3221,207.6902,-1.0,0.0,False
3222,207.8625,-1.0,0.0,True
3223,207.8632,-1.0,0.0,True
3224,207.9105,-1.0,0.0,False
3225,207.9735,864.25,90.0,False
3226,207.9955,-1.0,90.0,False
3227,208.0058,-1.0,0.0,False
3228,208.0857,,0.0,False
3229,208.2006,984.76,0.0,False
3230,208.266,-1.0,90.0,False
3231,208.2867,,0.0,True
3232,208.344,,0.0,False
3233,208.3452,,0.0,False
3234,208.4085,-1.0,0.0,False
3235,208.4393,-1.0,0.0,False
3236,208.4936,,90.0,False
3237,208.6265,,0.0,False
3238,208.6395,-1.0,90.0,False
3239,208.8267,-1.0,0.0,False
3240,208.8327,885.03,0.0,True
3241,208.8408,-1.0,0.0,True
3242,208.8552,,0.0,False
3243,208.8994,-1.0,0.0,False
3244,208.9436,952.26,0.0,False
3245,209.0551,,0.0,False
3246,209.1099,,0.0,False
3247,209.1421,,90.0,False
3248,209.1748,,0.0,True
3249,209.1805,1100.65,0.0,False
3250,209.1879,,0.0,False
3251,209.1922,-1.0,0.0,False
3252,209.234,-1.0,90.0,True
3253,209.2393,-1.0,0.0,False
3254,209.2817,,0.0,False
3255,209.3013,-1.0,0.0,False
3256,209.3111,,90.0,True
3257,209.3398,921.35,90.0,False
3258,209.3543,,0.0,False
3259,209.3789,910.88,0.0,False
3260,209.3857,,90.0,False
3261,209.3869,,0.0,False
3262,209.4331,1066.41,19.0,False
3263,209.4455,988.54,90.0,False
3264,209.4764,-1.0,0.0,False
3265,209.5028,-1.0,0.0,False
3266,209.5576,-1.0,90.0,True
3267,209.6071,-1.0,0.0,False
3268,209.6521,-1.0,90.0,False
3269,209.7527,,0.0,True
3270,209.7587,-1.0,0.0,True
3271,209.7996,836.44,0.0,False
3272,209.9218,-1.0,0.0,True
3273,209.9391,,90.0,True
3274,209.9427,856.35,12.6667,True
3275,209.9493,-1.0,0.0,False
3276,209.9522,1003.64,0.0,False
3277,209.9622,-1.0,0.0,False
3278,209.9675,1087.28,0.0,False
3279,210.0201,912.6,0.0,False
3280,210.0218,,0.0,False
3281,210.0509,736.53,0.0,False
3282,210.0532,955.88,0.0,False
3283,210.0773,-1.0,0.0,False
3284,210.0813,-1.0,0.0,True
3285,210.0835,1018.35,90.0,False
3286,210.1001,,0.0,True
3287,210.1074,981.05,0.0,False
3288,210.1429,,0.0,False
3289,210.1467,,0.0,False
3290,210.1671,-1.0,0.0,False
3291,210.1727,,0.0,True
3292,210.2692,-1.0,0.0,False
3293,210.3322,-1.0,0.0,False
3294,210.3934,,0.0,False
3295,210.4021,,0.0,False
3296,210.4093,,90.0,False
3297,210.4317,-1.0,0.0,False
3298,210.5047,-1.0,0.0,False
3299,210.5362,1032.68,0.0,False
3300,210.5423,-1.0,0.0,False
3301,210.5622,,0.0,False
3302,210.5955,926.26,0.0,True
3303,210.5993,895.05,0.0,False
3304,210.6095,-1.0,0.0,False
3305,210.6792,,0.0,False
3306,210.6921,-1.0,0.0,True
3307,210.6934,,0.0,False
3308,210.713,,90.0,False
3309,210.7204,886.09,0.0,False
3310,210.7228,-1.0,0.0,False
3311,210.7351,,0.0,False
3312,210.7486,,0.0,True
3313,210.7506,,90.0,False
3314,210.758,-1.0,90.0,False
3315,210.8323,,90.0,False
3316,210.835,,0.0,False
3317,210.8452,,90.0,False
3318,210.8459,,0.0,False
3319,210.9235,932.96,90.0,False
3320,210.9433,989.6,0.0,False
3321,210.9487,,0.0,False
3322,210.9649,-1.0,0.0,False
3323,210.9657,,0.0,False
3324,210.9668,828.5,0.0,True
3325,210.9713,-1.0,0.0,False
3326,211.0632,-1.0,0.0,True
3327,211.0641,,0.0,True
3328,211.0758,867.08,0.0,False
3329,211.0759,-1.0,0.0,False
3330,211.0778,896.92,0.0,True
3331,211.0831,,0.0,False
3332,211.0984,,0.0,False
3333,211.0986,-1.0,0.0,False
3334,211.1219,,0.0,False
3335,211.1223,,0.0,False
3336,211.1338,-1.0,0.0,False
3337,211.1581,-1.0,0.0,False
3338,211.1616,,0.0,False
3339,211.1748,-1.0,0.0,False
3340,211.1805,,0.0,True
3341,211.2021,916.34,0.0,True
3342,211.2146,937.22,90.0,False
3343,211.2147,857.35,0.0,False
3344,211.2314,,0.0,True
3345,211.2483,,0.0,False
3346,211.2705,957.85,57.0,False
3347,211.272,893.87,0.0,False
3348,211.2822,856.13,90.0,True
3349,211.3014,,0.0,True
3350,211.3088,,90.0,False
3351,211.3094,,0.0,False
3352,211.3185,-1.0,0.0,False
3353,211.3546,-1.0,0.0,False
3354,211.3669,-1.0,0.0,False
3355,211.3895,-1.0,0.0,False
3356,211.4002,,0.0,False
3357,211.442,-1.0,0.0,False
3358,211.4452,-1.0,0.0,True
3359,211.4479,,0.0,False
3360,211.4753,940.99,0.0,False
3361,211.4787,986.22,90.0,False
3362,211.4791,-1.0,0.0,False
3363,211.5017,-1.0,0.0,False
3364,211.5156,,0.0,False
3365,211.5181,,0.0,False
3366,211.5345,-1.0,90.0,False
3367,211.5464,846.0,90.0,False
3368,211.5476,,90.0,False
3369,211.548,-1.0,0.0,False
3370,211.5553,-1.0,0.0,False
3371,211.5611,,0.0,True
3372,211.5756,-1.0,0.0,False
3373,211.5802,1051.8,90.0,False
3374,211.6083,,90.0,True
3375,211.6422,,0.0,False
3376,211.6445,903.52,0.0,False
3377,211.648,-1.0,90.0,True
3378,211.6625,,0.0,False
3379,211.7479,,90.0,False
3380,211.7934,,90.0,True
3381,211.7937,,0.0,False
3382,211.8041,929.78,90.0,False
3383,211.8097,-1.0,0.0,False
3384,211.8418,,12.6667,False
3385,211.8434,,0.0,False
3386,211.868,-1.0,0.0,False
3387,211.8736,-1.0,85.0,False
3388,211.8766,-1.0,0.0,False
3389,211.8774,,0.0,False
3390,211.8917,-1.0,0.0,False
3391,211.9149,-1.0,0.0,False
3392,211.9576,-1.0,0.0,True
3393,211.9602,,0.0,False
3394,211.9744,,0.0,True
3395,211.9906,,0.0,False
3396,211.9969,-1.0,0.0,False
3397,211.9995,,0.0,False
3398,212.0015,-1.0,0.0,True
3399,212.0046,794.7,0.0,False
3400,212.0249,952.66,0.0,True
3401,212.0355,-1.0,90.0,False
3402,212.0728,900.77,0.0,True
3403,212.0785,-1.0,12.6667,False
3404,212.0825,-1.0,0.0,False
3405,212.088,,0.0,False
3406,212.1226,,0.0,True
3407,212.1468,-1.0,90.0,False
3408,212.1513,818.31,0.0,False
3409,212.1559,778.66,0.0,False
3410,212.1621,-1.0,0.0,False
3411,212.1852,-1.0,0.0,False
3412,212.1987,-1.0,0.0,False
3413,212.2049,,0.0,True
3414,212.249,,0.0,False
3415,212.25,,90.0,False
3416,212.2555,,0.0,False
3417,212.2588,,0.0,False
3418,212.2765,,0.0,False
3419,212.2949,,0.0,False
3420,212.3112,-1.0,0.0,True
3421,212.3155,,0.0,True
3422,212.3252,-1.0,0.0,False
3423,212.3605,1093.26,0.0,True
3424,212.3696,,90.0,False
3425,212.3964,951.77,0.0,False
3426,212.3992,,0.0,False
3427,212.4135,,0.0,False
3428,212.4139,,0.0,True
3429,212.4172,897.37,0.0,False
3430,212.4219,-1.0,0.0,False
3431,212.4399,972.75,0.0,False
3432,212.4853,,0.0,True
3433,212.4945,,0.0,True
3434,212.5006,-1.0,0.0,False
3435,212.5158,,0.0,False
3436,212.5238,,0.0,False
3437,212.5474,940.76,0.0,False
3438,212.5941,,0.0,False
3439,212.5952,-1.0,0.0,True
3440,212.5969,-1.0,0.0,True
3441,212.6152,,0.0,False
3442,212.6233,851.48,0.0,True
3443,212.6486,,90.0,False
3444,212.6641,,90.0,False
3445,212.6684,,0.0,False
3446,212.6697,835.94,90.0,False
3447,212.675,,0.0,False
3448,212.7052,-1.0,0.0,False
3449,212.7115,,0.0,False
3450,212.7182,967.96,0.0,False
3451,212.7191,-1.0,0.0,False
3452,212.7304,896.74,90.0,False
3453,212.7335,-1.0,0.0,False
3454,212.7494,,0.0,False
3455,212.7641,,0.0,False
3456,212.7794,,90.0,False
3457,212.8077,,0.0,False
3458,212.8216,1039.89,0.0,False
3459,212.8693,,0.0,False
3460,212.8795,963.28,0.0,False
3461,212.8889,921.27,0.0,False
3462,212.8902,,90.0,False
3463,212.8916,924.99,0.0,False
3464,212.8922,982.83,85.0,False
3465,212.9261,,0.0,False
3466,212.929,,85.0,False
3467,212.9329,,0.0,False
3468,212.9337,984.74,0.0,True
3469,212.937,-1.0,90.0,False
3470,212.9581,-1.0,0.0,False
3471,212.9602,,90.0,False
3472,212.961,1008.46,0.0,False
3473,212.9768,,0.0,False
3474,212.9785,,0.0,True
3475,212.9951,950.61,0.0,False
3476,213.003,807.49,38.0,True
3477,213.0086,,0.0,False
3478,213.0303,897.15,0.0,False
3479,213.0347,-1.0,90.0,False
3480,213.0462,,90.0,False
3481,213.0492,-1.0,90.0,False
3482,213.0632,-1.0,90.0,False
3483,213.0643,-1.0,0.0,False
3484,213.0673,-1.0,90.0,False
3485,213.096,951.35,85.0,False
3486,213.1039,-1.0,0.0,False
3487,213.1224,,0.0,True
3488,213.1477,-1.0,0.0,False
3489,213.1524,-1.0,0.0,False
3490,213.1539,911.62,90.0,False
3491,213.1647,884.49,0.0,False
3492,213.1724,,0.0,True
3493,213.1846,-1.0,0.0,False
3494,213.1989,-1.0,90.0,False
3495,213.2061,-1.0,0.0,True
3496,213.2121,-1.0,0.0,True
3497,213.2266,-1.0,0.0,False
3498,213.2396,991.93,90.0,True
3499,213.2486,892.9,90.0,True
3500,213.2509,,90.0,False
3501,213.2605,-1.0,90.0,False
3502,213.2904,-1.0,90.0,False
3503,213.3041,,0.0,False
3504,213.308,-1.0,90.0,False
3505,213.3104,-1.0,0.0,False
3506,213.3139,-1.0,0.0,False
3507,213.3382,1007.47,0.0,False
3508,213.3411,846.83,0.0,False
3509,213.3543,-1.0,0.0,False
3510,213.3545,950.25,0.0,False
3511,213.359,904.04,0.0,False
3512,213.3594,906.78,0.0,False
3513,213.3633,-1.0,0.0,False
3514,213.3746,852.61,0.0,False
3515,213.3797,1041.61,0.0,False
3516,213.3857,-1.0,90.0,False
3517,213.3918,-1.0,90.0,False
3518,213.4025,,0.0,False
3519,213.4107,,0.0,False
3520,213.4131,-1.0,90.0,False
3521,213.4277,,0.0,False
3522,213.4405,-1.0,90.0,False
3523,213.4458,945.16,0.0,False
3524,213.4462,901.58,90.0,False
3525,213.45,,0.0,False
3526,213.4538,758.22,0.0,False
3527,213.4644,,0.0,False
3528,213.4688,-1.0,85.0,False
3529,213.4696,913.2,0.0,True
3530,213.4878,910.42,0.0,True
3531,213.5189,-1.0,0.0,False
3532,213.5469,-1.0,90.0,False
3533,213.5562,1042.36,90.0,True
3534,213.5802,882.96,0.0,False
3535,213.5807,,90.0,False
3536,213.5813,883.87,0.0,False
3537,213.5969,984.15,0.0,False
3538,213.6044,,19.0,False
3539,213.6075,-1.0,0.0,False
3540,213.6349,791.22,0.0,False
3541,213.644,,0.0,False
3542,213.6534,,0.0,False
3543,213.663,-1.0,90.0,True
3544,213.6702,-1.0,0.0,False
3545,213.7002,-1.0,0.0,True
3546,213.7138,-1.0,0.0,False
3547,213.7235,-1.0,0.0,True
3548,213.7262,,0.0,False
3549,213.7611,842.36,0.0,False
3550,213.77,-1.0,90.0,False
3551,213.7722,-1.0,90.0,False
3552,213.854,,0.0,False
3553,213.8673,,38.0,True
3554,213.8724,,25.3333,False
3555,213.8753,-1.0,90.0,False
3556,213.8838,-1.0,90.0,False
3557,213.8924,-1.0,0.0,False
3558,213.9075,,90.0,False
3559,213.9125,-1.0,0.0,True
3560,213.9318,-1.0,90.0,False
3561,213.9543,788.07,90.0,True
3562,213.9743,830.67,0.0,True
3563,213.9795,954.72,90.0,False
3564,213.9872,,0.0,False
3565,214.0084,865.03,0.0,False
3566,214.0235,918.5,85.0,False
3567,214.0251,,0.0,False
3568,214.0312,-1.0,0.0,False
3569,214.032,,0.0,False
3570,214.0428,-1.0,90.0,False
3571,214.0476,-1.0,90.0,False
3572,214.0544,-1.0,0.0,False
3573,214.0653,885.32,0.0,False
3574,214.0661,,0.0,True
3575,214.0754,,0.0,True
3576,214.094,895.19,90.0,False
3577,214.1004,-1.0,90.0,False
3578,214.1074,,0.0,False
3579,214.1213,,0.0,False
3580,214.1287,-1.0,38.0,False
3581,214.1474,,0.0,False
3582,214.152,-1.0,90.0,False
3583,214.162,-1.0,0.0,False
3584,214.1734,963.84,0.0,False
3585,214.1842,-1.0,0.0,False
3586,214.2082,-1.0,0.0,True
3587,214.2084,-1.0,90.0,False
3588,214.2181,,0.0,False
3589,214.2216,-1.0,0.0,False
3590,214.2354,,90.0,False
3591,214.2371,-1.0,0.0,True
3592,214.2403,947.8,0.0,False
3593,214.2455,931.62,0.0,False
3594,214.2579,-1.0,0.0,False
3595,214.2593,,0.0,False
3596,214.2781,,0.0,False
3597,214.2847,,90.0,False
3598,214.2855,-1.0,0.0,False
3599,214.302,,12.6667,False
3600,214.3029,-1.0,0.0,False
3601,214.3092,933.83,0.0,False
3602,214.3232,,90.0,False
3603,214.3386,,0.0,False
3604,214.3404,,90.0,False
3605,214.3456,-1.0,90.0,False
3606,214.3486,-1.0,0.0,False
3607,214.3551,-1.0,90.0,False
3608,214.3595,,90.0,False
3609,214.3666,-1.0,0.0,False
3610,214.3876,-1.0,0.0,False
3611,214.3982,906.37,0.0,False
3612,214.401,,90.0,False
3613,214.418,-1.0,0.0,True
3614,214.4261,,0.0,True
3615,214.4308,,0.0,False
3616,214.4354,-1.0,0.0,False
3617,214.4535,951.81,0.0,False
3618,214.4633,809.71,90.0,False
3619,214.4692,1029.22,0.0,False
3620,214.4721,-1.0,0.0,True
3621,214.4798,828.01,0.0,True
3622,214.5021,858.4,0.0,False
3623,214.5116,,90.0,False
3624,214.5303,,90.0,True
3625,214.5308,-1.0,0.0,False
3626,214.5668,-1.0,0.0,False
3627,214.5756,,85.0,False
3628,214.5777,-1.0,90.0,False
3629,214.6063,-1.0,0.0,True
3630,214.6172,,0.0,False
3631,214.632,,0.0,False
3632,214.638,,0.0,False
3633,214.6384,,0.0,False
3634,214.6385,,90.0,True
3635,214.6497,,0.0,False
3636,214.6542,,90.0,False
3637,214.6736,-1.0,0.0,False
3638,214.6867,,0.0,False
3639,214.6997,-1.0,0.0,False
3640,214.7041,,90.0,False
3641,214.7066,-1.0,0.0,True
3642,214.7297,,0.0,False
3643,214.737,837.44,90.0,False
3644,214.7375,-1.0,0.0,False
3645,214.7386,,90.0,False
3646,214.7392,-1.0,0.0,False
3647,214.7536,-1.0,90.0,False
3648,214.7669,-1.0,0.0,False
3649,214.7723,-1.0,0.0,False
3650,214.7893,,0.0,False
3651,214.7923,940.35,0.0,False
3652,214.8135,-1.0,0.0,False
3653,214.8252,917.89,0.0,False
3654,214.8589,-1.0,0.0,False
3655,214.8651,863.02,0.0,False
3656,214.8656,-1.0,0.0,True
3657,214.8713,-1.0,90.0,True
3658,214.8757,,0.0,True
3659,214.8845,,0.0,False
3660,214.9083,-1.0,0.0,False
3661,214.9093,,0.0,False
3662,214.9135,,0.0,False
3663,214.9323,,0.0,True
3664,214.9341,,0.0,True
3665,214.9341,-1.0,0.0,True
3666,214.94,-1.0,0.0,False
3667,214.9425,1003.34,90.0,False
3668,214.9446,-1.0,0.0,True
3669,214.9518,-1.0,0.0,False
3670,214.9533,,0.0,False
3671,214.9537,-1.0,90.0,False
3672,214.9538,,0.0,True
3673,214.9593,919.8,0.0,False
3674,214.9698,,0.0,False
3675,214.9758,813.66,0.0,False
3676,214.9819,-1.0,90.0,False
3677,214.9853,,90.0,False
3678,214.9913,916.25,0.0,False
3679,215.0236,,0.0,False
3680,215.0268,-1.0,0.0,False
3681,215.0327,,0.0,True
3682,215.0394,-1.0,0.0,False
3683,215.0417,,90.0,False
3684,215.078,923.02,0.0,True
3685,215.0863,-1.0,0.0,False
3686,215.0918,,38.0,True
3687,215.0944,,0.0,True
3688,215.1051,-1.0,0.0,False
3689,215.1066,,90.0,False
3690,215.116,,0.0,False
3691,215.132,,0.0,True
3692,215.134,-1.0,90.0,False
3693,215.1384,849.08,0.0,False
3694,215.1465,,0.0,False
3695,215.148,,0.0,True
3696,215.1738,-1.0,0.0,True
3697,215.1749,-1.0,90.0,False
3698,215.1774,,0.0,False
3699,215.1806,-1.0,0.0,False
3700,215.1847,936.5,0.0,False
3701,215.2009,954.94,0.0,False
3702,215.2018,,0.0,False
3703,215.2169,-1.0,0.0,True
3704,215.2219,,0.0,False
3705,215.2232,-1.0,0.0,False
3706,215.2257,938.73,0.0,True
3707,215.2413,-1.0,0.0,False
3708,215.2415,,0.0,False
3709,215.2418,,0.0,False
3710,215.2633,-1.0,0.0,False
3711,215.2671,-1.0,0.0,False
3712,215.2712,929.95,0.0,False
3713,215.2865,885.53,0.0,False
3714,215.2903,827.99,0.0,False
3715,215.2963,,0.0,False
3716,215.3021,,90.0,False
3717,215.3236,,0.0,False
3718,215.3351,-1.0,0.0,False
3719,215.3393,,0.0,False
3720,215.3396,,0.0,False
3721,215.3468,,0.0,False
3722,215.3782,-1.0,90.0,False
3723,215.4231,1041.17,90.0,False
3724,215.424,,0.0,False
3725,215.4288,-1.0,0.0,False
3726,215.4525,907.81,0.0,False
3727,215.456,-1.0,90.0,False
3728,215.4616,,90.0,False
3729,215.4735,,90.0,False
3730,215.4793,,0.0,False
3731,215.4843,-1.0,0.0,False
3732,215.4854,942.17,0.0,False
3733,215.4855,758.25,0.0,False
3734,215.4856,,0.0,False
3735,215.4916,958.25,0.0,True
3736,215.5173,-1.0,0.0,False
3737,215.5354,-1.0,0.0,False
3738,215.5432,-1.0,90.0,True
3739,215.5466,920.59,0.0,False
3740,215.5529,942.45,90.0,False
3741,215.5715,,90.0,False
3742,215.5831,-1.0,0.0,False
3743,215.5878,,0.0,False
3744,215.6029,-1.0,90.0,False
3745,215.619,906.48,0.0,True
3746,215.6214,-1.0,0.0,False
3747,215.6421,1097.1,90.0,False
3748,215.6422,,0.0,False
3749,215.6509,-1.0,90.0,False
3750,215.6586,-1.0,0.0,True
3751,215.6761,922.08,0.0,True
3752,215.6782,,0.0,False
3753,215.6884,-1.0,0.0,False
3754,215.7154,,0.0,False
3755,215.7195,886.43,0.0,False
3756,215.7268,-1.0,0.0,False
3757,215.7273,,12.6667,False
3758,215.7478,,0.0,False
3759,215.751,,0.0,False
3760,215.7577,-1.0,0.0,False
3761,215.7609,950.07,0.0,False
3762,215.7613,,0.0,True
3763,215.7846,1019.34,95.0,False
3764,215.7985,-1.0,0.0,False
3765,215.8292,,90.0,False
3766,215.8648,,0.0,True
3767,215.8843,,90.0,False
3768,215.888,975.66,0.0,True
3769,215.8906,,0.0,False
3770,215.9043,1127.63,0.0,False
3771,215.9106,-1.0,0.0,False
3772,215.9162,,0.0,False
3773,215.9201,,0.0,False
3774,215.9216,,0.0,True
3775,215.9246,,0.0,False
3776,215.9305,-1.0,0.0,True
3777,215.9469,,0.0,False
3778,215.9539,,0.0,True
3779,215.9541,,90.0,False
3780,215.9581,-1.0,90.0,False
3781,215.9584,,0.0,False
3782,215.9611,-1.0,0.0,False
3783,215.9809,932.18,90.0,False
3784,215.9907,,95.0,False
3785,216.0052,,0.0,False
3786,216.0056,,90.0,True
3787,216.0184,-1.0,0.0,False
3788,216.0197,887.15,0.0,False
3789,216.0214,-1.0,0.0,False
3790,216.0331,907.22,0.0,True
3791,216.0377,,0.0,False
3792,216.0416,,0.0,False
3793,216.0452,-1.0,0.0,False
3794,216.0629,907.58,0.0,False
3795,216.0691,,0.0,False
3796,216.0729,-1.0,0.0,False
3797,216.0799,,0.0,False
3798,216.08,-1.0,0.0,False
3799,216.0815,996.5,0.0,False
3800,216.082,933.08,0.0,True
3801,216.0911,,0.0,False
3802,216.0995,983.56,0.0,False
3803,216.1041,,90.0,False
3804,216.1107,1045.03,0.0,False
3805,216.151,-1.0,90.0,False
3806,216.1566,-1.0,0.0,True
3807,216.1592,,0.0,False
3808,216.1643,979.06,38.0,True
3809,216.1726,,90.0,False
3810,216.1855,,0.0,False
3811,216.2054,,90.0,False
3812,216.2055,836.02,90.0,False
3813,216.212,-1.0,0.0,False
3814,216.2148,,90.0,False
3815,216.2399,-1.0,0.0,False
3816,216.2436,,0.0,False
3817,216.2509,,0.0,False
3818,216.2526,,90.0,True
3819,216.259,-1.0,0.0,False
3820,216.2592,,0.0,True
3821,216.2615,-1.0,0.0,True
3822,216.2743,,0.0,False
3823,216.2755,,0.0,False
3824,216.2803,-1.0,0.0,False
3825,216.3128,,0.0,False
3826,216.3193,-1.0,0.0,False
3827,216.3207,,0.0,False
3828,216.3209,,90.0,False
3829,216.3219,-1.0,0.0,False
3830,216.3271,,0.0,False
3831,216.3368,,0.0,False
3832,216.38,912.0,0.0,False
3833,216.3844,951.15,0.0,False
3834,216.3848,,0.0,False
3835,216.3938,,0.0,False
3836,216.4222,,0.0,False
3837,216.4354,-1.0,19.0,False
3838,216.4493,-1.0,0.0,False
3839,216.4583,-1.0,90.0,False
3840,216.4743,-1.0,0.0,False
3841,216.4753,,0.0,False
3842,216.4819,,90.0,False
3843,216.4849,-1.0,0.0,False
3844,216.504,-1.0,90.0,True
3845,216.5067,,0.0,False
3846,216.5161,,85.0,False
3847,216.5186,-1.0,0.0,False
3848,216.5329,,0.0,False
3849,216.5563,-1.0,90.0,False
3850,216.5907,,0.0,True
3851,216.5979,903.9,57.0,False
3852,216.6048,-1.0,0.0,False
3853,216.6058,,0.0,False
3854,216.6087,1103.28,90.0,False
3855,216.6169,-1.0,90.0,False
3856,216.6206,,0.0,False
3857,216.6244,,0.0,False
3858,216.629,,0.0,False
3859,216.6472,-1.0,0.0,True
3860,216.6508,,90.0,False
3861,216.6522,903.4,90.0,False
3862,216.661,955.14,90.0,False
3863,216.6648,,0.0,False
3864,216.6688,-1.0,0.0,False
3865,216.6837,,0.0,False
3866,216.704,899.84,0.0,True
3867,216.7075,,0.0,False
3868,216.7166,-1.0,0.0,True
3869,216.7233,,90.0,False
3870,216.7342,,90.0,False
3871,216.7418,,38.0,False
3872,216.7455,,0.0,False
3873,216.7495,,0.0,True
3874,216.7621,-1.0,12.6667,False
3875,216.7628,819.68,0.0,False
3876,216.7775,,0.0,True
3877,216.7887,928.87,0.0,False
3878,216.7972,,90.0,False
3879,216.8455,,0.0,False
3880,216.8714,-1.0,0.0,True
3881,216.9416,-1.0,0.0,False
3882,216.943,,0.0,True
3883,216.9504,858.79,0.0,False
3884,216.9653,,0.0,False
3885,216.9671,-1.0,95.0,True
3886,216.9687,,90.0,True
3887,216.9705,,0.0,False
3888,216.9909,,90.0,True
3889,216.9951,-1.0,0.0,False
3890,216.9969,839.48,0.0,False
3891,217.0024,,0.0,False
3892,217.0109,-1.0,90.0,False
3893,217.0164,,90.0,False
3894,217.0186,909.46,90.0,False
3895,217.0204,-1.0,0.0,False
3896,217.0229,808.37,0.0,True
3897,217.027,828.78,90.0,True
3898,217.0292,,0.0,False
3899,217.0393,,0.0,False
3900,217.0432,,90.0,False
3901,217.045,,0.0,False
3902,217.0458,,90.0,False
3903,217.049,-1.0,90.0,False
3904,217.0543,-1.0,0.0,False
3905,217.0549,-1.0,0.0,False
3906,217.0595,885.89,0.0,True
3907,217.0615,,0.0,False
3908,217.068,-1.0,0.0,False
3909,217.069,,0.0,False
3910,217.075,,0.0,False
3911,217.0808,914.08,0.0,True
3912,217.0861,-1.0,90.0,False
3913,217.0954,-1.0,0.0,False
3914,217.0985,-1.0,0.0,False
3915,217.1041,-1.0,0.0,False
3916,217.1101,853.95,90.0,False
3917,217.1134,-1.0,0.0,False
3918,217.1173,819.43,0.0,True
3919,217.1297,,0.0,True
3920,217.1421,825.26,0.0,False
3921,217.1435,-1.0,90.0,False
3922,217.1588,-1.0,0.0,False
3923,217.159,-1.0,90.0,False
3924,217.1867,-1.0,0.0,True
3925,217.196,-1.0,0.0,False
3926,217.2053,,0.0,False
3927,217.2084,-1.0,0.0,True
3928,217.2143,,0.0,True
3929,217.2371,,90.0,True
3930,217.2428,,0.0,False
3931,217.2613,,0.0,False
3932,217.2791,,90.0,False
3933,217.2857,946.1,90.0,False
3934,217.2929,,0.0,False
3935,217.3095,-1.0,0.0,False
3936,217.3326,,0.0,True
3937,217.3349,,0.0,False
3938,217.3404,-1.0,0.0,False
3939,217.3587,,0.0,False
3940,217.3624,-1.0,0.0,False
3941,217.3697,-1.0,90.0,False
3942,217.3702,-1.0,0.0,False
3943,217.372,1119.46,90.0,False
3944,217.3854,,90.0,False
3945,217.3895,806.74,0.0,False
3946,217.4317,,90.0,False
3947,217.4385,812.89,0.0,False
3948,217.4508,,0.0,False
3949,217.4532,,12.6667,False
3950,217.4563,,90.0,False
3951,217.4882,1111.08,85.0,False
3952,217.4914,-1.0,0.0,True
3953,217.5052,-1.0,12.6667,False
3954,217.5087,998.08,0.0,False
3955,217.51,-1.0,0.0,False
3956,217.5172,974.03,0.0,False
3957,217.5209,-1.0,0.0,True
3958,217.5391,-1.0,90.0,False
3959,217.5523,987.07,0.0,False
3960,217.5557,-1.0,0.0,False
3961,217.5573,,0.0,False
3962,217.5843,,0.0,False
3963,217.5883,,0.0,False
3964,217.5899,980.98,0.0,True
3965,217.6135,-1.0,0.0,False
3966,217.6136,-1.0,0.0,False
3967,217.6251,,0.0,False
3968,217.6339,-1.0,0.0,False
3969,217.6403,812.34,0.0,False
3970,217.6451,945.08,90.0,False
3971,217.65,876.15,90.0,False
3972,217.6624,,0.0,True
3973,217.6658,-1.0,0.0,False
3974,217.6755,,19.0,False
3975,217.676,950.93,90.0,False
3976,217.6832,-1.0,0.0,False
3977,217.6871,919.13,90.0,True
3978,217.6967,,0.0,False
3979,217.7181,900.82,0.0,True
3980,217.7181,917.86,0.0,False
3981,217.7191,,0.0,False
3982,217.7224,1020.07,0.0,True
3983,217.7234,-1.0,0.0,False
3984,217.7294,,0.0,True
3985,217.7382,-1.0,90.0,False
3986,217.7411,-1.0,0.0,False
3987,217.7565,855.17,0.0,False
3988,217.7651,,0.0,False
3989,217.7721,,0.0,False
3990,217.7754,-1.0,0.0,False
3991,217.7767,-1.0,0.0,True
3992,217.7873,,90.0,False
3993,217.7978,,0.0,False
3994,217.8051,,0.0,False
3995,217.8051,768.44,0.0,True
3996,217.827,827.1,0.0,False
3997,217.8273,-1.0,0.0,False
3998,217.835,,0.0,False
3999,217.8512,1006.01,0.0,False
4000,217.8517,852.63,0.0,False
4001,217.8613,,0.0,True
4002,217.8662,,0.0,False
4003,217.8743,1005.53,0.0,True
4004,217.8778,-1.0,0.0,False
4005,217.882,-1.0,90.0,True
4006,217.9012,919.67,0.0,False
4007,217.9083,,0.0,False
4008,217.9084,,90.0,False
4009,217.912,-1.0,0.0,False
4010,217.9153,-1.0,90.0,False
4011,217.918,,0.0,False
4012,217.9391,-1.0,90.0,False
4013,217.9514,-1.0,0.0,False
4014,217.9558,862.74,90.0,False
4015,217.9651,-1.0,0.0,False
4016,217.9846,,90.0,False
4017,217.9916,-1.0,0.0,False
4018,217.9974,,90.0,False
4019,218.0039,850.34,90.0,False
4020,218.0042,,0.0,False
4021,218.0086,,0.0,False
4022,218.0094,907.85,0.0,False
4023,218.0097,,0.0,True
4024,218.0153,,0.0,False
4025,218.0316,822.18,0.0,False
4026,218.0354,863.36,0.0,True
4027,218.0405,-1.0,90.0,False
4028,218.0409,,0.0,False
4029,218.0613,860.15,0.0,False
4030,218.0843,920.55,0.0,False
4031,218.1005,964.93,0.0,False
4032,218.1019,-1.0,90.0,False
4033,218.107,866.79,90.0,False
4034,218.1292,-1.0,0.0,False
4035,218.1365,-1.0,0.0,False
4036,218.1438,825.03,90.0,False
4037,218.1546,,90.0,False
4038,218.1589,889.87,0.0,True
4039,218.1595,938.36,0.0,False
4040,218.1656,-1.0,90.0,False
4041,218.1775,947.22,90.0,False
4042,218.1964,,0.0,False
4043,218.1971,-1.0,90.0,False
4044,218.2004,,90.0,True
4045,218.2104,-1.0,0.0,False
4046,218.2105,-1.0,90.0,False
4047,218.2194,-1.0,0.0,False
4048,218.222,-1.0,0.0,True
4049,218.2236,,90.0,False
4050,218.2417,891.33,90.0,True
4051,218.2524,1006.76,90.0,False
4052,218.2636,,0.0,False
4053,218.2686,852.5,0.0,False
4054,218.2722,-1.0,0.0,False
4055,218.2772,-1.0,0.0,False
4056,218.2855,-1.0,0.0,False
4057,218.3031,,0.0,False
4058,218.3085,,90.0,False
4059,218.3145,898.44,0.0,False
4060,218.3157,-1.0,90.0,True
4061,218.3172,989.19,90.0,False
4062,218.3285,-1.0,0.0,True
4063,218.3348,1003.54,0.0,False
4064,218.3387,-1.0,0.0,False
4065,218.3427,,0.0,False
4066,218.3547,,0.0,False
4067,218.3636,,0.0,False
4068,218.3795,,0.0,True
4069,218.3972,820.66,90.0,False
4070,218.4247,,0.0,False
4071,218.4321,974.44,90.0,True
4072,218.4399,-1.0,0.0,False
4073,218.4525,,0.0,True
4074,218.4711,-1.0,0.0,False
4075,218.49,-1.0,0.0,False
4076,218.4934,902.92,0.0,False
4077,218.4961,-1.0,0.0,True
4078,218.5011,,90.0,False
4079,218.5092,,90.0,True
4080,218.5103,-1.0,90.0,False
4081,218.512,,0.0,True
4082,218.5391,-1.0,0.0,False
4083,218.5438,-1.0,0.0,False
4084,218.5504,,90.0,False
4085,218.5835,-1.0,0.0,True
4086,218.6127,-1.0,0.0,True
4087,218.6243,-1.0,0.0,False
4088,218.6299,-1.0,90.0,True
4089,218.6476,-1.0,0.0,False
4090,218.6477,,0.0,True
4091,218.652,804.96,90.0,False
4092,218.654,927.94,0.0,False
4093,218.6822,,0.0,True
4094,218.6961,,0.0,False
4095,218.7021,,90.0,True
4096,218.7092,840.46,0.0,False
4097,218.7112,-1.0,85.0,False
4098,218.7137,-1.0,0.0,False
4099,218.7172,,0.0,False
4100,218.7247,914.53,90.0,True
4101,218.7341,-1.0,90.0,False
4102,218.7405,-1.0,0.0,True
4103,218.7443,-1.0,0.0,False
4104,218.7489,840.79,90.0,False
4105,218.7519,,0.0,False
4106,218.7527,-1.0,0.0,False
4107,218.7567,,90.0,False
4108,218.7584,,0.0,False
4109,218.7585,-1.0,0.0,True
4110,218.7657,,90.0,False
4111,218.7658,,0.0,False
4112,218.7787,-1.0,0.0,True
4113,218.7853,-1.0,0.0,False
4114,218.7866,,90.0,False
4115,218.796,-1.0,0.0,False
4116,218.8025,,90.0,False
4117,218.8157,,90.0,False
4118,218.8416,1028.92,0.0,False
4119,218.8516,,0.0,True
4120,218.8576,-1.0,90.0,False
4121,218.8645,,0.0,False
4122,218.8655,-1.0,0.0,True
4123,218.8783,-1.0,38.0,False
4124,218.8797,-1.0,0.0,False
4125,218.8852,,90.0,False
4126,218.8932,933.11,0.0,False
4127,218.8941,818.18,90.0,False
4128,218.8957,1020.73,0.0,False
4129,218.9077,-1.0,0.0,False
4130,218.9095,-1.0,0.0,False
4131,218.9165,,90.0,False
4132,218.9387,,63.3333,True
4133,218.9434,-1.0,0.0,False
4134,218.9479,985.09,0.0,False
4135,218.9861,,85.0,False
4136,218.9972,,0.0,False
4137,219.0106,-1.0,0.0,False
4138,219.0149,-1.0,90.0,False
4139,219.0244,-1.0,0.0,False
4140,219.0268,,0.0,False
4141,219.033,,0.0,False
4142,219.0494,,0.0,True
4143,219.0526,-1.0,12.6667,False
4144,219.0558,908.51,0.0,False
4145,219.0667,-1.0,0.0,False
4146,219.0924,-1.0,0.0,False
4147,219.0929,-1.0,90.0,False
4148,219.0982,769.62,0.0,False
4149,219.0988,728.16,90.0,False
4150,219.1069,,0.0,False
4151,219.1143,,0.0,False
4152,219.1158,949.92,90.0,False
4153,219.1185,859.16,0.0,False
4154,219.1332,,0.0,False
4155,219.1417,,0.0,False
4156,219.1482,,57.0,False
4157,219.149,-1.0,0.0,True
4158,219.1514,-1.0,0.0,True
4159,219.1561,-1.0,90.0,False
4160,219.1802,946.82,0.0,False
4161,219.1829,-1.0,0.0,False
4162,219.1861,,90.0,False
4163,219.1951,,0.0,False
4164,219.1989,,90.0,True
4165,219.2045,,0.0,False
4166,219.2166,,0.0,False
4167,219.2265,-1.0,0.0,False
4168,219.2565,,0.0,True
4169,219.2766,-1.0,0.0,False
4170,219.2784,,0.0,False
4171,219.2812,-1.0,0.0,True
4172,219.2849,,19.0,False
4173,219.3017,,0.0,False
4174,219.3061,,12.6667,False
4175,219.3132,-1.0,90.0,False
4176,219.3319,,95.0,True
4177,219.3462,-1.0,0.0,False
4178,219.3521,-1.0,0.0,False
4179,219.3634,,90.0,False
4180,219.3732,892.16,0.0,False
4181,219.3752,-1.0,0.0,False
4182,219.3954,-1.0,0.0,False
4183,219.3959,-1.0,90.0,False
4184,219.4446,-1.0,90.0,False
4185,219.4475,1001.87,0.0,False
4186,219.4551,-1.0,90.0,False
4187,219.4573,-1.0,90.0,False
4188,219.4581,-1.0,90.0,False
4189,219.4638,-1.0,0.0,False
4190,219.4638,-1.0,90.0,True
4191,219.4775,-1.0,0.0,False
4192,219.5,782.58,90.0,False
4193,219.5139,835.82,0.0,False
4194,219.5268,-1.0,0.0,True
4195,219.528,-1.0,0.0,False
4196,219.54,,0.0,False
4197,219.5431,,90.0,False
4198,219.5663,1113.26,90.0,True
4199,219.5665,925.49,0.0,False
4200,219.5856,-1.0,0.0,False
4201,219.5916,-1.0,0.0,False
4202,219.597,,0.0,False
4203,219.6071,-1.0,0.0,False
4204,219.6122,,90.0,True
4205,219.6125,-1.0,0.0,False
4206,219.6233,917.64,0.0,True
4207,219.6245,-1.0,0.0,False
4208,219.6271,813.15,85.0,True
4209,219.6403,-1.0,90.0,True
4210,219.6405,,0.0,False
4211,219.649,,0.0,False
4212,219.6491,,0.0,False
4213,219.6547,863.28,0.0,False
4214,219.6687,,0.0,False
4215,219.6753,,0.0,False
4216,219.6908,-1.0,0.0,False
4217,219.7183,,0.0,False
4218,219.7236,-1.0,0.0,False
4219,219.7262,,0.0,True
4220,219.7345,879.27,0.0,True
4221,219.7346,911.17,90.0,False
4222,219.741,-1.0,0.0,False
4223,219.7421,1114.47,0.0,False
4224,219.7718,-1.0,0.0,False
4225,219.7779,,0.0,False
4226,219.7785,,90.0,False
4227,219.782,-1.0,0.0,False
4228,219.8145,,0.0,True
4229,219.8184,,90.0,True
4230,219.8342,979.24,90.0,False
4231,219.847,887.27,0.0,False
4232,219.8652,909.06,0.0,False
4233,219.8656,877.72,0.0,False
4234,219.8697,,0.0,False
4235,219.8737,,0.0,True
4236,219.8761,-1.0,90.0,False
4237,219.8966,,85.0,False
4238,219.9013,,0.0,False
4239,219.9196,,0.0,False
4240,219.9223,795.17,0.0,False
4241,219.9295,-1.0,0.0,True
4242,219.9355,,90.0,True
4243,219.9381,,0.0,False
4244,219.9484,,90.0,False
4245,219.9498,,90.0,False
4246,219.9525,919.26,0.0,True
4247,219.9559,-1.0,0.0,False
4248,219.9667,-1.0,0.0,False
4249,219.9694,-1.0,0.0,False
4250,219.9802,911.37,0.0,False
4251,219.9812,-1.0,0.0,False
4252,219.9962,,0.0,False
4253,220.0081,-1.0,0.0,True
4254,220.0137,,0.0,False
4255,220.0221,,0.0,True
4256,220.0384,-1.0,0.0,False
4257,220.0556,,0.0,False
4258,220.0629,-1.0,0.0,True
4259,220.0681,-1.0,0.0,False
4260,220.0704,,0.0,False
4261,220.0742,,0.0,False
4262,220.079,1042.11,90.0,False
4263,220.0847,,0.0,False
4264,220.0983,-1.0,0.0,True
4265,220.0992,,85.0,False
4266,220.1074,-1.0,0.0,False
4267,220.1078,951.27,90.0,True
4268,220.1174,,90.0,True
4269,220.1334,,0.0,True
4270,220.135,928.57,19.0,True
4271,220.1356,,0.0,False
4272,220.1423,-1.0,0.0,False
4273,220.1467,-1.0,0.0,True
4274,220.163,,0.0,False
4275,220.1681,-1.0,0.0,False
4276,220.1863,1008.2,0.0,False
4277,220.2057,-1.0,0.0,False
4278,220.2065,-1.0,0.0,False
4279,220.2082,,90.0,False
4280,220.2127,,0.0,False
4281,220.2143,,0.0,False
4282,220.2223,-1.0,0.0,False
4283,220.2314,-1.0,0.0,True
4284,220.2323,,0.0,False
4285,220.2324,,90.0,False
4286,220.2325,-1.0,0.0,False
4287,220.2377,,0.0,False
4288,220.2381,,90.0,False
4289,220.2465,875.61,0.0,False
4290,220.2491,-1.0,0.0,False
4291,220.2529,-1.0,0.0,False
4292,220.264,-1.0,0.0,True
4293,220.2661,-1.0,90.0,False
4294,220.2976,855.81,0.0,False
4295,220.3021,-1.0,0.0,False
4296,220.3179,,0.0,False
4297,220.3335,-1.0,0.0,False
4298,220.3349,-1.0,0.0,False
4299,220.3367,-1.0,90.0,False
4300,220.3525,,0.0,False
4301,220.36,945.79,0.0,False
4302,220.362,,0.0,True
4303,220.3629,,0.0,False
4304,220.3649,865.15,0.0,False
4305,220.3679,904.82,90.0,False
4306,220.3745,,90.0,True
4307,220.3836,-1.0,0.0,False
4308,220.3868,-1.0,0.0,True
4309,220.3901,894.27,0.0,True
4310,220.397,,0.0,False
4311,220.4062,,90.0,False
4312,220.4197,-1.0,0.0,False
4313,220.4236,-1.0,0.0,False
4314,220.4296,,0.0,True
4315,220.4327,,0.0,True
4316,220.4416,,0.0,False
4317,220.4433,-1.0,0.0,False
4318,220.4498,,90.0,False
4319,220.4502,,0.0,False
4320,220.4551,,0.0,False
4321,220.4628,880.56,0.0,False
4322,220.4688,-1.0,0.0,False
4323,220.4747,,0.0,False
4324,220.4762,978.67,90.0,False
4325,220.4829,-1.0,0.0,True
4326,220.4845,-1.0,0.0,False
4327,220.4888,,0.0,True
4328,220.4895,-1.0,0.0,False
4329,220.5069,-1.0,0.0,False
4330,220.5074,,85.0,True
4331,220.5165,850.34,0.0,False
4332,220.518,,0.0,False
4333,220.5196,833.16,0.0,False
4334,220.5206,,0.0,False
4335,220.5327,,0.0,False
4336,220.5348,931.71,90.0,False
4337,220.5471,-1.0,12.6667,False
4338,220.5709,871.57,0.0,False
4339,220.5728,-1.0,0.0,True
4340,220.5856,-1.0,90.0,False
4341,220.5955,,0.0,False
4342,220.6109,,0.0,False
4343,220.6133,,90.0,False
4344,220.6153,-1.0,0.0,False
4345,220.6382,-1.0,0.0,False
4346,220.6417,-1.0,0.0,False
4347,220.65,,0.0,False
4348,220.654,,0.0,False
4349,220.6587,,90.0,False
4350,220.6807,,0.0,False
4351,220.6818,-1.0,0.0,True
4352,220.6846,-1.0,90.0,True
4353,220.6867,973.72,90.0,False
4354,220.6928,,90.0,False
4355,220.7082,-1.0,90.0,False
4356,220.721,-1.0,0.0,False
4357,220.7228,,0.0,False
4358,220.7238,861.95,90.0,False
4359,220.7405,851.96,90.0,False
4360,220.7608,-1.0,90.0,False
4361,220.7632,-1.0,0.0,False
4362,220.7746,,0.0,False
4363,220.7781,,0.0,False
4364,220.7867,961.84,0.0,False
4365,220.7959,,0.0,False
4366,220.8246,860.89,0.0,False
4367,220.8283,-1.0,0.0,False
4368,220.8805,-1.0,0.0,False
4369,220.8978,-1.0,90.0,False
4370,220.8981,-1.0,0.0,False
4371,220.8987,,90.0,True
4372,220.9196,-1.0,0.0,False
4373,220.9299,,0.0,False
4374,220.9349,-1.0,0.0,False
4375,220.9365,-1.0,0.0,False
4376,220.9436,833.84,90.0,False
4377,220.9593,929.19,0.0,False
4378,220.9672,798.83,90.0,False
4379,220.9719,-1.0,0.0,False
4380,220.9856,-1.0,0.0,False
4381,220.9916,904.46,0.0,True
4382,221.0107,-1.0,0.0,False
4383,221.0165,,0.0,False
4384,221.0195,,0.0,False
4385,221.0344,-1.0,0.0,False
4386,221.0353,778.0,0.0,False
4387,221.0361,1082.12,0.0,False
4388,221.0513,-1.0,0.0,False
4389,221.0526,-1.0,0.0,True
4390,221.0603,,0.0,False
4391,221.0603,,0.0,False
4392,221.0701,-1.0,90.0,True
4393,221.0803,-1.0,0.0,False
4394,221.0867,-1.0,90.0,False
4395,221.0891,-1.0,90.0,False
4396,221.0906,886.08,0.0,False
4397,221.0946,-1.0,90.0,False
4398,221.1188,,90.0,False
4399,221.1307,,12.6667,False
4400,221.1377,995.32,0.0,False
4401,221.1391,,0.0,False
4402,221.1451,-1.0,0.0,False
4403,221.1498,904.24,0.0,False
4404,221.1584,826.1,0.0,False
4405,221.1589,,0.0,False
4406,221.1729,825.63,0.0,False
4407,221.1736,-1.0,0.0,False
4408,221.1814,,0.0,False
4409,221.1874,,0.0,False
4410,221.1901,-1.0,50.6667,False
4411,221.1936,879.19,85.0,False
4412,221.1969,938.53,0.0,False
4413,221.2008,,0.0,False
4414,221.2085,898.32,0.0,False
4415,221.2262,-1.0,0.0,False
4416,221.2376,-1.0,0.0,False
4417,221.2547,,0.0,False
4418,221.2762,-1.0,0.0,False
4419,221.288,-1.0,0.0,False
4420,221.2958,-1.0,0.0,False
4421,221.2966,1045.48,0.0,False
4422,221.2993,,0.0,False
4423,221.3082,,0.0,False
4424,221.3089,-1.0,90.0,False
4425,221.3247,947.14,0.0,False
4426,221.3274,-1.0,90.0,True
4427,221.3416,,90.0,False
4428,221.3513,,90.0,False
4429,221.3665,973.42,90.0,False
4430,221.3758,-1.0,0.0,False
4431,221.3807,-1.0,0.0,True
4432,221.3814,-1.0,0.0,False
4433,221.392,,0.0,False
4434,221.404,-1.0,90.0,True
4435,221.4101,,0.0,False
4436,221.4234,898.77,90.0,False
4437,221.4291,947.31,90.0,False
4438,221.4459,928.39,0.0,False
4439,221.4464,-1.0,0.0,False
4440,221.4551,-1.0,0.0,True
4441,221.4551,-1.0,0.0,False
4442,221.462,,90.0,False
4443,221.4635,,0.0,True
4444,221.4665,959.28,0.0,True
4445,221.467,,0.0,False
4446,221.4858,-1.0,0.0,False
4447,221.5283,961.86,0.0,False
4448,221.5378,-1.0,0.0,False
4449,221.5469,-1.0,90.0,True
4450,221.5523,-1.0,0.0,True
4451,221.5553,-1.0,0.0,True
4452,221.5617,,0.0,False
4453,221.5636,,90.0,False
4454,221.5828,,0.0,True
4455,221.5912,-1.0,0.0,False
4456,221.5985,-1.0,0.0,False
4457,221.6113,-1.0,0.0,False
4458,221.6281,952.79,0.0,False
4459,221.6297,-1.0,0.0,False
4460,221.6337,-1.0,90.0,False
4461,221.6382,,0.0,False
4462,221.6607,972.83,0.0,False
4463,221.6706,-1.0,0.0,True
4464,221.671,1004.44,90.0,False
4465,221.6736,,90.0,False
4466,221.6761,-1.0,90.0,False
4467,221.6803,914.84,90.0,False
4468,221.6806,801.15,0.0,True
4469,221.7127,,0.0,False
4470,221.7131,-1.0,0.0,False
4471,221.7203,1020.58,0.0,True
4472,221.7238,-1.0,90.0,False
4473,221.7251,-1.0,0.0,False
4474,221.7413,-1.0,0.0,True
4475,221.7446,,0.0,False
4476,221.7475,-1.0,0.0,False
4477,221.7868,852.3,0.0,False
4478,221.7961,-1.0,0.0,False
4479,221.7965,,90.0,False
4480,221.7986,887.22,0.0,False
4481,221.8128,827.41,0.0,True
4482,221.8143,970.51,0.0,False
4483,221.8188,924.51,90.0,False
4484,221.8322,-1.0,0.0,False
4485,221.839,-1.0,0.0,True
4486,221.8656,890.86,0.0,False
4487,221.8706,-1.0,90.0,False
4488,221.8831,804.38,12.6667,False
4489,221.8855,-1.0,0.0,False
4490,221.9002,,0.0,False
4491,221.9012,-1.0,0.0,True
4492,221.9097,1007.59,0.0,False
4493,221.9099,977.02,90.0,False
4494,221.9266,,90.0,False
4495,221.9281,818.74,0.0,False
4496,221.9331,-1.0,90.0,False
4497,221.9649,,0.0,False
4498,221.9665,912.71,90.0,False
4499,221.9673,-1.0,0.0,True
4500,221.9821,-1.0,0.0,False
4501,221.9917,,0.0,True
4502,222.0014,-1.0,0.0,False
4503,222.0083,,0.0,False
4504,222.0084,,0.0,False
4505,222.021,-1.0,90.0,False
4506,222.0332,,0.0,False
4507,222.0352,945.73,0.0,True
4508,222.0434,-1.0,0.0,False
4509,222.0464,844.49,63.3333,False
4510,222.0596,,0.0,True
4511,222.0626,1045.11,0.0,False
4512,222.0664,-1.0,0.0,False
4513,222.0752,861.15,0.0,False
4514,222.0815,-1.0,0.0,False
4515,222.0956,976.16,90.0,False
4516,222.0963,901.94,0.0,False
4517,222.0997,-1.0,0.0,False
4518,222.1087,,0.0,False
4519,222.1109,904.97,0.0,False
4520,222.1117,945.76,90.0,False
4521,222.127,,0.0,False
4522,222.1351,,0.0,False
4523,222.1408,907.78,0.0,False
4524,222.1475,-1.0,0.0,True
4525,222.1506,-1.0,90.0,False
4526,222.151,,0.0,False
4527,222.1516,,19.0,False
4528,222.1622,-1.0,0.0,False
4529,222.1653,-1.0,12.6667,False
4530,222.1656,,0.0,False
4531,222.167,,90.0,False
4532,222.1671,,90.0,False
4533,222.1726,,0.0,False
4534,222.1745,,0.0,False
4535,222.1868,810.99,0.0,False
4536,222.1902,,0.0,False
4537,222.1949,-1.0,0.0,False
4538,222.2048,754.91,0.0,True
4539,222.2074,-1.0,90.0,False
4540,222.2123,,0.0,False
4541,222.2342,861.59,0.0,False
4542,222.2382,-1.0,0.0,False
4543,222.2386,,90.0,False
4544,222.2422,-1.0,0.0,False
4545,222.2464,879.26,0.0,False
4546,222.2517,,0.0,False
4547,222.2535,-1.0,0.0,False
4548,222.2579,,90.0,False
4549,222.2657,,0.0,False
4550,222.272,-1.0,90.0,False
4551,222.2744,881.49,0.0,False
4552,222.3074,,0.0,False
4553,222.3307,,0.0,False
4554,222.3351,817.44,0.0,False
4555,222.3353,-1.0,0.0,False
4556,222.3371,934.84,0.0,False
4557,222.3383,773.23,0.0,False
4558,222.3508,926.69,0.0,False
4559,222.3578,,0.0,True
4560,222.3658,-1.0,0.0,False
4561,222.3711,976.95,0.0,False
4562,222.3731,,90.0,False
4563,222.3781,860.09,0.0,False
4564,222.3785,,0.0,False
4565,222.3837,-1.0,0.0,False
4566,222.3866,921.84,0.0,False
4567,222.3915,,90.0,True
4568,222.3983,-1.0,0.0,False
4569,222.4053,,0.0,False
4570,222.4083,,0.0,True
4571,222.4113,1163.11,0.0,False
4572,222.4147,-1.0,0.0,False
4573,222.4213,-1.0,0.0,False
4574,222.4262,-1.0,0.0,True
4575,222.4406,-1.0,0.0,True
4576,222.4412,-1.0,0.0,False
4577,222.4545,-1.0,90.0,False
4578,222.4568,859.35,0.0,False
4579,222.4588,,0.0,False
4580,222.4664,-1.0,0.0,False
4581,222.4669,,0.0,False
4582,222.4706,,0.0,True
4583,222.4852,,0.0,False
4584,222.4964,890.58,90.0,False
4585,222.5165,890.9,0.0,False
4586,222.5246,-1.0,0.0,False
4587,222.5303,-1.0,0.0,False
4588,222.5369,-1.0,0.0,False
4589,222.5446,,90.0,False
4590,222.5538,812.69,0.0,False
4591,222.5538,-1.0,0.0,False
4592,222.5546,-1.0,0.0,False
4593,222.5557,-1.0,0.0,False
4594,222.5625,-1.0,0.0,False
4595,222.5662,,0.0,True
4596,222.5689,,0.0,False
4597,222.5892,885.08,0.0,False
4598,222.5906,-1.0,0.0,False
4599,222.5927,,0.0,False
4600,222.5941,-1.0,90.0,False
4601,222.6041,,0.0,True
4602,222.613,883.39,0.0,False
4603,222.6299,-1.0,90.0,True
4604,222.6309,,0.0,False
4605,222.6365,-1.0,0.0,False
4606,222.6443,,0.0,False
4607,222.6449,,90.0,True
4608,222.6499,,0.0,False
4609,222.6601,886.16,90.0,False
4610,222.6607,-1.0,0.0,False
4611,222.6616,951.59,0.0,False
4612,222.6618,,90.0,False
4613,222.6623,-1.0,0.0,False
4614,222.6625,-1.0,0.0,False
4615,222.6652,-1.0,90.0,False
4616,222.6669,,0.0,False
4617,222.6677,,90.0,False
4618,222.6683,934.59,0.0,False
4619,222.6687,-1.0,0.0,False
4620,222.6732,,0.0,False
4621,222.683,,0.0,False
4622,222.6903,,0.0,True
4623,222.7156,-1.0,0.0,False
4624,222.722,1016.33,0.0,False
4625,222.7237,995.8,90.0,True
4626,222.7249,-1.0,0.0,False
4627,222.7438,828.82,0.0,True
4628,222.7616,1006.42,0.0,False
4629,222.7696,,0.0,False
4630,222.7834,-1.0,0.0,False
4631,222.8095,-1.0,0.0,False
4632,222.821,948.3,90.0,False
4633,222.8219,796.2,0.0,False
4634,222.8223,,0.0,False
4635,222.8224,808.95,90.0,False
4636,222.8263,892.47,90.0,True
4637,222.827,,12.6667,False
4638,222.8324,-1.0,0.0,False
4639,222.8357,903.55,0.0,False
4640,222.8386,912.47,90.0,False
4641,222.8495,,0.0,True
4642,222.8554,-1.0,90.0,True
4643,222.8591,,0.0,False
4644,222.8621,,0.0,False
4645,222.8749,975.25,90.0,False
4646,222.8751,,0.0,True
4647,222.8869,877.04,0.0,True
4648,222.8942,878.9,90.0,False
4649,222.8961,840.93,90.0,True
4650,222.9004,-1.0,90.0,False
4651,222.9041,-1.0,0.0,True
4652,222.9107,-1.0,0.0,True
4653,222.9115,-1.0,0.0,False
4654,222.9274,944.95,0.0,False
4655,222.9312,,0.0,False
4656,222.9325,-1.0,0.0,False
4657,222.9338,-1.0,0.0,False
4658,222.9404,,0.0,False
4659,222.9451,908.53,0.0,False
4660,222.9456,,0.0,True
4661,222.9457,-1.0,0.0,False
4662,222.9614,,0.0,False
4663,222.9689,-1.0,0.0,False
4664,222.9763,-1.0,0.0,False
4665,222.9801,,90.0,False
4666,222.9824,-1.0,0.0,False
4667,222.9875,946.53,0.0,False
4668,222.9907,,0.0,False
4669,223.002,810.88,90.0,False
4670,223.0057,,0.0,False
4671,223.0065,840.17,0.0,True
4672,223.0068,-1.0,0.0,True
4673,223.0135,,90.0,True
4674,223.0208,,90.0,False
4675,223.0248,857.17,0.0,False
4676,223.0256,-1.0,0.0,True
4677,223.0313,,0.0,False
4678,223.0368,,0.0,True
4679,223.057,-1.0,0.0,True
4680,223.0603,,0.0,False
4681,223.0685,-1.0,0.0,False
4682,223.076,-1.0,90.0,True
4683,223.1049,-1.0,90.0,False
4684,223.1059,,0.0,False
4685,223.1233,-1.0,0.0,False
4686,223.126,,0.0,False
4687,223.1285,-1.0,0.0,False
4688,223.1329,-1.0,90.0,False
4689,223.1341,,0.0,False
4690,223.137,-1.0,0.0,False
4691,223.1521,,0.0,False
4692,223.158,-1.0,0.0,False
4693,223.1636,809.18,0.0,False
4694,223.1697,837.76,90.0,False
4695,223.1741,-1.0,90.0,False
4696,223.1764,844.88,0.0,False
4697,223.1863,,0.0,False
4698,223.1963,,0.0,False
4699,223.1984,841.01,0.0,False
4700,223.2031,910.78,0.0,False
4701,223.2077,870.76,0.0,False
4702,223.2117,,90.0,False
4703,223.2172,,0.0,False
4704,223.2202,,90.0,True
4705,223.226,,0.0,True
4706,223.2351,,0.0,False
4707,223.2395,-1.0,0.0,False
4708,223.2448,775.81,90.0,False
4709,223.2449,,0.0,False
4710,223.2493,,0.0,False
4711,223.2536,-1.0,90.0,False
4712,223.2544,,0.0,True
4713,223.2587,-1.0,0.0,False
4714,223.2748,-1.0,0.0,False
4715,223.2784,877.32,90.0,False
4716,223.2891,,90.0,False
4717,223.2952,-1.0,90.0,True
4718,223.2955,-1.0,90.0,False
4719,223.3059,-1.0,0.0,False
4720,223.3104,-1.0,90.0,False
4721,223.3139,962.62,0.0,False
4722,223.3172,-1.0,50.6667,True
4723,223.32,1049.14,0.0,False
4724,223.3361,,90.0,True
4725,223.3456,,0.0,False
4726,223.3552,-1.0,0.0,False
4727,223.3579,-1.0,0.0,True
4728,223.3772,933.59,0.0,False
4729,223.3941,-1.0,90.0,False
4730,223.3996,-1.0,90.0,False
4731,223.4024,,0.0,False
4732,223.4027,-1.0,12.6667,False
4733,223.4092,891.9,90.0,False
4734,223.4093,,90.0,True
4735,223.4116,,0.0,False
4736,223.4164,-1.0,0.0,False
4737,223.426,1007.45,0.0,False
4738,223.4517,-1.0,0.0,False
4739,223.4543,,0.0,False
4740,223.4557,-1.0,0.0,False
4741,223.4565,,0.0,False
4742,223.4608,,0.0,False
4743,223.4644,940.91,0.0,False
4744,223.4762,,0.0,False
4745,223.4875,,0.0,False
4746,223.4903,-1.0,0.0,False
4747,223.4999,-1.0,0.0,False
4748,223.5082,-1.0,0.0,False
4749,223.5199,,90.0,False
4750,223.5247,-1.0,0.0,False
4751,223.526,,0.0,False
4752,223.5265,-1.0,0.0,False
4753,223.5277,-1.0,90.0,False
4754,223.5527,-1.0,90.0,False
4755,223.5578,-1.0,0.0,True
4756,223.5616,,0.0,False
4757,223.5763,,0.0,True
4758,223.5809,-1.0,90.0,False
4759,223.5867,-1.0,0.0,False
4760,223.5954,-1.0,90.0,False
4761,223.5967,955.69,38.0,False
4762,223.612,,90.0,True
4763,223.614,-1.0,0.0,False
4764,223.6248,976.07,0.0,False
4765,223.626,,0.0,False
4766,223.6399,,0.0,False
4767,223.6639,-1.0,90.0,False
4768,223.6644,,0.0,False
4769,223.6811,826.68,0.0,True
4770,223.6829,895.09,0.0,False
4771,223.6864,-1.0,0.0,True
4772,223.69,963.09,0.0,False
4773,223.6924,1107.4,0.0,False
4774,223.6952,-1.0,90.0,False
4775,223.7027,,0.0,False
4776,223.7176,847.08,0.0,False
4777,223.7194,-1.0,0.0,True
4778,223.7231,,90.0,False
4779,223.7239,-1.0,0.0,False
4780,223.7382,1025.58,0.0,False
4781,223.7509,960.63,0.0,False
4782,223.7604,,0.0,False
4783,223.7605,-1.0,0.0,False
4784,223.7649,,90.0,False
4785,223.7671,-1.0,0.0,False
4786,223.7692,997.1,0.0,False
4787,223.7853,811.83,0.0,False
4788,223.805,,0.0,True
4789,223.8092,-1.0,90.0,False
4790,223.8202,822.04,0.0,False
4791,223.8207,-1.0,0.0,False
4792,223.8212,-1.0,90.0,True
4793,223.8234,-1.0,0.0,False
4794,223.8247,-1.0,90.0,False
4795,223.8281,-1.0,0.0,False
4796,223.8377,,0.0,False
4797,223.8484,-1.0,0.0,False
4798,223.8652,-1.0,0.0,False
4799,223.8716,-1.0,0.0,False
4800,223.8788,-1.0,0.0,True
4801,223.881,-1.0,0.0,False
4802,223.922,-1.0,0.0,False
4803,223.9261,,0.0,False
4804,223.9415,,90.0,False
4805,223.9461,-1.0,90.0,False
4806,223.9463,,0.0,False
4807,223.9471,,0.0,False
4808,223.9521,-1.0,0.0,False
4809,223.957,952.31,0.0,False
4810,223.9593,,0.0,False
4811,223.961,-1.0,90.0,False
4812,223.9694,,0.0,True
4813,223.9725,-1.0,0.0,False
4814,223.9818,,0.0,False
4815,223.9823,-1.0,38.0,False
4816,223.9835,-1.0,90.0,True
4817,223.9858,,0.0,True
4818,223.9887,1052.6,12.6667,True
4819,224.0018,1073.45,0.0,False
4820,224.0117,752.3,90.0,False
4821,224.0122,985.72,0.0,False
4822,224.0215,908.81,0.0,False
4823,224.025,,90.0,False
4824,224.0315,,0.0,True
4825,224.048,936.7,90.0,True
4826,224.0611,961.74,0.0,False
4827,224.0741,-1.0,90.0,False
4828,224.0904,,0.0,False
4829,224.0912,939.94,0.0,False
4830,224.1125,-1.0,0.0,False
4831,224.1177,-1.0,90.0,False
4832,224.1183,-1.0,0.0,False
4833,224.1197,841.97,0.0,True
4834,224.1276,,90.0,False
4835,224.1337,,90.0,False
4836,224.1422,-1.0,90.0,False
4837,224.1453,,0.0,False
4838,224.1528,-1.0,0.0,False
4839,224.1584,-1.0,90.0,True
4840,224.1761,,0.0,False
4841,224.1762,-1.0,38.0,False
4842,224.1799,,0.0,False
4843,224.1911,-1.0,0.0,False
4844,224.1929,,0.0,False
4845,224.1971,-1.0,90.0,False
4846,224.2055,869.08,90.0,False
4847,224.2059,-1.0,0.0,False
4848,224.2127,981.27,0.0,False
4849,224.2154,-1.0,0.0,False
4850,224.2176,,0.0,True
4851,224.2226,,90.0,False
4852,224.2265,1010.76,0.0,True
4853,224.231,845.69,0.0,False
4854,224.2314,,0.0,False
4855,224.2462,-1.0,90.0,False
4856,224.248,,90.0,False
4857,224.2661,-1.0,0.0,True
4858,224.271,-1.0,19.0,False
4859,224.2776,-1.0,0.0,True
4860,224.2833,,0.0,False
4861,224.2986,799.72,0.0,False
4862,224.3012,-1.0,90.0,False
4863,224.3066,868.37,90.0,False
4864,224.3118,-1.0,0.0,True
4865,224.3141,890.97,90.0,False
4866,224.3177,815.0,0.0,False
4867,224.3338,890.6,0.0,False
4868,224.3391,874.1,0.0,False
4869,224.3394,,0.0,False
4870,224.3406,,0.0,False
4871,224.3486,1025.99,0.0,False
4872,224.3558,,0.0,True
4873,224.373,,0.0,False
4874,224.3733,,0.0,False
4875,224.3929,-1.0,0.0,True
4876,224.3935,-1.0,90.0,False
4877,224.398,-1.0,0.0,False
4878,224.4036,-1.0,0.0,False
4879,224.4087,-1.0,0.0,False
4880,224.4153,885.74,0.0,False
4881,224.4254,-1.0,90.0,False
4882,224.4312,,0.0,True
4883,224.4338,962.66,0.0,False
4884,224.4405,,0.0,False
4885,224.4406,-1.0,0.0,False
4886,224.4582,,0.0,False
4887,224.4707,-1.0,90.0,False
4888,224.4718,,90.0,False
4889,224.4721,,0.0,True
4890,224.4727,-1.0,0.0,False
4891,224.4735,,0.0,False
4892,224.481,,0.0,False
4893,224.4841,-1.0,0.0,False
4894,224.4881,-1.0,90.0,False
4895,224.4916,,0.0,False
4896,224.5082,,90.0,False
4897,224.5117,,0.0,False
4898,224.5139,,90.0,False
4899,224.5195,-1.0,90.0,True
4900,224.5198,940.84,0.0,False
4901,224.5277,-1.0,0.0,False
4902,224.5389,903.45,90.0,True
4903,224.546,-1.0,0.0,False
4904,224.546,993.79,90.0,True
4905,224.5496,840.39,0.0,True
4906,224.5556,,90.0,False
4907,224.5557,1032.94,0.0,True
4908,224.5571,,12.6667,False
4909,224.56,992.7,0.0,False
4910,224.5783,838.22,0.0,False
4911,224.5851,-1.0,90.0,True
4912,224.5872,-1.0,0.0,True
4913,224.5932,-1.0,0.0,False
4914,224.5996,,0.0,False
4915,224.6092,,0.0,False
4916,224.6116,,0.0,False
4917,224.6184,,90.0,False
4918,224.6306,937.06,90.0,False
4919,224.6394,929.9,0.0,False
4920,224.6446,-1.0,0.0,False
4921,224.6495,,90.0,False
4922,224.651,-1.0,0.0,True
4923,224.6618,,90.0,False
4924,224.6688,903.17,0.0,False
4925,224.6694,-1.0,0.0,False
4926,224.6748,-1.0,0.0,False
4927,224.6786,867.58,0.0,False
4928,224.6829,,0.0,False
4929,224.6867,925.6,90.0,True
4930,224.687,938.44,0.0,False
4931,224.6939,,0.0,False
4932,224.7034,-1.0,0.0,False
4933,224.7049,854.93,0.0,False
4934,224.7185,-1.0,25.3333,False
4935,224.7213,,0.0,False
4936,224.7218,-1.0,0.0,False
4937,224.7636,,0.0,True
4938,224.7673,930.96,90.0,False
4939,224.769,889.06,0.0,True
4940,224.7822,-1.0,0.0,False
4941,224.7882,914.83,90.0,True
4942,224.7906,,90.0,False
4943,224.7927,,0.0,False
4944,224.802,1019.83,0.0,True
4945,224.8059,,0.0,False
4946,224.81,,90.0,True
4947,224.8237,-1.0,0.0,False
4948,224.8286,-1.0,0.0,False
4949,224.8357,812.66,0.0,False
4950,224.8381,,85.0,False
4951,224.8412,-1.0,0.0,False
4952,224.8491,,0.0,False
4953,224.8514,,0.0,False
4954,224.8618,-1.0,90.0,True
4955,224.8622,-1.0,90.0,False
4956,224.8624,776.03,0.0,True
4957,224.8642,,90.0,False
4958,224.8652,,90.0,True
4959,224.8719,,0.0,False
4960,224.8733,-1.0,90.0,False
4961,224.8807,883.18,0.0,False
4962,224.8881,981.47,0.0,False
4963,224.8902,-1.0,0.0,False
4964,224.8986,787.11,90.0,False
4965,224.9041,-1.0,0.0,False
4966,224.9075,-1.0,0.0,True
4967,224.9099,-1.0,0.0,False
4968,224.9106,-1.0,90.0,False
4969,224.9125,-1.0,0.0,False
4970,224.9274,-1.0,0.0,False
4971,224.9383,,90.0,False
4972,224.9417,804.31,0.0,False
4973,224.9469,866.26,0.0,False
4974,224.9525,,0.0,False
4975,224.9533,,0.0,False
4976,224.9556,793.8,90.0,False
4977,224.959,867.46,90.0,False
4978,224.9704,-1.0,0.0,True
4979,224.9781,-1.0,0.0,False
4980,224.9801,975.31,0.0,False
4981,224.9946,-1.0,95.0,True
4982,224.9969,,0.0,False
4983,225.0206,,0.0,False
4984,225.0308,841.11,0.0,False
4985,225.0363,-1.0,0.0,False
4986,225.0395,,90.0,False
4987,225.0407,,0.0,False
4988,225.0617,817.31,0.0,False
4989,225.0669,881.28,0.0,True
4990,225.0732,,0.0,True
4991,225.0798,,0.0,False
4992,225.089,960.67,0.0,False
4993,225.1103,829.27,90.0,False
4994,225.1186,-1.0,0.0,False
4995,225.1306,-1.0,0.0,False
4996,225.1418,-1.0,0.0,False
4997,225.15,,0.0,False
4998,225.157,,0.0,True
4999,225.1711,,0.0,False
5000,225.192,-1.0,0.0,False
5001,225.2013,,0.0,False
5002,225.2026,,0.0,False
5003,225.209,,90.0,False
5004,225.2114,-1.0,0.0,False
5005,225.2157,-1.0,0.0,False
5006,225.2356,850.5,19.0,False
5007,225.2588,,90.0,False
5008,225.2769,,38.0,False
5009,225.2877,-1.0,0.0,True
5010,225.3017,-1.0,0.0,False
5011,225.3031,987.46,0.0,False
5012,225.3033,-1.0,0.0,False
5013,225.3098,824.9,0.0,False
5014,225.3123,,0.0,True
5015,225.3144,-1.0,0.0,False
5016,225.3209,,0.0,False
5017,225.3222,,0.0,False
5018,225.3324,,0.0,False
5019,225.34,-1.0,0.0,False
5020,225.3465,-1.0,0.0,False
5021,225.3569,,0.0,False
5022,225.3823,1026.93,0.0,True
5023,225.3825,,90.0,False
5024,225.3916,-1.0,57.0,False
5025,225.3952,758.22,0.0,False
5026,225.4109,-1.0,0.0,False
5027,225.4165,-1.0,0.0,False
5028,225.4267,,0.0,False
5029,225.429,,0.0,True
5030,225.4305,-1.0,90.0,True
5031,225.4314,862.82,0.0,False
5032,225.4353,,0.0,False
5033,225.4384,,0.0,False
5034,225.4394,-1.0,0.0,False
5035,225.4451,924.2,0.0,False
5036,225.4624,-1.0,90.0,False
5037,225.4714,851.72,0.0,False
5038,225.4816,-1.0,0.0,True
5039,225.4946,-1.0,0.0,False
5040,225.4962,-1.0,0.0,False
5041,225.5064,-1.0,0.0,True
5042,225.5347,,0.0,True
5043,225.5357,,0.0,False
5044,225.5398,-1.0,90.0,False
5045,225.5402,-1.0,90.0,False
5046,225.5441,-1.0,0.0,False
5047,225.5447,921.72,0.0,False
5048,225.552,855.36,0.0,False
5049,225.5578,,0.0,False
5050,225.5701,980.99,0.0,False
5051,225.58,-1.0,0.0,False
5052,225.5967,902.84,0.0,True
5053,225.5973,978.43,90.0,False
5054,225.6038,,0.0,False
5055,225.6039,-1.0,0.0,False
5056,225.6079,-1.0,90.0,True
5057,225.6217,,0.0,False
5058,225.636,812.93,85.0,False
5059,225.6386,,0.0,True
5060,225.6398,966.64,0.0,False
5061,225.6493,,0.0,False
5062,225.6586,,0.0,False
5063,225.6635,,0.0,True
5064,225.6834,,0.0,False
5065,225.6844,,0.0,False
5066,225.6923,,0.0,False
5067,225.6952,849.34,0.0,True
5068,225.7032,-1.0,0.0,False
5069,225.7087,840.71,0.0,False
5070,225.7141,,0.0,False
5071,225.7199,,0.0,False
5072,225.7317,,90.0,False
5073,225.7355,,90.0,False
5074,225.748,,0.0,False
5075,225.7488,,90.0,False
5076,225.7558,-1.0,0.0,False
5077,225.767,890.94,0.0,False
5078,225.77,,0.0,True
5079,225.7817,,0.0,True
5080,225.7907,978.69,90.0,False
5081,225.7944,1131.52,0.0,False
5082,225.798,-1.0,0.0,False
5083,225.8027,,0.0,False
5084,225.8034,956.72,0.0,True
5085,225.823,-1.0,0.0,True
5086,225.8306,,0.0,False
5087,225.8312,-1.0,0.0,False
5088,225.8443,-1.0,0.0,True
5089,225.8457,914.08,0.0,False
5090,225.8464,,90.0,False
5091,225.8503,-1.0,0.0,False
5092,225.8883,-1.0,0.0,False
5093,225.9187,,90.0,False
5094,225.9261,,0.0,True
5095,225.9261,-1.0,0.0,False
5096,225.9327,-1.0,0.0,True
5097,225.9452,840.54,0.0,True
5098,225.9477,,0.0,False
5099,225.9481,,0.0,False
5100,225.9672,,0.0,False
5101,225.986,,0.0,False
5102,225.9908,-1.0,0.0,False
5103,225.9978,,0.0,True
5104,226.0087,,0.0,False
5105,226.0271,,0.0,False
5106,226.0474,880.58,0.0,True
5107,226.0475,,90.0,True
5108,226.0733,-1.0,90.0,False
5109,226.0748,-1.0,0.0,False
5110,226.0868,,0.0,False
5111,226.0981,-1.0,0.0,False
5112,226.0999,,90.0,False
5113,226.1038,,0.0,True
5114,226.1441,892.95,0.0,False
5115,226.1456,,0.0,False
5116,226.1524,,0.0,False
5117,226.161,-1.0,90.0,False
5118,226.1837,-1.0,0.0,True
5119,226.1866,-1.0,0.0,True
5120,226.2126,,0.0,False
5121,226.2162,,0.0,False
5122,226.2211,-1.0,0.0,False
5123,226.2288,,0.0,False
5124,226.2292,842.58,90.0,False
5125,226.2301,955.05,90.0,False
5126,226.2394,-1.0,90.0,False
5127,226.241,-1.0,0.0,True
5128,226.2424,,0.0,True
5129,226.2497,,90.0,False
5130,226.2529,,0.0,False
5131,226.2746,834.24,0.0,False
5132,226.3008,,0.0,True
5133,226.3058,-1.0,0.0,False
5134,226.3203,-1.0,0.0,True
5135,226.3385,,0.0,False
5136,226.3421,863.22,0.0,False
5137,226.3563,-1.0,0.0,True
5138,226.3723,-1.0,0.0,True
5139,226.3755,-1.0,0.0,False
5140,226.3847,-1.0,0.0,False
5141,226.4002,,0.0,True
5142,226.4144,799.42,0.0,False
5143,226.4319,,90.0,False
5144,226.4481,,0.0,False
5145,226.4486,-1.0,0.0,False
5146,226.4487,-1.0,0.0,False
5147,226.4643,896.48,0.0,True
5148,226.5092,990.65,0.0,False
5149,226.5247,938.4,0.0,True
5150,226.5441,893.06,90.0,False
5151,226.5474,,0.0,False
5152,226.5476,989.5,38.0,False
5153,226.5794,-1.0,0.0,False
5154,226.5817,-1.0,0.0,False
5155,226.5844,-1.0,0.0,False
5156,226.593,,0.0,False
5157,226.5981,-1.0,90.0,False
5158,226.5981,-1.0,0.0,False
5159,226.6224,995.75,90.0,True
5160,226.6426,-1.0,0.0,False
5161,226.645,,90.0,False
5162,226.69,,90.0,False
5163,226.6981,861.85,0.0,False
5164,226.7,,0.0,False
5165,226.713,,0.0,False
5166,226.7172,959.25,0.0,False
5167,226.7259,857.23,0.0,True
5168,226.7283,-1.0,0.0,False
5169,226.7319,-1.0,0.0,False
5170,226.7528,1079.23,90.0,False
5171,226.7623,910.21,0.0,False
5172,226.7661,,90.0,False
5173,226.7683,-1.0,90.0,True
5174,226.774,-1.0,0.0,False
5175,226.7764,1051.8,0.0,False
5176,226.7772,834.94,0.0,True
5177,226.7943,,0.0,False
5178,226.8351,-1.0,0.0,False
5179,226.8406,951.06,0.0,False
5180,226.8505,,0.0,False
5181,226.8614,-1.0,0.0,False
5182,226.8703,-1.0,0.0,False
5183,226.8776,-1.0,0.0,True
5184,226.8779,,90.0,True
5185,226.8857,972.37,0.0,True
5186,226.8945,962.36,0.0,False
5187,226.897,-1.0,90.0,True
5188,226.9314,,0.0,False
5189,226.936,-1.0,0.0,False
5190,226.9399,,0.0,False
5191,226.9407,905.02,0.0,False
5192,226.9514,-1.0,0.0,True
5193,226.9528,872.53,0.0,False
5194,226.9584,814.5,0.0,False
5195,226.965,,0.0,False
5196,226.9756,,90.0,False
5197,226.9879,,85.0,False
5198,226.989,,0.0,False
5199,227.0075,-1.0,0.0,False
5200,227.0185,,0.0,False
5201,227.0191,-1.0,0.0,False
5202,227.0246,,95.0,False
5203,227.0282,,0.0,False
5204,227.0396,-1.0,0.0,True
5205,227.1248,,0.0,False
5206,227.1358,,0.0,False
5207,227.1436,-1.0,90.0,False
5208,227.1746,-1.0,0.0,False
5209,227.1833,754.04,0.0,True
5210,227.2247,-1.0,90.0,False
5211,227.2472,-1.0,0.0,False
5212,227.2616,-1.0,0.0,False
5213,227.266,,0.0,False
5214,227.2729,997.5,38.0,False
5215,227.2751,1062.56,0.0,False
5216,227.2885,,0.0,False
5217,227.3222,1005.44,0.0,False
5218,227.3266,911.19,0.0,False
5219,227.3533,-1.0,90.0,False
5220,227.3962,1025.16,90.0,False
5221,227.3983,913.57,0.0,False
5222,227.4079,-1.0,0.0,False
5223,227.411,867.37,85.0,False
5224,227.4173,-1.0,0.0,False
5225,227.4334,-1.0,0.0,False
5226,227.4376,,0.0,False
5227,227.447,1033.3,90.0,True
5228,227.4681,972.23,38.0,False
5229,227.4784,,90.0,False
5230,227.4915,-1.0,0.0,False
5231,227.4954,,0.0,False
5232,227.5288,,19.0,False
5233,227.5621,-1.0,90.0,False
5234,227.5692,-1.0,0.0,False
5235,227.5911,,12.6667,False
5236,227.5923,-1.0,0.0,False
5237,227.609,-1.0,0.0,False
5238,227.6443,-1.0,90.0,True
5239,227.6471,,0.0,False
5240,227.6619,884.71,90.0,False
5241,227.6746,-1.0,90.0,False
5242,227.6751,,0.0,False
5243,227.684,-1.0,0.0,False
5244,227.7283,,0.0,False
5245,227.7455,-1.0,0.0,False
5246,227.747,-1.0,0.0,False
5247,227.7589,1166.64,90.0,False
5248,227.7593,,90.0,False
5249,227.7943,,0.0,False
5250,227.8155,,0.0,False
5251,227.8344,-1.0,0.0,True
5252,227.838,991.65,90.0,True
5253,227.849,,0.0,False
5254,227.853,,0.0,False
5255,227.8564,,90.0,False
5256,227.8924,,0.0,False
5257,227.9206,-1.0,90.0,False
5258,227.9263,941.86,90.0,True
5259,227.9371,,0.0,False
5260,227.9627,809.97,0.0,False
5261,227.9834,-1.0,0.0,False
5262,227.9889,-1.0,0.0,False
5263,227.9914,,90.0,True
5264,228.0311,,0.0,False
5265,228.0317,-1.0,0.0,False
5266,228.0337,,0.0,False
5267,228.0505,,0.0,False
5268,228.0539,,0.0,True
5269,228.0696,-1.0,90.0,False
5270,228.0881,934.55,0.0,False
5271,228.0947,,0.0,True
5272,228.1045,-1.0,0.0,False
5273,228.1053,,0.0,True
5274,228.1055,,90.0,False
5275,228.109,-1.0,0.0,True
5276,228.1368,-1.0,90.0,True
5277,228.1675,,0.0,False
5278,228.1675,-1.0,0.0,False
5279,228.1692,-1.0,0.0,True
5280,228.2716,-1.0,90.0,True
5281,228.3074,,0.0,False
5282,228.3129,956.51,0.0,False
5283,228.3293,-1.0,0.0,False
5284,228.3468,,0.0,False
5285,228.3516,,0.0,False
5286,228.3557,,85.0,False
5287,228.3581,952.91,0.0,False
5288,228.364,,0.0,False
5289,228.3681,,38.0,True
5290,228.3812,,0.0,True
5291,228.4234,-1.0,90.0,False
5292,228.4266,894.33,90.0,False
5293,228.4365,-1.0,0.0,False
5294,228.4558,,90.0,False
5295,228.4562,-1.0,0.0,False
5296,228.4692,-1.0,0.0,True
5297,228.4808,-1.0,0.0,False
5298,228.4861,,0.0,False
5299,228.4967,,0.0,False
5300,228.5,,90.0,False
5301,228.513,-1.0,0.0,True
5302,228.5139,-1.0,0.0,False
5303,228.5203,-1.0,0.0,False
5304,228.5618,-1.0,0.0,False
5305,228.5955,868.4,0.0,True
5306,228.6197,,0.0,False
5307,228.6553,933.59,90.0,True
5308,228.6587,-1.0,0.0,False
5309,228.6609,,90.0,False
5310,228.6618,-1.0,90.0,False
5311,228.6661,,0.0,True
5312,228.6987,-1.0,0.0,False
5313,228.7133,928.32,0.0,False
5314,228.7209,,0.0,False
5315,228.728,887.82,0.0,False
5316,228.7361,,0.0,False
5317,228.7365,-1.0,90.0,True
5318,228.7828,-1.0,0.0,False
5319,228.899,,0.0,False
5320,228.902,,19.0,False
5321,228.9068,-1.0,0.0,False
5322,228.9309,-1.0,0.0,False
5323,228.9379,,0.0,False
5324,228.9402,-1.0,0.0,False
5325,228.9596,912.07,90.0,False
5326,228.9971,,0.0,False
5327,229.0529,-1.0,0.0,False
5328,229.0694,860.0,0.0,True
5329,229.1009,,90.0,True
5330,229.1206,,90.0,False
5331,229.1331,962.83,90.0,False
5332,229.153,838.06,90.0,False
5333,229.1601,,0.0,False
5334,229.1986,,90.0,False
5335,229.2124,953.16,0.0,False
5336,229.2152,-1.0,0.0,True
5337,229.2894,,90.0,False
5338,229.3125,,0.0,True
5339,229.3347,,95.0,True
5340,229.347,,0.0,False
5341,229.3895,783.09,90.0,False
5342,229.4287,,90.0,False
5343,229.4625,-1.0,0.0,False
5344,229.4817,871.48,0.0,False
5345,229.4822,-1.0,0.0,False
5346,229.4825,,90.0,False
5347,229.4945,,0.0,False
5348,229.5587,,0.0,True
5349,229.5706,,0.0,False
5350,229.5782,-1.0,0.0,False
5351,229.6348,-1.0,90.0,False
5352,229.7217,-1.0,0.0,False
5353,229.7919,853.11,0.0,True
5354,229.8154,-1.0,90.0,False
5355,229.8245,-1.0,0.0,False
5356,229.8336,-1.0,0.0,False
5357,229.9087,-1.0,90.0,False
5358,229.9393,904.58,0.0,False
5359,229.9511,-1.0,90.0,False
5360,229.9784,-1.0,90.0,False
5361,229.9912,,0.0,False
5362,229.9951,,0.0,True
5363,230.0074,-1.0,90.0,False
5364,230.0347,,0.0,False
5365,230.0494,-1.0,0.0,False
5366,230.0771,,0.0,False
5367,230.0917,,0.0,False
5368,230.0921,-1.0,0.0,False
5369,230.1047,-1.0,0.0,False
5370,230.1092,-1.0,0.0,False
5371,230.136,,0.0,False
5372,230.1373,,0.0,False
5373,230.1429,1079.68,0.0,False
5374,230.1528,,0.0,False
5375,230.189,-1.0,90.0,True
5376,230.3239,,0.0,True
5377,230.4227,906.18,0.0,False
5378,230.4604,847.53,0.0,True
5379,230.4895,-1.0,90.0,False
5380,230.5094,,0.0,True
5381,230.5493,-1.0,0.0,False
5382,230.5781,1014.34,0.0,False
5383,230.6697,,90.0,False
5384,230.7287,,0.0,False
5385,230.7422,,0.0,False
5386,230.8939,-1.0,0.0,False
5387,230.934,835.51,0.0,False
5388,230.9483,-1.0,0.0,True
5389,230.9559,983.83,0.0,False
5390,230.9756,-1.0,90.0,False
5391,230.9879,,0.0,True
5392,231.0088,,0.0,False
5393,231.027,-1.0,0.0,False
5394,231.1495,,0.0,False
5395,231.1504,,0.0,False
5396,231.167,-1.0,95.0,False
5397,231.2384,-1.0,90.0,False
5398,231.254,,90.0,False
5399,231.3641,-1.0,0.0,True
5400,231.3992,-1.0,0.0,False
5401,231.4853,,0.0,False
5402,231.5036,,0.0,False
5403,231.5179,,90.0,False
5404,231.5207,,0.0,True
5405,231.5661,,0.0,False
5406,231.6004,908.02,0.0,False
5407,231.6126,-1.0,90.0,False
5408,231.6456,,90.0,False
5409,231.647,,0.0,True
5410,231.6558,,0.0,True
5411,231.6604,,90.0,False
5412,231.6729,,0.0,False
5413,231.6754,,0.0,False
5414,231.6871,899.11,0.0,False
5415,231.6876,,0.0,False
5416,231.7291,-1.0,0.0,False
5417,231.7327,-1.0,0.0,False
5418,231.824,936.69,0.0,False
5419,231.8463,880.75,0.0,False
5420,231.8486,-1.0,0.0,False
5421,231.9143,948.25,0.0,False
5422,231.9252,,90.0,False
5423,231.9399,-1.0,90.0,False
5424,232.0241,,0.0,True
5425,232.0488,-1.0,90.0,False
5426,232.0767,891.19,0.0,False
5427,232.0838,-1.0,0.0,False
5428,232.1023,,0.0,False
5429,232.1941,880.76,0.0,False
5430,232.2091,-1.0,0.0,False
5431,232.2258,,90.0,False
5432,232.2297,,0.0,False
5433,232.2571,,0.0,False
5434,232.2671,,90.0,False
5435,232.2788,-1.0,0.0,False
5436,232.3346,838.49,0.0,True
5437,232.3441,,0.0,True
5438,232.3458,-1.0,0.0,True
5439,232.3491,-1.0,0.0,False
5440,232.3854,,0.0,False
5441,232.4021,,0.0,False
5442,232.4259,,0.0,False
5443,232.4303,,0.0,False
5444,232.4649,860.38,90.0,False
5445,232.4716,941.53,0.0,False
5446,232.4716,,90.0,True
5447,232.4837,-1.0,0.0,False
5448,232.4917,1006.7,0.0,False
5449,232.496,899.33,0.0,False
5450,232.5107,,0.0,False
5451,232.5131,878.34,0.0,False
5452,232.5148,-1.0,0.0,False
5453,232.5544,,0.0,False
5454,232.5637,-1.0,0.0,False
5455,232.5645,-1.0,0.0,False
5456,232.5676,,0.0,False
5457,232.6072,,0.0,False
5458,232.6424,,0.0,False
5459,232.6561,,0.0,True
5460,232.6891,,0.0,False
5461,232.6966,,0.0,False
5462,232.6976,-1.0,0.0,True
5463,232.7048,-1.0,0.0,False
5464,232.7129,,90.0,True
5465,232.7228,,0.0,False
5466,232.7361,-1.0,0.0,False
5467,232.7388,-1.0,0.0,False
5468,232.7513,-1.0,0.0,False
5469,232.7829,-1.0,90.0,False
5470,232.802,-1.0,0.0,False
5471,232.8091,855.29,0.0,True
5472,232.8156,,0.0,False
5473,232.8262,,0.0,False
5474,232.8282,-1.0,0.0,False
5475,232.8804,-1.0,90.0,False
5476,232.8848,,0.0,False
5477,232.8862,-1.0,0.0,False
5478,232.9064,-1.0,0.0,False
5479,232.9246,,0.0,True
5480,232.9639,,0.0,False
5481,232.9712,915.03,0.0,False
5482,232.9786,-1.0,90.0,True
5483,232.9971,,0.0,False
5484,233.0065,-1.0,0.0,False
5485,233.0069,-1.0,0.0,False
5486,233.0076,942.14,90.0,False
5487,233.026,-1.0,0.0,False
5488,233.0356,-1.0,0.0,False
5489,233.0876,-1.0,0.0,False
5490,233.0877,-1.0,0.0,False
5491,233.089,-1.0,0.0,True
5492,233.094,-1.0,0.0,False
5493,233.1166,,0.0,False
5494,233.1417,-1.0,0.0,False
5495,233.1475,1031.18,25.3333,False
5496,233.1919,-1.0,12.6667,False
5497,233.2048,-1.0,0.0,False
5498,233.2088,987.59,0.0,False
5499,233.2288,,90.0,False
5500,233.2377,,90.0,False
5501,233.2534,942.78,90.0,False
5502,233.2583,923.73,0.0,False
5503,233.2589,,0.0,False
5504,233.2627,-1.0,0.0,True
5505,233.2723,,0.0,True
5506,233.3113,840.32,0.0,True
5507,233.3189,,90.0,False
5508,233.3235,873.46,0.0,False
5509,233.3574,986.54,0.0,False
5510,233.3575,,0.0,False
5511,233.379,962.9,0.0,False
5512,233.3808,1061.06,0.0,False
5513,233.3812,,0.0,True
5514,233.397,-1.0,0.0,True
5515,233.4019,-1.0,0.0,True
5516,233.4118,946.31,0.0,False
5517,233.4311,944.51,90.0,False
5518,233.4397,1074.67,0.0,False
5519,233.4551,-1.0,0.0,False
5520,233.4551,-1.0,0.0,False
5521,233.4583,830.5,0.0,True
5522,233.4631,-1.0,90.0,False
5523,233.4999,-1.0,0.0,False
5524,233.5002,-1.0,38.0,False
5525,233.519,,0.0,False
5526,233.5486,-1.0,90.0,False
5527,233.5626,868.36,95.0,True
5528,233.5874,,90.0,False
5529,233.5901,,0.0,False
5530,233.6115,948.06,0.0,False
5531,233.6147,-1.0,0.0,False
5532,233.6642,,0.0,False
5533,233.6768,,0.0,False
5534,233.6978,,0.0,False
5535,233.7078,,0.0,False
5536,233.7098,933.22,90.0,False
5537,233.7216,-1.0,90.0,False
5538,233.7715,794.59,0.0,True
5539,233.7739,-1.0,90.0,True
5540,233.8101,-1.0,0.0,False
5541,233.8238,-1.0,0.0,False
5542,233.8238,-1.0,90.0,True
5543,233.8259,,0.0,True
5544,233.8301,-1.0,0.0,False
5545,233.8807,,90.0,False
5546,233.8886,-1.0,0.0,False
5547,233.899,-1.0,0.0,False
5548,233.9679,1129.71,0.0,False
5549,233.9825,-1.0,0.0,True
5550,233.996,-1.0,90.0,False
5551,234.0014,-1.0,0.0,True
5552,234.0122,,0.0,False
5553,234.0191,-1.0,0.0,False
5554,234.0264,,0.0,False
5555,234.0326,-1.0,0.0,False
5556,234.0495,,0.0,False
5557,234.066,,0.0,False
5558,234.0753,,90.0,False
5559,234.1263,-1.0,0.0,False
5560,234.1264,,0.0,False
5561,234.1295,,0.0,False
5562,234.1383,-1.0,90.0,False
5563,234.1411,990.21,0.0,False
5564,234.1577,-1.0,0.0,False
5565,234.1581,-1.0,90.0,False
5566,234.1584,-1.0,0.0,False
5567,234.1712,-1.0,90.0,True
5568,234.1771,-1.0,0.0,False
5569,234.2145,,0.0,False
5570,234.2187,,0.0,True
5571,234.2191,892.49,0.0,False
5572,234.2236,,90.0,False
5573,234.2245,-1.0,90.0,True
5574,234.2308,,0.0,True
5575,234.2429,-1.0,0.0,False
5576,234.263,,0.0,True
5577,234.3145,-1.0,90.0,False
5578,234.3153,-1.0,90.0,True
5579,234.3448,793.23,90.0,True
5580,234.3517,-1.0,90.0,False
5581,234.3541,-1.0,0.0,False
5582,234.3629,,0.0,False
5583,234.3877,,90.0,False
5584,234.3984,834.76,0.0,False
5585,234.4001,-1.0,0.0,False
5586,234.4045,-1.0,0.0,False
5587,234.41,,0.0,False
5588,234.4132,-1.0,0.0,False
5589,234.4246,,0.0,False
5590,234.449,863.55,0.0,False
5591,234.4496,977.12,90.0,True
5592,234.4623,,90.0,False
5593,234.475,-1.0,90.0,True
5594,234.4798,,90.0,True
5595,234.4909,,90.0,False
5596,234.4935,,0.0,False
5597,234.4995,-1.0,0.0,False
5598,234.4998,-1.0,90.0,False
5599,234.5051,-1.0,90.0,False
5600,234.5056,-1.0,0.0,False
5601,234.5059,,0.0,False
5602,234.5151,-1.0,0.0,True
5603,234.5307,-1.0,90.0,False
5604,234.5375,,0.0,True
5605,234.5384,,0.0,False
5606,234.5507,-1.0,0.0,False
5607,234.5645,940.8,0.0,False
5608,234.574,886.32,0.0,False
5609,234.5799,917.67,0.0,False
5610,234.5815,,0.0,False
5611,234.6127,-1.0,12.6667,True
5612,234.6136,979.8,0.0,False
5613,234.6146,889.26,0.0,False
5614,234.6147,1029.39,0.0,False
5615,234.6292,1047.63,0.0,True
5616,234.6387,983.62,90.0,False
5617,234.6512,930.11,38.0,False
5618,234.6774,919.07,0.0,False
5619,234.6931,-1.0,0.0,False
5620,234.6935,-1.0,0.0,False
5621,234.6964,,0.0,False
5622,234.6978,,90.0,False
5623,234.7028,,90.0,True
5624,234.7371,,0.0,True
5625,234.7438,,90.0,False
5626,234.7469,863.14,90.0,False
5627,234.7568,,90.0,False
5628,234.7584,931.55,0.0,False
5629,234.7626,-1.0,0.0,False
5630,234.7672,897.1,0.0,False
5631,234.7684,-1.0,0.0,True
5632,234.7697,-1.0,0.0,True
5633,234.7746,,0.0,True
5634,234.78,-1.0,0.0,False
5635,234.7813,941.49,0.0,False
5636,234.7839,1059.65,0.0,True
5637,234.797,843.13,0.0,False
5638,234.8081,,0.0,False
5639,234.8089,1187.15,0.0,False
5640,234.8258,-1.0,0.0,False
5641,234.8293,906.65,0.0,False
5642,234.8588,882.06,0.0,False
5643,234.8739,,90.0,False
5644,234.8889,-1.0,0.0,False
5645,234.9043,867.2,0.0,False
5646,234.9057,,0.0,False
5647,234.913,,0.0,False
5648,234.9255,1033.66,0.0,False
5649,234.9289,1003.39,0.0,False
5650,234.9409,,0.0,False
5651,234.9429,796.69,90.0,False
5652,234.9437,940.03,0.0,False
5653,234.9477,830.48,90.0,True
5654,234.9624,,0.0,True
5655,234.9693,954.23,0.0,False
5656,234.9841,,0.0,False
5657,234.9849,-1.0,0.0,True
5658,234.9861,,0.0,True
5659,234.9906,933.92,0.0,False
5660,234.9956,,0.0,False
5661,234.9982,806.42,0.0,False
5662,235.0137,850.42,90.0,False
5663,235.024,-1.0,0.0,False
5664,235.0593,,0.0,False
5665,235.0685,,0.0,False
5666,235.0785,-1.0,0.0,True
5667,235.0817,,0.0,False
5668,235.0881,,0.0,False
5669,235.0931,-1.0,0.0,False
5670,235.11,-1.0,0.0,False
5671,235.1357,-1.0,90.0,False
5672,235.1384,961.4,0.0,True
5673,235.1538,-1.0,0.0,True
5674,235.1556,,0.0,False
5675,235.1641,724.05,0.0,False
5676,235.1956,756.99,0.0,False
5677,235.1995,1006.2,0.0,True
5678,235.2138,,90.0,False
5679,235.235,1062.77,0.0,False
5680,235.2426,,0.0,False
5681,235.2495,,0.0,False
5682,235.2538,-1.0,0.0,True
5683,235.2619,,90.0,False
5684,235.2654,,90.0,False
5685,235.2694,888.77,0.0,False
5686,235.2757,,0.0,True
5687,235.2816,-1.0,0.0,False
5688,235.2903,-1.0,0.0,True
5689,235.2989,,0.0,True
5690,235.3025,-1.0,0.0,False
5691,235.3042,-1.0,90.0,False
5692,235.3084,,90.0,False
5693,235.3161,1063.78,0.0,False
5694,235.3328,-1.0,0.0,True
5695,235.3435,-1.0,0.0,True
5696,235.3519,-1.0,0.0,False
5697,235.362,,0.0,False
5698,235.3749,-1.0,0.0,False
5699,235.3756,,0.0,False
5700,235.3757,,0.0,False
5701,235.3773,905.56,0.0,False
5702,235.3795,-1.0,0.0,False
5703,235.3848,,0.0,False
5704,235.3865,867.25,0.0,False
5705,235.3986,961.02,0.0,False
5706,235.406,-1.0,90.0,False
5707,235.4164,,0.0,False
5708,235.4263,,0.0,False
5709,235.4317,,0.0,False
5710,235.4409,,0.0,True
5711,235.4413,,0.0,True
5712,235.4517,-1.0,0.0,False
5713,235.4539,971.95,38.0,False
5714,235.4548,-1.0,0.0,True
5715,235.4636,-1.0,90.0,False
5716,235.4671,799.2,0.0,False
5717,235.4672,,0.0,False
5718,235.4762,887.1,0.0,False
5719,235.4786,-1.0,0.0,False
5720,235.4805,-1.0,90.0,False
5721,235.4902,-1.0,0.0,True
5722,235.4991,-1.0,90.0,False
5723,235.5056,-1.0,0.0,False
5724,235.5088,,0.0,False
5725,235.5097,,0.0,True
5726,235.5202,,0.0,False
5727,235.5227,,90.0,False
5728,235.527,,0.0,False
5729,235.5659,954.55,0.0,False
5730,235.5755,-1.0,0.0,False
5731,235.5805,-1.0,0.0,False
5732,235.5823,,0.0,False
5733,235.5904,874.12,0.0,False
5734,235.5947,1053.81,0.0,False
5735,235.5987,1049.81,0.0,False
5736,235.6141,-1.0,0.0,False
5737,235.6353,,90.0,False
5738,235.6383,-1.0,0.0,True
5739,235.6439,939.55,0.0,True
5740,235.6465,947.25,0.0,False
5741,235.6525,,0.0,True
5742,235.6544,902.37,0.0,True
5743,235.6618,,0.0,False
5744,235.6621,-1.0,0.0,False
5745,235.7019,-1.0,0.0,False
5746,235.7157,1128.56,0.0,False
5747,235.7498,,90.0,False
5748,235.7518,1044.04,90.0,False
5749,235.7558,,0.0,True
5750,235.7566,975.17,90.0,False
5751,235.759,987.81,0.0,False
5752,235.7614,,0.0,False
5753,235.77,760.23,0.0,False
5754,235.7753,-1.0,0.0,False
5755,235.7975,-1.0,0.0,False
5756,235.8111,,90.0,True
5757,235.8163,-1.0,90.0,False
5758,235.8195,925.55,90.0,False
5759,235.8205,,90.0,True
5760,235.8384,-1.0,0.0,False
5761,235.8397,934.43,90.0,False
5762,235.8447,,0.0,False
5763,235.8528,,90.0,False
5764,235.864,,0.0,False
5765,235.8661,,0.0,False
5766,235.8682,-1.0,0.0,False
5767,235.8704,,0.0,False
5768,235.8896,-1.0,0.0,True
5769,235.8896,,0.0,False
5770,235.9106,,0.0,False
5771,235.9121,888.72,90.0,False
5772,235.9227,,0.0,True
5773,235.9403,-1.0,0.0,False
5774,235.9844,,90.0,False
5775,235.9921,970.83,0.0,False
5776,235.9949,-1.0,0.0,True
5777,236.0,-1.0,90.0,False
5778,236.0184,-1.0,90.0,False
5779,236.0312,-1.0,0.0,False
5780,236.0364,-1.0,0.0,False
5781,236.0546,1012.63,0.0,False
5782,236.0581,,0.0,False
5783,236.0612,,0.0,True
5784,236.0771,823.4,0.0,False
5785,236.089,914.86,0.0,False
5786,236.0899,,0.0,False
5787,236.099,,0.0,False
5788,236.107,,0.0,True
5789,236.1087,,90.0,False
5790,236.1327,941.12,0.0,False
5791,236.1439,-1.0,0.0,False
5792,236.1454,-1.0,90.0,False
5793,236.1489,901.51,0.0,True
5794,236.1532,-1.0,90.0,True
5795,236.1635,,0.0,False
5796,236.1648,,0.0,False
5797,236.1656,-1.0,90.0,True
5798,236.1835,,0.0,False
5799,236.1838,,90.0,False
5800,236.1883,,0.0,False
5801,236.189,-1.0,0.0,False
5802,236.1952,,0.0,False
5803,236.1971,,0.0,False
5804,236.205,-1.0,90.0,False
5805,236.2074,,0.0,False
5806,236.2141,,0.0,False
5807,236.2147,1004.15,0.0,False
5808,236.2266,866.6,0.0,False
5809,236.2281,,0.0,False
5810,236.2372,,90.0,False
5811,236.2454,-1.0,0.0,False
5812,236.2477,898.23,0.0,False
5813,236.2575,,0.0,False
5814,236.2588,909.86,90.0,False
5815,236.2589,,0.0,False
5816,236.2645,,90.0,False
5817,236.2659,834.54,90.0,False
5818,236.2685,,0.0,False
5819,236.273,,0.0,False
5820,236.2822,-1.0,90.0,False
5821,236.2827,-1.0,0.0,False
5822,236.2835,,0.0,True
5823,236.2893,,0.0,False
5824,236.2897,833.52,0.0,False
5825,236.2973,-1.0,0.0,False
5826,236.301,,0.0,False
5827,236.3069,,90.0,False
5828,236.3156,1065.14,0.0,True
5829,236.3202,-1.0,0.0,False
5830,236.3278,-1.0,0.0,False
5831,236.3291,,0.0,False
5832,236.3292,-1.0,90.0,False
5833,236.3321,,0.0,False
5834,236.3367,,0.0,False
5835,236.3435,,0.0,False
5836,236.345,-1.0,0.0,False
5837,236.3599,-1.0,0.0,False
5838,236.3658,-1.0,0.0,False
5839,236.3673,811.33,0.0,True
5840,236.3711,,0.0,False
5841,236.3714,-1.0,0.0,True
5842,236.3745,935.88,0.0,False
5843,236.3832,,90.0,True
5844,236.3884,,90.0,False
5845,236.3891,-1.0,0.0,False
5846,236.4052,,90.0,True
5847,236.4078,-1.0,90.0,False
5848,236.4129,-1.0,0.0,False
5849,236.4165,-1.0,0.0,False
5850,236.4248,-1.0,0.0,False
5851,236.4254,,0.0,True
5852,236.4267,872.82,0.0,False
5853,236.441,872.24,90.0,False
5854,236.4555,890.08,0.0,False
5855,236.4574,,85.0,True
5856,236.4659,-1.0,0.0,False
5857,236.4722,-1.0,0.0,False
5858,236.4794,994.38,0.0,True
5859,236.5071,1019.16,0.0,False
5860,236.5134,,90.0,False
5861,236.5156,956.38,38.0,False
5862,236.5258,,90.0,False
5863,236.5379,,0.0,True
5864,236.5381,969.54,0.0,False
5865,236.5401,,0.0,False
5866,236.5529,1044.8,0.0,False
5867,236.558,-1.0,90.0,False
5868,236.5653,,0.0,False
5869,236.5656,-1.0,0.0,False
5870,236.5752,,0.0,False
5871,236.5897,913.46,90.0,False
5872,236.5908,-1.0,0.0,False
5873,236.5972,,0.0,False
5874,236.6023,866.3,0.0,False
5875,236.6081,,0.0,False
5876,236.6117,906.54,90.0,False
5877,236.6142,880.36,90.0,False
5878,236.6147,-1.0,0.0,False
5879,236.6283,,0.0,False
5880,236.6435,-1.0,90.0,False
5881,236.6535,,0.0,False
5882,236.6612,,0.0,False
5883,236.6698,,0.0,False
5884,236.6804,-1.0,0.0,False
5885,236.6818,,0.0,False
5886,236.6863,868.6,90.0,False
5887,236.6902,-1.0,0.0,False
5888,236.6914,,90.0,False
5889,236.7055,871.8,0.0,False
5890,236.7058,,90.0,True
5891,236.7108,-1.0,0.0,True
5892,236.7144,-1.0,0.0,False
5893,236.7153,-1.0,90.0,True
5894,236.7173,,90.0,False
5895,236.7235,-1.0,19.0,False
5896,236.735,-1.0,90.0,False
5897,236.7356,-1.0,90.0,True
5898,236.7405,,90.0,False
5899,236.7503,-1.0,0.0,False
5900,236.7525,-1.0,0.0,False
5901,236.7549,,0.0,False
5902,236.7577,-1.0,0.0,False
5903,236.7603,1001.46,90.0,False
5904,236.7612,,0.0,False
5905,236.7841,-1.0,0.0,False
5906,236.8152,952.39,90.0,False
5907,236.8213,-1.0,12.6667,False
5908,236.8248,-1.0,12.6667,False
5909,236.8291,963.95,90.0,False
5910,236.8295,-1.0,0.0,True
5911,236.839,-1.0,0.0,False
5912,236.8464,-1.0,0.0,False
5913,236.8476,-1.0,0.0,False
5914,236.8567,-1.0,0.0,False
5915,236.8603,,0.0,False
5916,236.8619,-1.0,0.0,True
5917,236.8627,-1.0,0.0,False
5918,236.8761,,0.0,False
5919,236.882,-1.0,0.0,False
5920,236.8865,-1.0,0.0,False
5921,236.8866,-1.0,90.0,False
5922,236.8981,,0.0,True
5923,236.9013,835.27,0.0,True
5924,236.9073,946.45,0.0,False
5925,236.9122,-1.0,90.0,False
5926,236.9125,-1.0,38.0,False
5927,236.9126,,0.0,False
5928,236.9232,-1.0,0.0,False
5929,236.926,899.05,0.0,False
5930,236.9311,,0.0,False
5931,236.9335,,90.0,True
5932,236.9386,,90.0,False
5933,236.9449,-1.0,0.0,False
5934,236.9472,,0.0,False
5935,236.9499,805.08,90.0,False
5936,236.9599,-1.0,0.0,True
5937,236.9603,898.13,85.0,False
5938,236.9667,,0.0,False
5939,236.975,-1.0,0.0,False
5940,236.982,,90.0,False
5941,236.9837,-1.0,90.0,False
5942,236.9902,,90.0,False
5943,236.9943,-1.0,90.0,False
5944,237.0006,,0.0,False
5945,237.0128,,0.0,False
5946,237.0296,948.21,0.0,False
5947,237.0339,924.49,0.0,False
5948,237.0365,,90.0,False
5949,237.0444,-1.0,0.0,False
5950,237.0453,822.77,90.0,True
5951,237.0511,-1.0,90.0,False
5952,237.0624,868.86,0.0,False
5953,237.074,-1.0,0.0,False
5954,237.0908,-1.0,0.0,False
5955,237.0911,-1.0,0.0,False
5956,237.0938,,0.0,False
5957,237.1016,-1.0,90.0,True
5958,237.1059,-1.0,0.0,False
5959,237.1092,-1.0,0.0,False
5960,237.1121,-1.0,0.0,False
5961,237.116,,0.0,False
5962,237.1186,-1.0,0.0,False
5963,237.1189,953.51,0.0,False
5964,237.1227,-1.0,0.0,False
5965,237.1272,938.84,0.0,True
5966,237.1317,,90.0,False
5967,237.1447,1005.88,90.0,False
5968,237.1473,-1.0,0.0,False
5969,237.1554,,90.0,False
5970,237.1658,,0.0,False
5971,237.1725,-1.0,90.0,False
5972,237.182,,90.0,False
5973,237.1833,847.43,90.0,False
5974,237.198,,90.0,False
5975,237.202,-1.0,90.0,False
5976,237.2058,-1.0,0.0,False
5977,237.2223,,0.0,False
5978,237.238,,0.0,False
5979,237.2438,894.13,12.6667,False
5980,237.2505,-1.0,0.0,False
5981,237.26,,90.0,True
5982,237.261,,0.0,True
5983,237.2614,,0.0,False
5984,237.2682,-1.0,0.0,False
5985,237.273,-1.0,0.0,False
5986,237.2761,854.01,0.0,True
5987,237.2875,947.01,0.0,False
5988,237.2892,-1.0,90.0,False
5989,237.2967,,0.0,False
5990,237.3013,-1.0,0.0,True
5991,237.3186,931.32,0.0,False
5992,237.3208,,90.0,False
5993,237.3212,1014.38,0.0,False
5994,237.3238,,0.0,False
5995,237.3334,,0.0,False
5996,237.3338,-1.0,0.0,False
5997,237.3371,-1.0,90.0,False
5998,237.341,,0.0,False
5999,237.3607,,0.0,False
6000,237.3639,-1.0,0.0,False
6001,237.374,,0.0,True
6002,237.3838,,0.0,False
6003,237.3864,,0.0,False
6004,237.39,-1.0,0.0,False
6005,237.3945,-1.0,0.0,False
6006,237.3985,,0.0,False
6007,237.4053,-1.0,0.0,False
6008,237.4116,874.4,0.0,False
6009,237.416,-1.0,90.0,True
6010,237.4171,,0.0,False
6011,237.4455,923.2,0.0,False
6012,237.4564,,0.0,False
6013,237.4584,,0.0,False
6014,237.4617,-1.0,90.0,False
6015,237.4653,885.47,90.0,False
6016,237.4735,930.91,0.0,False
6017,237.4747,,0.0,False
6018,237.4775,830.18,0.0,True
6019,237.4954,,0.0,False
6020,237.5115,-1.0,0.0,False
6021,237.5143,,90.0,False
6022,237.523,,0.0,False
6023,237.5245,-1.0,90.0,False
6024,237.536,837.0,0.0,True
6025,237.5377,,0.0,False
6026,237.5387,,0.0,False
6027,237.5552,,0.0,False
6028,237.5665,,90.0,False
6029,237.5679,,0.0,True
6030,237.5686,-1.0,90.0,False
6031,237.5721,985.67,0.0,False
6032,237.5755,,0.0,False
6033,237.5764,-1.0,0.0,False
6034,237.5785,-1.0,0.0,False
6035,237.5829,,0.0,False
6036,237.5851,-1.0,0.0,True
6037,237.5865,894.63,0.0,False
6038,237.5868,,0.0,False
6039,237.593,-1.0,0.0,False
6040,237.5956,-1.0,0.0,False
6041,237.5957,954.08,90.0,False
6042,237.5961,-1.0,0.0,True
6043,237.6068,,0.0,True
6044,237.6138,989.72,0.0,True
6045,237.6164,,0.0,False
6046,237.6237,-1.0,0.0,False
6047,237.6297,,0.0,True
6048,237.6347,,0.0,False
6049,237.6442,-1.0,0.0,False
6050,237.6453,846.05,0.0,False
6051,237.6593,,0.0,False
6052,237.6647,-1.0,0.0,True
6053,237.6649,-1.0,0.0,False
6054,237.6822,876.38,0.0,False
6055,237.685,-1.0,0.0,False
6056,237.6894,,0.0,True
6057,237.6905,,90.0,False
6058,237.6979,-1.0,90.0,False
6059,237.7011,962.63,0.0,True
6060,237.7104,-1.0,0.0,False
6061,237.7108,974.61,0.0,False
6062,237.7143,878.05,90.0,False
6063,237.7182,1079.32,0.0,False
6064,237.7218,967.5,0.0,True
6065,237.7221,-1.0,0.0,False
6066,237.7431,849.12,0.0,False
6067,237.7446,-1.0,0.0,False
6068,237.7457,960.19,0.0,False
6069,237.7464,-1.0,0.0,False
6070,237.75,921.2,90.0,False
6071,237.7515,1079.77,0.0,True
6072,237.7597,,90.0,False
6073,237.7613,,0.0,False
6074,237.7775,,0.0,False
6075,237.7801,863.0,0.0,False
6076,237.7813,-1.0,0.0,False
6077,237.785,953.71,90.0,False
6078,237.7993,-1.0,90.0,False
6079,237.8125,-1.0,0.0,False
6080,237.8146,,0.0,False
6081,237.8268,-1.0,0.0,False
6082,237.8294,-1.0,0.0,False
6083,237.8346,,90.0,False
6084,237.8398,-1.0,0.0,True
6085,237.8473,,90.0,False
6086,237.8475,-1.0,0.0,False
6087,237.8578,834.11,0.0,False
6088,237.8587,-1.0,0.0,True
6089,237.8794,,90.0,True
6090,237.8831,-1.0,90.0,False
6091,237.8834,,0.0,False
6092,237.8887,-1.0,90.0,True
6093,237.8888,-1.0,0.0,True
6094,237.8997,-1.0,0.0,False
6095,237.9003,,90.0,False
6096,237.9107,-1.0,0.0,True
6097,237.9155,,0.0,True
6098,237.9162,,0.0,False
6099,237.9196,841.99,0.0,False
6100,237.9208,,0.0,True
6101,237.9218,1005.14,0.0,False
6102,237.9243,913.39,0.0,False
6103,237.9248,-1.0,0.0,False
6104,237.9278,875.99,90.0,False
6105,237.9323,,0.0,True
6106,237.9339,-1.0,0.0,False
6107,237.9344,-1.0,0.0,False
6108,237.9465,922.83,0.0,False
6109,237.9469,-1.0,0.0,False
6110,237.9499,960.97,0.0,False
6111,237.9536,,0.0,True
6112,237.9613,-1.0,0.0,False
6113,237.9734,-1.0,0.0,False
6114,237.9978,,0.0,False
6115,238.0039,-1.0,90.0,False
6116,238.0063,980.59,0.0,True
6117,238.0199,-1.0,0.0,False
6118,238.024,,0.0,False
6119,238.04,,38.0,False
6120,238.0555,-1.0,0.0,False
6121,238.0671,-1.0,0.0,False
6122,238.0685,894.45,0.0,False
6123,238.0749,884.05,0.0,False
6124,238.0826,-1.0,0.0,False
6125,238.0848,-1.0,0.0,False
6126,238.0862,-1.0,0.0,False
6127,238.0877,,0.0,False
6128,238.0942,891.41,0.0,False
6129,238.1103,793.15,0.0,False
6130,238.1127,-1.0,0.0,False
6131,238.1159,-1.0,0.0,False
6132,238.1334,-1.0,0.0,False
6133,238.137,,90.0,True
6134,238.1422,,0.0,False
6135,238.1458,-1.0,0.0,False
6136,238.1515,-1.0,0.0,True
6137,238.1623,-1.0,0.0,False
6138,238.1691,-1.0,0.0,False
6139,238.1695,,0.0,False
6140,238.1957,875.71,90.0,False
6141,238.1976,,0.0,False
6142,238.203,-1.0,0.0,False
6143,238.2363,,0.0,False
6144,238.239,,0.0,False
6145,238.2396,-1.0,0.0,True
6146,238.2443,1040.84,0.0,False
6147,238.2669,,0.0,False
6148,238.2703,,0.0,False
6149,238.2778,-1.0,0.0,False
6150,238.2841,,0.0,False
6151,238.2988,923.68,0.0,False
6152,238.313,966.33,0.0,False
6153,238.3245,-1.0,90.0,False
6154,238.3247,,0.0,False
6155,238.3258,,90.0,False
6156,238.3297,954.05,0.0,False
6157,238.3475,,0.0,False
6158,238.3479,-1.0,0.0,False
6159,238.3605,-1.0,0.0,False
6160,238.3623,,90.0,False
6161,238.3643,,0.0,False
6162,238.367,932.02,0.0,False
6163,238.3773,819.65,0.0,True
6164,238.388,-1.0,0.0,False
6165,238.4003,,0.0,True
6166,238.4103,-1.0,0.0,True
6167,238.4159,,0.0,False
6168,238.4373,-1.0,0.0,False
6169,238.449,,90.0,True
6170,238.4507,,90.0,True
6171,238.4581,-1.0,90.0,False
6172,238.4614,-1.0,0.0,True
6173,238.4625,-1.0,0.0,False
6174,238.4635,,90.0,False
6175,238.469,,90.0,False
6176,238.4727,,0.0,False
6177,238.473,978.09,0.0,True
6178,238.4877,,90.0,True
6179,238.4879,-1.0,0.0,False
6180,238.4931,,0.0,False
6181,238.494,,0.0,True
6182,238.5287,,90.0,False
6183,238.5289,,0.0,False
6184,238.5303,-1.0,0.0,False
6185,238.5336,967.35,0.0,False
6186,238.5336,,0.0,False
6187,238.5372,968.54,0.0,False
6188,238.5588,-1.0,0.0,True
6189,238.5665,840.67,0.0,False
6190,238.571,1031.86,0.0,False
6191,238.5715,,0.0,False
6192,238.5773,-1.0,0.0,False
6193,238.5836,,0.0,False
6194,238.5859,-1.0,0.0,False
6195,238.5909,916.94,95.0,True
6196,238.5919,895.51,90.0,False
6197,238.5925,-1.0,0.0,False
6198,238.5938,848.05,0.0,False
6199,238.5971,-1.0,0.0,False
6200,238.6033,,0.0,False
6201,238.6264,891.6,0.0,False
6202,238.6322,-1.0,0.0,False
6203,238.6579,-1.0,0.0,False
6204,238.6601,-1.0,0.0,False
6205,238.6648,880.32,0.0,False
6206,238.6669,-1.0,0.0,False
6207,238.6671,860.56,0.0,False
6208,238.6808,,0.0,False
6209,238.6835,831.47,0.0,False
6210,238.688,895.41,90.0,False
6211,238.6882,,0.0,False
6212,238.6941,-1.0,90.0,False
6213,238.6956,-1.0,90.0,False
6214,238.7105,,0.0,False
6215,238.7346,835.33,0.0,False
6216,238.7367,835.19,0.0,False
6217,238.7401,,0.0,True
6218,238.7408,,0.0,False
6219,238.7511,,0.0,False
6220,238.7664,-1.0,0.0,False
6221,238.7689,845.75,0.0,False
6222,238.7692,901.41,90.0,False
6223,238.7749,-1.0,0.0,False
6224,238.778,945.96,90.0,False
6225,238.7804,,90.0,False
6226,238.7897,,0.0,False
6227,238.7919,,0.0,True
6228,238.7958,1000.11,0.0,False
6229,238.8059,,90.0,False
6230,238.8092,,90.0,False
6231,238.8185,,38.0,False
6232,238.8203,-1.0,0.0,True
6233,238.8297,,90.0,False
6234,238.8541,,0.0,True
6235,238.8606,821.61,0.0,False
6236,238.8704,-1.0,0.0,True
6237,238.8747,,0.0,True
6238,238.8924,,0.0,False
6239,238.9008,814.68,0.0,True
6240,238.9143,,0.0,False
6241,238.9186,943.39,0.0,False
6242,238.9258,,0.0,False
6243,238.9264,,0.0,False
6244,238.9293,,19.0,False
6245,238.9294,-1.0,0.0,False
6246,238.9313,,0.0,False
6247,238.9369,-1.0,90.0,False
6248,238.9528,,0.0,False
6249,238.9543,,0.0,False
6250,238.9593,,0.0,False
6251,238.9659,1125.6,0.0,False
6252,238.9663,,0.0,False
6253,238.9675,892.89,0.0,False
6254,238.9712,957.61,0.0,True
6255,238.9734,-1.0,38.0,False
6256,238.9882,,0.0,False
6257,238.9886,,0.0,False
6258,238.9921,,0.0,False
6259,238.9941,,0.0,False
6260,238.9976,996.63,0.0,False
6261,239.0002,1039.76,0.0,False
6262,239.0096,-1.0,90.0,False
6263,239.0188,-1.0,0.0,False
6264,239.0235,,0.0,False
6265,239.0239,-1.0,0.0,False
6266,239.0273,-1.0,90.0,False
6267,239.0411,,0.0,True
6268,239.0527,-1.0,0.0,True
6269,239.0605,,90.0,False
6270,239.0658,,0.0,False
6271,239.0682,-1.0,0.0,False
6272,239.0801,,0.0,False
6273,239.0848,-1.0,0.0,False
6274,239.0967,,0.0,False
6275,239.1017,,90.0,True
6276,239.1018,,0.0,True
6277,239.1066,978.17,90.0,False
6278,239.1083,873.23,0.0,False
6279,239.1102,,0.0,False
6280,239.1199,861.91,0.0,False
6281,239.1229,-1.0,90.0,False
6282,239.1385,,90.0,False
6283,239.1444,,0.0,False
6284,239.1454,-1.0,0.0,False
6285,239.1479,,90.0,False
6286,239.1487,-1.0,90.0,False
6287,239.1493,843.81,90.0,False
6288,239.1624,,90.0,True
6289,239.1638,995.1,0.0,False
6290,239.1855,893.64,0.0,False
6291,239.1926,,0.0,False
6292,239.1989,859.8,90.0,False
6293,239.1991,975.61,90.0,False
6294,239.2014,,0.0,False
6295,239.2097,982.16,0.0,False
6296,239.2226,933.32,0.0,False
6297,239.232,-1.0,0.0,True
6298,239.2327,948.43,0.0,False
6299,239.2404,,90.0,False
6300,239.2437,,90.0,True
6301,239.253,-1.0,0.0,False
6302,239.2544,,0.0,False
6303,239.2556,-1.0,90.0,True
6304,239.3027,,90.0,False
6305,239.3058,,0.0,True
6306,239.3159,-1.0,0.0,True
6307,239.3337,-1.0,0.0,True
6308,239.3464,918.29,90.0,False
6309,239.3568,1014.16,0.0,True
6310,239.3639,1028.08,90.0,False
6311,239.3702,,0.0,False
6312,239.3762,-1.0,90.0,True
6313,239.3839,1019.27,0.0,False
6314,239.3866,919.8,0.0,False
6315,239.3909,,0.0,False
6316,239.3921,-1.0,0.0,False
6317,239.3935,,0.0,True
6318,239.4016,-1.0,90.0,False
6319,239.4177,,0.0,False
6320,239.4177,,90.0,False
6321,239.4314,-1.0,0.0,True
6322,239.4327,-1.0,0.0,False
6323,239.4558,-1.0,90.0,False
6324,239.4591,-1.0,0.0,True
6325,239.4706,,0.0,False
6326,239.4807,-1.0,0.0,False
6327,239.4881,-1.0,90.0,False
6328,239.503,,0.0,False
6329,239.5045,783.59,0.0,False
6330,239.5117,-1.0,90.0,False
6331,239.5151,-1.0,90.0,False
6332,239.5252,886.05,0.0,False
6333,239.5289,,0.0,True
6334,239.5387,-1.0,0.0,False
6335,239.5498,776.68,0.0,True
6336,239.5501,909.9,0.0,False
6337,239.5869,868.89,95.0,False
6338,239.5904,783.6,0.0,False
6339,239.6024,-1.0,90.0,False
6340,239.6085,,12.6667,False
6341,239.6141,-1.0,90.0,False
6342,239.6144,936.69,0.0,True
6343,239.6177,984.36,0.0,False
6344,239.6206,,0.0,False
6345,239.6596,,0.0,False
6346,239.6729,1068.64,0.0,True
6347,239.6902,-1.0,0.0,False
6348,239.6975,-1.0,0.0,False
6349,239.702,,0.0,False
6350,239.7023,-1.0,0.0,False
6351,239.7074,-1.0,0.0,True
6352,239.7197,,0.0,True
6353,239.7217,-1.0,0.0,False
6354,239.7233,830.86,90.0,False
6355,239.7333,906.8,0.0,False
6356,239.7382,-1.0,0.0,False
6357,239.7386,852.78,0.0,True
6358,239.7414,933.23,0.0,True
6359,239.7451,,0.0,True
6360,239.7453,-1.0,0.0,False
6361,239.7454,,90.0,False
6362,239.747,,0.0,False
6363,239.761,-1.0,0.0,False
6364,239.7638,,0.0,False
6365,239.7661,,90.0,False
6366,239.7714,-1.0,0.0,False
6367,239.7738,,0.0,False
6368,239.7804,-1.0,0.0,True
6369,239.7833,,90.0,True
6370,239.7859,-1.0,0.0,False
6371,239.7872,-1.0,0.0,False
6372,239.79,,0.0,False
6373,239.8027,926.61,12.6667,False
6374,239.8043,-1.0,90.0,False
6375,239.8043,939.23,0.0,False
6376,239.8107,-1.0,0.0,False
6377,239.8173,-1.0,0.0,False
6378,239.8179,-1.0,0.0,False
6379,239.8443,-1.0,0.0,False
6380,239.8453,900.68,0.0,False
6381,239.8481,1003.37,0.0,False
6382,239.849,-1.0,0.0,False
6383,239.8538,-1.0,0.0,False
6384,239.8636,,0.0,False
6385,239.8684,,0.0,False
6386,239.8755,,90.0,False
6387,239.8886,,0.0,False
6388,239.9083,,0.0,True
6389,239.9109,,90.0,False
6390,239.9208,,0.0,False
6391,239.9327,838.37,0.0,False
6392,239.9438,-1.0,0.0,False
6393,239.9444,,0.0,False
6394,239.9498,897.79,85.0,False
6395,239.9556,-1.0,0.0,False
6396,239.9712,932.1,0.0,False
6397,239.9763,-1.0,90.0,False
6398,239.9851,,0.0,False
6399,239.9947,-1.0,90.0,False
6400,240.0178,,0.0,False
6401,240.0309,,0.0,False
6402,240.0311,,0.0,False
6403,240.037,,0.0,False
6404,240.0432,1012.02,0.0,False
6405,240.0492,,0.0,False
6406,240.05,-1.0,0.0,True
6407,240.0547,,0.0,True
6408,240.0732,-1.0,90.0,False
6409,240.0807,,0.0,False
6410,240.103,,0.0,False
6411,240.1098,,0.0,False
6412,240.1186,891.19,90.0,False
6413,240.1491,,0.0,False
6414,240.156,,0.0,False
6415,240.1565,,90.0,False
6416,240.1576,,0.0,False
6417,240.1832,-1.0,90.0,True
6418,240.1929,847.38,0.0,False
6419,240.1931,-1.0,0.0,False
6420,240.1931,,0.0,False
6421,240.194,-1.0,90.0,False
6422,240.1967,,0.0,False
6423,240.1999,,90.0,False
6424,240.2016,-1.0,0.0,False
6425,240.2199,826.47,0.0,False
6426,240.2202,1045.37,90.0,False
6427,240.2231,-1.0,90.0,False
6428,240.2233,964.94,90.0,False
6429,240.2358,913.63,0.0,False
6430,240.2373,966.17,0.0,False
6431,240.2375,952.18,0.0,False
6432,240.2408,,0.0,False
6433,240.2491,,0.0,False
6434,240.2495,-1.0,0.0,True
6435,240.2601,-1.0,0.0,False
6436,240.2644,-1.0,0.0,False
6437,240.2653,985.67,0.0,False
6438,240.2668,,0.0,False
6439,240.2871,-1.0,0.0,True
6440,240.2928,-1.0,90.0,False
6441,240.2935,-1.0,0.0,False
6442,240.2954,-1.0,90.0,False
6443,240.3019,,0.0,False
6444,240.3023,825.35,0.0,False
6445,240.3063,956.68,0.0,False
6446,240.314,-1.0,90.0,True
6447,240.3148,,0.0,False
6448,240.3168,-1.0,0.0,False
6449,240.3187,796.73,0.0,False
6450,240.3243,,0.0,False
6451,240.3333,921.81,0.0,False
6452,240.3339,-1.0,0.0,False
6453,240.3351,,0.0,False
6454,240.3359,-1.0,0.0,False
6455,240.3366,810.61,0.0,True
6456,240.339,1001.22,0.0,False
6457,240.3409,959.02,0.0,False
6458,240.3487,-1.0,0.0,False
6459,240.3527,910.26,0.0,False
6460,240.3545,,0.0,False
6461,240.3577,,0.0,False
6462,240.3597,1041.19,90.0,False
6463,240.3631,,0.0,False
6464,240.3782,979.44,0.0,True
6465,240.3803,,0.0,False
6466,240.3803,-1.0,0.0,False
6467,240.3869,945.5,19.0,True
6468,240.3915,878.92,0.0,False
6469,240.3988,996.85,0.0,True
6470,240.4433,,0.0,False
6471,240.4522,-1.0,0.0,False
6472,240.4532,-1.0,0.0,True
6473,240.4571,,0.0,False
6474,240.4634,,0.0,False
6475,240.474,1034.45,0.0,False
6476,240.4744,,0.0,False
6477,240.4793,870.63,0.0,True
6478,240.4817,,0.0,False
6479,240.4842,-1.0,90.0,False
6480,240.4915,-1.0,0.0,False
6481,240.4981,-1.0,0.0,False
6482,240.4995,-1.0,12.6667,False
6483,240.5047,-1.0,0.0,False
6484,240.511,-1.0,0.0,True
6485,240.5236,910.12,0.0,False
6486,240.5389,,0.0,True
6487,240.544,-1.0,0.0,False
6488,240.5443,,90.0,False
6489,240.5536,,90.0,True
6490,240.5643,-1.0,0.0,True
6491,240.5773,,0.0,False
6492,240.5858,,0.0,False
6493,240.5983,,0.0,False
6494,240.6003,,0.0,False
6495,240.6189,851.67,0.0,False
6496,240.6317,-1.0,0.0,False
6497,240.6318,-1.0,0.0,False
6498,240.6371,,0.0,True
6499,240.6428,-1.0,0.0,True
6500,240.6478,-1.0,0.0,False
6501,240.6485,-1.0,0.0,False
6502,240.6501,-1.0,90.0,False
6503,240.6528,,0.0,False
6504,240.6542,-1.0,0.0,False
6505,240.6639,-1.0,0.0,True
6506,240.665,,90.0,False
6507,240.6697,-1.0,0.0,False
6508,240.6705,,90.0,False
6509,240.6805,-1.0,0.0,False
6510,240.6851,929.11,0.0,False
6511,240.6858,-1.0,0.0,False
6512,240.6878,,90.0,False
6513,240.6905,873.57,0.0,False
6514,240.691,,85.0,False
6515,240.7023,1009.72,0.0,False
6516,240.7048,834.37,0.0,False
6517,240.7089,,0.0,False
6518,240.7096,-1.0,0.0,False
6519,240.7128,,90.0,False
6520,240.7146,799.62,90.0,True
6521,240.718,-1.0,0.0,False
6522,240.7275,,0.0,False
6523,240.7359,1011.28,90.0,False
6524,240.7393,898.42,0.0,False
6525,240.7448,-1.0,0.0,True
6526,240.7681,875.37,0.0,False
6527,240.7761,,0.0,False
6528,240.7797,,0.0,True
6529,240.7804,858.09,0.0,False
6530,240.7892,-1.0,90.0,True
6531,240.7958,-1.0,0.0,False
6532,240.8065,853.02,0.0,False
6533,240.8114,,0.0,False
6534,240.8118,-1.0,0.0,False
6535,240.8209,-1.0,90.0,False
6536,240.8236,,0.0,False
6537,240.8428,-1.0,0.0,True
6538,240.8438,911.98,90.0,False
6539,240.8462,787.43,90.0,False
6540,240.8523,1022.47,0.0,True
6541,240.8553,866.34,38.0,False
6542,240.856,745.01,90.0,True
6543,240.8612,1002.2,0.0,False
6544,240.8653,-1.0,0.0,False
6545,240.8656,1132.62,85.0,True
6546,240.866,,0.0,False
6547,240.8745,,0.0,False
6548,240.8957,1082.48,0.0,False
6549,240.9128,-1.0,0.0,False
6550,240.9176,-1.0,0.0,True
6551,240.9222,-1.0,0.0,False
6552,240.9254,-1.0,0.0,False
6553,240.9266,1080.94,0.0,False
6554,240.9275,,0.0,False
6555,240.9328,-1.0,0.0,False
6556,240.9501,-1.0,0.0,False
6557,240.9505,863.75,90.0,True
6558,240.9516,937.78,0.0,False
6559,240.957,-1.0,0.0,False
6560,240.9653,,0.0,False
6561,240.9661,-1.0,38.0,False
6562,240.9689,923.49,0.0,False
6563,240.9775,,0.0,False
6564,240.9878,-1.0,0.0,False
6565,240.989,-1.0,0.0,True
6566,240.998,-1.0,90.0,False
6567,240.998,,0.0,False
6568,241.0064,935.38,0.0,False
6569,241.0101,,90.0,False
6570,241.0131,983.92,90.0,False
6571,241.015,-1.0,90.0,False
6572,241.0268,912.99,90.0,False
6573,241.0273,,0.0,False
6574,241.0302,-1.0,0.0,False
6575,241.0308,889.5,0.0,True
6576,241.0312,999.7,0.0,False
6577,241.0356,829.79,0.0,False
6578,241.0537,-1.0,90.0,False
6579,241.06,,0.0,False
6580,241.0638,-1.0,0.0,False
6581,241.0649,,0.0,True
6582,241.0679,,0.0,True
6583,241.0761,1042.18,0.0,False
6584,241.0765,886.55,0.0,False
6585,241.0794,,90.0,False
6586,241.0805,-1.0,0.0,True
6587,241.0866,971.29,0.0,False
6588,241.0878,-1.0,90.0,False
6589,241.0913,880.42,0.0,False
6590,241.0926,,0.0,False
6591,241.0941,,0.0,False
6592,241.1018,-1.0,90.0,False
6593,241.102,,90.0,False
6594,241.1037,,0.0,False
6595,241.1113,-1.0,0.0,False
6596,241.1121,-1.0,0.0,True
6597,241.1137,-1.0,0.0,True
6598,241.1163,-1.0,0.0,False
6599,241.1179,-1.0,90.0,True
6600,241.1257,-1.0,0.0,False
6601,241.132,-1.0,0.0,False
6602,241.1354,-1.0,0.0,False
6603,241.1366,,0.0,True
6604,241.142,900.35,0.0,True
6605,241.146,973.7,0.0,True
6606,241.1615,,90.0,False
6607,241.1746,,0.0,False
6608,241.1831,911.86,0.0,False
6609,241.1831,,0.0,False
6610,241.184,,90.0,True
6611,241.1866,-1.0,0.0,False
6612,241.1898,-1.0,90.0,True
6613,241.1942,-1.0,0.0,False
6614,241.1973,-1.0,0.0,True
6615,241.2035,-1.0,0.0,False
6616,241.204,-1.0,0.0,False
6617,241.2121,779.02,0.0,False
6618,241.2132,-1.0,0.0,False
6619,241.215,-1.0,90.0,False
6620,241.226,,0.0,False
6621,241.2344,855.94,0.0,True
6622,241.2366,1254.67,0.0,True
6623,241.2406,,90.0,False
6624,241.2454,,0.0,False
6625,241.2543,-1.0,0.0,False
6626,241.296,-1.0,0.0,False
6627,241.2968,,90.0,True
6628,241.3019,,0.0,False
6629,241.3048,818.26,0.0,False
6630,241.3072,-1.0,0.0,False
6631,241.3081,829.56,0.0,False
6632,241.3099,,0.0,False
6633,241.315,,90.0,False
6634,241.3208,-1.0,0.0,False
6635,241.3235,,90.0,False
6636,241.327,1016.75,90.0,False
6637,241.3401,,0.0,False
6638,241.3415,-1.0,0.0,False
6639,241.344,858.79,0.0,True
6640,241.3453,,0.0,False
6641,241.3473,,90.0,False
6642,241.3596,-1.0,0.0,False
6643,241.3615,-1.0,0.0,False
6644,241.362,-1.0,0.0,False
6645,241.3665,890.15,0.0,True
6646,241.3768,859.96,0.0,False
6647,241.3774,-1.0,0.0,True
6648,241.3824,,0.0,False
6649,241.3901,887.86,0.0,False
6650,241.3916,936.99,90.0,False
6651,241.3931,948.27,0.0,False
6652,241.3977,,90.0,False
6653,241.4034,-1.0,0.0,True
6654,241.4072,865.12,0.0,False
6655,241.4079,,0.0,True
6656,241.409,-1.0,0.0,True
6657,241.419,-1.0,0.0,False
6658,241.4236,-1.0,0.0,True
6659,241.4383,1007.66,90.0,False
6660,241.4429,-1.0,0.0,False
6661,241.4486,-1.0,0.0,False
6662,241.4508,,0.0,False
6663,241.4532,,0.0,False
6664,241.4533,-1.0,0.0,False
6665,241.4934,,90.0,True
6666,241.496,,95.0,False
6667,241.502,-1.0,0.0,True
6668,241.5029,792.4,0.0,False
6669,241.5145,-1.0,90.0,False
6670,241.5152,-1.0,0.0,False
6671,241.516,990.84,0.0,False
6672,241.5216,927.13,0.0,True
6673,241.5238,,0.0,True
6674,241.5323,817.6,0.0,True
6675,241.5326,,0.0,False
6676,241.5427,,0.0,False
6677,241.5429,,90.0,False
6678,241.5437,922.06,0.0,False
6679,241.5462,-1.0,90.0,False
6680,241.5482,,0.0,False
6681,241.5588,986.29,0.0,False
6682,241.564,933.43,0.0,True
6683,241.5758,,90.0,True
6684,241.5764,,0.0,True
6685,241.5972,,0.0,False
6686,241.601,741.19,90.0,False
6687,241.6122,-1.0,12.6667,False
6688,241.6267,-1.0,0.0,True
6689,241.6362,,0.0,False
6690,241.6368,,0.0,False
6691,241.6419,,0.0,True
6692,241.6435,,90.0,False
6693,241.6444,-1.0,0.0,False
6694,241.6495,891.85,90.0,False
6695,241.6576,-1.0,0.0,False
6696,241.6598,-1.0,90.0,False
6697,241.6639,-1.0,19.0,False
6698,241.6728,913.74,0.0,True
6699,241.6763,,90.0,False
6700,241.6787,890.26,0.0,True
6701,241.6807,,0.0,False
6702,241.689,944.69,12.6667,False
6703,241.6945,-1.0,0.0,False
6704,241.6974,-1.0,90.0,False
6705,241.7001,-1.0,0.0,False
6706,241.7101,-1.0,90.0,True
6707,241.7139,-1.0,0.0,False
6708,241.7227,,0.0,False
6709,241.7232,,85.0,False
6710,241.7321,-1.0,0.0,False
6711,241.7323,958.78,0.0,False
6712,241.7419,,0.0,False
6713,241.748,,0.0,False
6714,241.756,,0.0,True
6715,241.7576,1017.63,0.0,True
6716,241.7587,,0.0,False
6717,241.7754,,0.0,False
6718,241.782,907.34,0.0,False
6719,241.7827,,0.0,True
6720,241.7832,-1.0,0.0,False
6721,241.7926,-1.0,0.0,False
6722,241.7936,-1.0,25.3333,True
6723,241.8046,,0.0,False
6724,241.8052,881.77,63.3333,False
6725,241.8169,,0.0,True
6726,241.8181,,90.0,False
6727,241.8188,,0.0,True
6728,241.8211,,0.0,True
6729,241.8229,-1.0,0.0,False
6730,241.8252,,0.0,False
6731,241.8326,,0.0,False
6732,241.8365,926.8,0.0,True
6733,241.837,-1.0,0.0,False
6734,241.8391,,0.0,True
6735,241.8454,-1.0,0.0,False
6736,241.8518,,90.0,True
6737,241.8547,917.95,90.0,False
6738,241.8776,,0.0,False
6739,241.8781,,0.0,False
6740,241.8785,-1.0,0.0,False
6741,241.8794,763.7,0.0,False
6742,241.8803,-1.0,0.0,False
6743,241.8828,913.88,0.0,True
6744,241.8858,,0.0,False
6745,241.8929,,90.0,False
6746,241.893,,0.0,False
6747,241.8937,867.07,0.0,False
6748,241.8975,875.56,0.0,False
6749,241.9012,-1.0,90.0,False
6750,241.9067,-1.0,0.0,False
6751,241.9077,1040.03,0.0,True
6752,241.9096,,0.0,False
6753,241.9204,963.21,0.0,False
6754,241.9348,,0.0,False
6755,241.9366,844.99,0.0,False
6756,241.9375,,0.0,False
6757,241.938,,0.0,True
6758,241.9576,-1.0,0.0,False
6759,241.9602,,0.0,False
6760,241.9641,-1.0,0.0,True
6761,241.9793,-1.0,90.0,False
6762,241.9814,,0.0,False
6763,241.9912,-1.0,0.0,False
6764,242.0022,868.08,0.0,False
6765,242.0109,,0.0,False
6766,242.012,897.35,0.0,False
6767,242.0172,-1.0,90.0,False
6768,242.0176,,0.0,False
6769,242.0208,,0.0,False
6770,242.028,,0.0,False
6771,242.0324,-1.0,0.0,False
6772,242.0372,,0.0,False
6773,242.0411,,0.0,False
6774,242.0421,1052.04,0.0,False
6775,242.0454,-1.0,0.0,True
6776,242.0513,-1.0,0.0,True
6777,242.054,,0.0,False
6778,242.0562,1063.08,0.0,False
6779,242.0573,-1.0,0.0,False
6780,242.0599,-1.0,0.0,False
6781,242.0728,,0.0,False
6782,242.0765,-1.0,12.6667,False
6783,242.0827,-1.0,0.0,False
6784,242.0829,-1.0,90.0,False
6785,242.0845,-1.0,0.0,False
6786,242.0869,984.03,90.0,False
6787,242.0902,,0.0,False
6788,242.0904,,0.0,False
6789,242.0907,-1.0,0.0,True
6790,242.0918,,0.0,False
6791,242.0962,,90.0,False
6792,242.098,944.16,0.0,False
6793,242.102,,0.0,True
6794,242.1052,,90.0,True
6795,242.108,,85.0,True
6796,242.1081,855.4,0.0,False
6797,242.109,724.44,0.0,False
6798,242.116,,90.0,False
6799,242.1205,-1.0,0.0,False
6800,242.1235,922.9,90.0,False
6801,242.1297,915.69,0.0,False
6802,242.1351,,0.0,True
6803,242.1383,,0.0,True
6804,242.1427,,0.0,False
6805,242.1568,-1.0,0.0,False
6806,242.1573,-1.0,0.0,True
6807,242.1614,-1.0,0.0,False
6808,242.1713,883.13,0.0,True
6809,242.1778,,0.0,False
6810,242.1819,923.91,0.0,False
6811,242.185,-1.0,0.0,False
6812,242.1864,1091.36,0.0,False
6813,242.1908,930.62,0.0,True
6814,242.191,,0.0,False
6815,242.1986,-1.0,90.0,False
6816,242.2011,-1.0,0.0,False
6817,242.2053,805.24,0.0,False
6818,242.2123,897.87,0.0,False
6819,242.2153,,0.0,False
6820,242.2202,994.87,0.0,True
6821,242.2287,-1.0,90.0,False
6822,242.2307,,0.0,False
6823,242.2358,-1.0,0.0,False
6824,242.238,-1.0,90.0,False
6825,242.2421,-1.0,0.0,True
6826,242.2457,,0.0,False
6827,242.2476,839.44,0.0,False
6828,242.256,826.88,0.0,True
6829,242.2598,,85.0,False
6830,242.2631,-1.0,90.0,False
6831,242.2642,713.86,0.0,False
6832,242.2755,-1.0,0.0,False
6833,242.2789,902.23,0.0,False
6834,242.2892,933.52,90.0,False
6835,242.291,-1.0,90.0,True
6836,242.3008,-1.0,90.0,True
6837,242.3031,,0.0,True
6838,242.3098,-1.0,0.0,True
6839,242.3214,1030.36,90.0,False
6840,242.3234,-1.0,0.0,False
6841,242.3281,,0.0,False
6842,242.3311,807.09,90.0,False
6843,242.3341,900.94,90.0,False
6844,242.3378,,0.0,False
6845,242.3385,-1.0,0.0,False
6846,242.3409,,0.0,False
6847,242.3434,-1.0,0.0,False
6848,242.3451,,0.0,False
6849,242.3484,-1.0,0.0,False
6850,242.3488,,0.0,False
6851,242.3528,,90.0,False
6852,242.3544,,0.0,False
6853,242.355,,0.0,False
6854,242.3551,-1.0,90.0,False
6855,242.3586,1008.32,0.0,True
6856,242.3627,869.19,90.0,False
6857,242.3661,-1.0,90.0,False
6858,242.3687,,0.0,True
6859,242.3888,,0.0,True
6860,242.3951,,90.0,True
6861,242.4008,,90.0,True
6862,242.4014,748.83,0.0,False
6863,242.4065,934.05,90.0,False
6864,242.411,,0.0,False
6865,242.4167,876.34,0.0,False
6866,242.4176,,0.0,False
6867,242.4273,867.71,0.0,False
6868,242.4282,-1.0,0.0,False
6869,242.4296,962.08,0.0,False
6870,242.4402,-1.0,0.0,False
6871,242.4424,,0.0,True
6872,242.4496,,0.0,True
6873,242.4515,906.43,0.0,False
6874,242.4516,798.63,0.0,False
6875,242.46,846.52,90.0,True
6876,242.4691,-1.0,0.0,False
6877,242.4811,-1.0,0.0,False
6878,242.5069,-1.0,0.0,False
6879,242.5111,762.78,0.0,False
6880,242.5147,,0.0,True
6881,242.5177,-1.0,0.0,False
6882,242.5282,906.44,0.0,False
6883,242.5335,-1.0,0.0,False
6884,242.5419,,0.0,False
6885,242.5494,,90.0,True
6886,242.5578,710.93,90.0,False
6887,242.5635,-1.0,90.0,True
6888,242.5662,917.48,57.0,False
6889,242.5687,-1.0,0.0,True
6890,242.5752,,90.0,True
6891,242.5772,,0.0,False
6892,242.5791,900.16,0.0,False
6893,242.5825,,0.0,False
6894,242.5829,899.15,0.0,False
6895,242.5888,,0.0,False
6896,242.6013,,90.0,False
6897,242.6101,849.4,90.0,False
6898,242.6132,-1.0,0.0,False
6899,242.6139,,0.0,False
6900,242.6188,957.93,90.0,False
6901,242.6225,859.98,0.0,False
6902,242.6242,,0.0,False
6903,242.6284,800.71,0.0,True
6904,242.6345,,0.0,False
6905,242.6373,905.79,0.0,True
6906,242.6395,,90.0,False
6907,242.644,,90.0,False
6908,242.6533,,0.0,False
6909,242.6631,-1.0,0.0,True
6910,242.6657,,90.0,True
6911,242.6664,-1.0,90.0,True
6912,242.6698,,0.0,False
6913,242.6703,,0.0,True
6914,242.675,,0.0,False
6915,242.6891,851.21,38.0,False
6916,242.691,-1.0,0.0,True
6917,242.693,,0.0,True
6918,242.6972,,0.0,False
6919,242.7046,903.26,0.0,False
6920,242.7114,-1.0,0.0,True
6921,242.7123,1000.1,90.0,True
6922,242.7129,,0.0,False
6923,242.7212,,0.0,False
6924,242.7227,-1.0,0.0,True
6925,242.7253,,90.0,False
6926,242.7281,-1.0,12.6667,True
6927,242.7351,865.39,0.0,False
6928,242.7463,,90.0,False
6929,242.7487,-1.0,0.0,False
6930,242.752,981.06,0.0,False
6931,242.7606,953.31,0.0,False
6932,242.7612,839.75,90.0,False
6933,242.7662,906.87,90.0,False
6934,242.7662,-1.0,90.0,False
6935,242.7696,826.53,90.0,True
6936,242.77,836.73,0.0,False
6937,242.7731,,90.0,True
6938,242.7788,,0.0,False
6939,242.8068,876.77,0.0,False
6940,242.8158,,0.0,False
6941,242.8184,-1.0,0.0,False
6942,242.8226,,90.0,False
6943,242.8261,-1.0,0.0,False
6944,242.8366,-1.0,90.0,False
6945,242.8383,,0.0,False
6946,242.8514,-1.0,0.0,False
6947,242.8567,983.63,0.0,False
6948,242.8577,,0.0,True
6949,242.8599,,0.0,False
6950,242.861,999.02,0.0,False
6951,242.8645,,0.0,False
6952,242.8654,970.62,0.0,False
6953,242.8671,-1.0,0.0,True
6954,242.871,890.26,85.0,False
6955,242.8716,,0.0,True
6956,242.8722,,0.0,False
6957,242.8864,-1.0,0.0,False
6958,242.8935,834.65,0.0,False
6959,242.9011,844.8,0.0,False
6960,242.9025,,38.0,False
6961,242.9226,976.01,0.0,False
6962,242.925,-1.0,0.0,False
6963,242.9255,,90.0,False
6964,242.9268,-1.0,90.0,False
6965,242.9368,922.59,0.0,False
6966,242.9459,-1.0,0.0,False
6967,242.9486,884.58,0.0,False
6968,242.9529,,0.0,False
6969,242.9575,-1.0,0.0,True
6970,242.9653,,0.0,True
6971,242.9733,,0.0,False
6972,242.9756,,90.0,False
6973,242.9805,-1.0,0.0,False
6974,242.9838,-1.0,0.0,False
6975,243.003,,25.3333,False
6976,243.0066,-1.0,0.0,True
6977,243.0126,,0.0,False
6978,243.0171,,90.0,False
6979,243.0173,,0.0,False
6980,243.0204,-1.0,0.0,False
6981,243.0228,,0.0,False
6982,243.0243,-1.0,0.0,False
6983,243.0265,,0.0,False
6984,243.0323,990.42,0.0,False
6985,243.0427,-1.0,0.0,False
6986,243.0491,,0.0,False
6987,243.0547,,90.0,False
6988,243.0562,,0.0,False
6989,243.0577,-1.0,0.0,False
6990,243.062,,90.0,False
6991,243.0645,-1.0,0.0,False
6992,243.0662,916.96,0.0,True
6993,243.0694,-1.0,90.0,False
6994,243.0765,-1.0,90.0,False
6995,243.0803,912.53,90.0,False
6996,243.087,,90.0,False
6997,243.0885,-1.0,0.0,False
6998,243.0914,-1.0,0.0,False
6999,243.1016,932.29,0.0,False
7000,243.1017,,0.0,False
7001,243.1022,-1.0,90.0,False
7002,243.1058,805.63,0.0,False
7003,243.1079,-1.0,90.0,False
7004,243.1096,-1.0,0.0,False
7005,243.1148,,0.0,False
7006,243.1206,,0.0,False
7007,243.1237,-1.0,0.0,False
7008,243.1285,-1.0,0.0,True
7009,243.1314,-1.0,12.6667,False
7010,243.1316,-1.0,0.0,False
7011,243.1367,-1.0,0.0,False
7012,243.1476,,90.0,False
7013,243.149,,0.0,False
7014,243.1505,-1.0,0.0,False
7015,243.1556,,90.0,False
7016,243.1625,-1.0,90.0,False
7017,243.1633,-1.0,0.0,False
7018,243.1652,909.39,0.0,True
7019,243.1663,919.8,0.0,False
7020,243.175,-1.0,90.0,False
7021,243.1759,,0.0,False
7022,243.1795,,0.0,False
7023,243.1811,-1.0,0.0,False
7024,243.1832,,0.0,False
7025,243.1834,-1.0,0.0,False
7026,243.1859,922.44,0.0,False
7027,243.1875,-1.0,0.0,False
7028,243.1876,,0.0,False
7029,243.1896,,0.0,True
7030,243.1899,,0.0,False
7031,243.1952,,0.0,False
7032,243.1971,-1.0,0.0,False
7033,243.1993,-1.0,0.0,True
7034,243.2001,,0.0,False
7035,243.2076,,0.0,False
7036,243.2077,-1.0,0.0,True
7037,243.214,-1.0,0.0,True
7038,243.214,-1.0,90.0,False
7039,243.2218,-1.0,90.0,False
7040,243.2256,,0.0,False
7041,243.2267,911.75,0.0,False
7042,243.233,-1.0,0.0,False
7043,243.2483,-1.0,0.0,False
7044,243.2519,865.62,0.0,False
7045,243.259,,0.0,False
7046,243.2598,977.11,0.0,True
7047,243.2603,-1.0,0.0,False
7048,243.263,,0.0,False
7049,243.2633,871.49,0.0,True
7050,243.2657,952.81,0.0,False
7051,243.2671,-1.0,0.0,False
7052,243.2689,,0.0,False
7053,243.2709,,0.0,True
7054,243.2724,-1.0,90.0,False
7055,243.278,-1.0,0.0,False
7056,243.2879,-1.0,0.0,False
7057,243.2891,,0.0,False
7058,243.2919,,0.0,True
7059,243.301,,38.0,False
7060,243.3029,1087.17,0.0,False
7061,243.304,,0.0,False
7062,243.3046,,0.0,True
7063,243.3061,-1.0,0.0,False
7064,243.3069,-1.0,0.0,False
7065,243.3122,,90.0,True
7066,243.3131,-1.0,12.6667,True
7067,243.3183,-1.0,0.0,False
7068,243.3218,-1.0,0.0,False
7069,243.3244,-1.0,90.0,False
7070,243.3249,,0.0,False
7071,243.3252,760.1,12.6667,False
7072,243.3279,,0.0,True
7073,243.3331,-1.0,90.0,True
7074,243.3357,,0.0,False
7075,243.3383,,0.0,False
7076,243.3412,-1.0,90.0,False
7077,243.3503,-1.0,0.0,True
7078,243.356,,12.6667,True
7079,243.3659,911.89,90.0,False
7080,243.3662,946.64,0.0,False
7081,243.395,,0.0,False
7082,243.396,,0.0,False
7083,243.3993,,0.0,False
7084,243.4023,,12.6667,True
7085,243.4029,,0.0,False
7086,243.4044,-1.0,90.0,False
7087,243.4154,-1.0,0.0,False
7088,243.4181,,90.0,False
7089,243.4241,,0.0,True
7090,243.4244,967.8,0.0,False
7091,243.4319,,90.0,False
7092,243.4332,,0.0,False
7093,243.4332,,90.0,False
7094,243.4392,1048.37,63.3333,False
7095,243.4517,,0.0,False
7096,243.4534,-1.0,0.0,False
7097,243.4539,1010.08,90.0,False
7098,243.4589,,0.0,False
7099,243.4598,-1.0,90.0,False
7100,243.4699,,0.0,False
7101,243.4718,998.26,0.0,True
7102,243.4743,804.42,90.0,False
7103,243.4805,-1.0,0.0,False
7104,243.4814,,0.0,False
7105,243.4864,-1.0,0.0,False
7106,243.4906,-1.0,38.0,False
7107,243.4917,,0.0,False
7108,243.4938,-1.0,90.0,True
7109,243.4958,973.77,0.0,False
7110,243.4966,864.48,0.0,False
7111,243.4989,-1.0,0.0,False
7112,243.4998,-1.0,90.0,True
7113,243.5015,952.79,38.0,False
7114,243.5028,,0.0,False
7115,243.507,,0.0,False
7116,243.5078,,90.0,False
7117,243.5091,,0.0,False
7118,243.5157,-1.0,90.0,False
7119,243.5202,,0.0,False
7120,243.5321,815.86,0.0,False
7121,243.541,977.97,90.0,True
7122,243.5415,-1.0,0.0,False
7123,243.543,-1.0,0.0,False
7124,243.5433,913.61,0.0,False
7125,243.5511,962.06,0.0,False
7126,243.5564,-1.0,0.0,False
7127,243.5568,849.88,0.0,False
7128,243.5624,,90.0,False
7129,243.5638,874.64,90.0,False
7130,243.5718,,0.0,False
7131,243.5778,-1.0,90.0,False
7132,243.5816,-1.0,0.0,False
7133,243.5979,,38.0,False
7134,243.5989,,90.0,True
7135,243.6027,872.05,0.0,False
7136,243.6115,,0.0,False
7137,243.6247,-1.0,0.0,False
7138,243.6272,,0.0,False
7139,243.6346,845.2,0.0,False
7140,243.6377,-1.0,90.0,False
7141,243.6395,,0.0,False
7142,243.6432,,0.0,False
7143,243.6461,,12.6667,False
7144,243.6681,874.84,0.0,False
7145,243.6718,857.0,0.0,True
7146,243.6719,-1.0,0.0,False
7147,243.6738,,90.0,False
7148,243.6775,-1.0,0.0,True
7149,243.6784,-1.0,0.0,False
7150,243.6852,,38.0,False
7151,243.687,-1.0,90.0,False
7152,243.6899,,0.0,True
7153,243.692,,0.0,False
7154,243.7024,960.13,90.0,False
7155,243.7046,896.79,0.0,False
7156,243.7049,,90.0,False
7157,243.7059,936.63,0.0,False
7158,243.7093,-1.0,0.0,False
7159,243.716,-1.0,0.0,False
7160,243.718,-1.0,0.0,False
7161,243.7183,776.63,0.0,True
7162,243.7261,-1.0,0.0,False
7163,243.7302,,0.0,True
7164,243.7335,-1.0,0.0,True
7165,243.7377,902.0,90.0,False
7166,243.7389,892.94,0.0,False
7167,243.7453,1038.1,0.0,False
7168,243.7502,-1.0,0.0,False
7169,243.7525,,0.0,False
7170,243.7577,837.68,90.0,False
7171,243.76,-1.0,90.0,False
7172,243.7621,-1.0,0.0,True
7173,243.7628,883.06,0.0,False
7174,243.7694,914.53,90.0,False
7175,243.7719,-1.0,0.0,False
7176,243.777,,0.0,False
7177,243.7799,954.21,0.0,False
7178,243.7848,-1.0,90.0,False
7179,243.7854,,90.0,True
7180,243.7973,845.36,0.0,False
7181,243.7974,1002.69,0.0,False
7182,243.8003,1024.96,19.0,False
7183,243.8009,,0.0,False
7184,243.8068,,0.0,False
7185,243.8157,868.77,0.0,False
7186,243.8185,,0.0,False
7187,243.8192,-1.0,0.0,False
7188,243.8213,,38.0,True
7189,243.8282,,0.0,True
7190,243.829,-1.0,0.0,False
7191,243.8392,-1.0,0.0,True
7192,243.8463,-1.0,0.0,False
7193,243.8484,-1.0,90.0,False
7194,243.8486,,0.0,False
7195,243.8496,-1.0,0.0,True
7196,243.8524,860.34,0.0,False
7197,243.8554,-1.0,0.0,False
7198,243.8644,,0.0,False
7199,243.8712,884.12,38.0,False
7200,243.8715,-1.0,0.0,False
7201,243.8717,-1.0,90.0,False
7202,243.8752,,0.0,False
7203,243.8807,,90.0,True
7204,243.898,-1.0,0.0,False
7205,243.8998,913.18,0.0,False
7206,243.9085,797.13,0.0,False
7207,243.9163,,90.0,False
7208,243.9206,,0.0,False
7209,243.9288,-1.0,0.0,False
7210,243.9336,-1.0,0.0,False
7211,243.9372,-1.0,90.0,False
7212,243.9405,995.56,0.0,False
7213,243.951,,0.0,True
7214,243.9517,,90.0,False
7215,243.9635,,0.0,False
7216,243.9747,966.01,0.0,False
7217,243.983,-1.0,0.0,False
7218,243.9871,,12.6667,True
7219,243.9879,,90.0,False
7220,243.9882,-1.0,0.0,False
7221,243.9979,875.92,90.0,False
7222,243.999,-1.0,0.0,True
7223,244.0005,957.86,90.0,False
7224,244.0022,,90.0,False
7225,244.0023,-1.0,0.0,False
7226,244.012,904.15,0.0,False
7227,244.027,-1.0,90.0,False
7228,244.0392,,0.0,False
7229,244.0465,933.94,0.0,False
7230,244.0485,985.37,0.0,False
7231,244.0534,-1.0,0.0,False
7232,244.0537,939.91,0.0,False
7233,244.0553,,90.0,False
7234,244.0565,-1.0,85.0,False
7235,244.0568,,0.0,True
7236,244.0576,-1.0,90.0,False
7237,244.0645,938.0,90.0,False
7238,244.0652,,90.0,False
7239,244.0698,,90.0,True
7240,244.071,1002.7,95.0,True
7241,244.0775,,0.0,False
7242,244.0787,,90.0,True
7243,244.0793,-1.0,0.0,False
7244,244.087,,0.0,True
7245,244.0885,-1.0,0.0,True
7246,244.0914,-1.0,90.0,False
7247,244.0942,918.17,0.0,False
7248,244.0955,,0.0,False
7249,244.1048,-1.0,0.0,False
7250,244.1075,924.72,0.0,False
7251,244.1129,992.18,0.0,False
7252,244.1194,-1.0,0.0,False
7253,244.1196,,0.0,True
7254,244.1215,,0.0,False
7255,244.1384,,0.0,False
7256,244.1573,-1.0,0.0,False
7257,244.1645,832.75,0.0,False
7258,244.1666,850.92,0.0,False
7259,244.1674,949.54,90.0,False
7260,244.1752,-1.0,90.0,False
7261,244.181,-1.0,0.0,False
7262,244.1836,-1.0,0.0,True
7263,244.1858,-1.0,0.0,False
7264,244.1953,-1.0,0.0,False
7265,244.202,-1.0,0.0,False
7266,244.2031,868.76,90.0,False
7267,244.2052,,0.0,False
7268,244.2082,,0.0,True
7269,244.2092,-1.0,90.0,False
7270,244.2107,,0.0,False
7271,244.2132,,0.0,False
7272,244.2173,,90.0,False
7273,244.2214,,0.0,False
7274,244.2224,-1.0,0.0,True
7275,244.227,,0.0,False
7276,244.2303,-1.0,0.0,False
7277,244.2318,944.9,0.0,False
7278,244.2437,904.46,0.0,False
7279,244.2438,,0.0,False
7280,244.244,,0.0,True
7281,244.246,815.8,90.0,False
7282,244.2473,,90.0,False
7283,244.2476,,0.0,False
7284,244.2481,817.14,0.0,False
7285,244.256,-1.0,0.0,False
7286,244.2607,-1.0,0.0,False
7287,244.2624,914.19,38.0,False
7288,244.2646,851.27,0.0,False
7289,244.2659,922.61,0.0,False
7290,244.2732,-1.0,63.3333,False
7291,244.2798,-1.0,0.0,False
7292,244.2862,-1.0,90.0,False
7293,244.2865,,0.0,False
7294,244.2865,,90.0,True
7295,244.2875,955.63,90.0,True
7296,244.2879,-1.0,0.0,False
7297,244.2909,-1.0,0.0,True
7298,244.2976,-1.0,0.0,False
7299,244.2998,950.89,90.0,True
7300,244.3024,-1.0,0.0,False
7301,244.3156,,0.0,False
7302,244.3287,,0.0,False
7303,244.3301,1030.22,90.0,False
7304,244.3308,,0.0,False
7305,244.3321,957.08,90.0,False
7306,244.335,,90.0,False
7307,244.3374,-1.0,0.0,False
7308,244.3441,,0.0,False
7309,244.3601,,0.0,False
7310,244.3617,,0.0,False
7311,244.3698,,0.0,False
7312,244.3756,,0.0,False
7313,244.3822,891.74,0.0,False
7314,244.3822,922.17,0.0,False
7315,244.3855,-1.0,0.0,False
7316,244.3872,,0.0,True
7317,244.3891,-1.0,0.0,False
7318,244.3976,829.52,0.0,False
7319,244.3992,972.35,0.0,True
7320,244.3996,-1.0,0.0,True
7321,244.3999,-1.0,90.0,False
7322,244.4043,,0.0,False
7323,244.4118,-1.0,0.0,False
7324,244.4199,,0.0,False
7325,244.4224,-1.0,0.0,False
7326,244.4246,,0.0,True
7327,244.427,-1.0,0.0,False
7328,244.4312,899.59,0.0,False
7329,244.4339,-1.0,0.0,False
7330,244.4349,967.96,0.0,False
7331,244.4359,836.51,90.0,False
7332,244.4364,-1.0,0.0,False
7333,244.4394,860.05,90.0,False
7334,244.4453,,0.0,True
7335,244.4455,,0.0,False
7336,244.4543,-1.0,0.0,False
7337,244.4543,-1.0,0.0,False
7338,244.4574,,0.0,True
7339,244.4615,-1.0,0.0,False
7340,244.4748,-1.0,0.0,True
7341,244.4755,826.23,0.0,False
7342,244.4767,782.42,90.0,True
7343,244.4865,-1.0,0.0,False
7344,244.4879,916.42,90.0,False
7345,244.4898,981.45,90.0,False
7346,244.4911,-1.0,90.0,False
7347,244.4935,-1.0,0.0,False
7348,244.5001,-1.0,0.0,False
7349,244.5001,,90.0,False
7350,244.5051,950.62,90.0,True
7351,244.5054,-1.0,0.0,False
7352,244.5058,842.44,0.0,False
7353,244.5094,,0.0,False
7354,244.5102,,0.0,False
7355,244.5163,-1.0,90.0,False
7356,244.5172,-1.0,0.0,False
7357,244.5262,923.32,0.0,False
7358,244.5294,,90.0,False
7359,244.5359,958.24,0.0,False
7360,244.5388,,90.0,False
7361,244.5405,909.24,0.0,False
7362,244.5476,789.62,90.0,False
7363,244.5532,-1.0,0.0,False
7364,244.5533,,50.6667,False
7365,244.5536,790.15,0.0,False
7366,244.5542,,90.0,False
7367,244.557,-1.0,0.0,False
7368,244.5707,887.99,0.0,False
7369,244.571,-1.0,0.0,False
7370,244.5729,,12.6667,True
7371,244.5775,,90.0,False
7372,244.5825,,0.0,False
7373,244.5904,,0.0,False
7374,244.5919,-1.0,0.0,False
7375,244.5934,-1.0,0.0,False
7376,244.5979,,0.0,True
7377,244.6013,-1.0,0.0,False
7378,244.6018,,0.0,True
7379,244.6099,870.25,0.0,False
7380,244.6103,,90.0,False
7381,244.611,906.68,0.0,False
7382,244.613,1115.03,0.0,False
7383,244.6158,,0.0,True
7384,244.622,910.97,85.0,False
7385,244.6225,-1.0,90.0,False
7386,244.6228,-1.0,90.0,False
7387,244.6277,,0.0,False
7388,244.6301,903.95,0.0,True
7389,244.6342,-1.0,90.0,False
7390,244.6351,-1.0,0.0,False
7391,244.6403,835.94,0.0,False
7392,244.6426,,90.0,False
7393,244.6429,-1.0,0.0,False
7394,244.6536,-1.0,0.0,True
7395,244.6569,871.92,38.0,False
7396,244.657,,0.0,True
7397,244.6597,,0.0,False
7398,244.6616,,0.0,False
7399,244.6656,,0.0,True
7400,244.666,-1.0,90.0,True
7401,244.667,-1.0,0.0,False
7402,244.6745,-1.0,0.0,True
7403,244.6788,832.61,0.0,False
7404,244.6809,,0.0,False
7405,244.684,1017.47,90.0,False
7406,244.684,,0.0,True
7407,244.6966,,90.0,False
7408,244.6974,,90.0,True
7409,244.7005,848.61,90.0,False
7410,244.7057,,90.0,True
7411,244.7106,-1.0,0.0,False
7412,244.7188,-1.0,90.0,True
7413,244.7294,-1.0,90.0,False
7414,244.7331,,90.0,True
7415,244.7369,884.95,90.0,False
7416,244.744,,0.0,False
7417,244.7445,-1.0,0.0,False
7418,244.7464,926.12,90.0,False
7419,244.7541,-1.0,0.0,False
7420,244.7554,-1.0,0.0,False
7421,244.7605,,0.0,False
7422,244.7693,,0.0,False
7423,244.7698,873.95,0.0,False
7424,244.7729,,0.0,False
7425,244.776,,0.0,True
7426,244.7762,-1.0,0.0,False
7427,244.7783,,0.0,False
7428,244.7851,807.21,0.0,False
7429,244.7857,-1.0,0.0,True
7430,244.7858,957.77,0.0,False
7431,244.7866,,0.0,False
7432,244.7909,793.8,0.0,False
7433,244.7945,,0.0,False
7434,244.7952,,90.0,False
7435,244.7996,-1.0,90.0,False
7436,244.8036,859.18,90.0,False
7437,244.8067,-1.0,0.0,False
7438,244.8131,933.46,0.0,False
7439,244.8246,-1.0,0.0,False
7440,244.8271,-1.0,90.0,False
7441,244.8289,,0.0,False
7442,244.836,-1.0,0.0,False
7443,244.8572,,0.0,False
7444,244.8622,988.25,0.0,False
7445,244.8694,,0.0,False
7446,244.8736,-1.0,0.0,False
7447,244.8762,,0.0,False
7448,244.8782,950.26,0.0,False
7449,244.8819,,0.0,False
7450,244.882,934.43,0.0,True
7451,244.8915,765.51,0.0,True
7452,244.8946,840.35,0.0,False
7453,244.8955,1032.85,0.0,False
7454,244.8964,-1.0,0.0,False
7455,244.8972,957.42,0.0,True
7456,244.9042,-1.0,0.0,False
7457,244.9066,-1.0,0.0,False
7458,244.9214,-1.0,0.0,False
7459,244.9238,1041.52,0.0,False
7460,244.9281,865.38,0.0,False
7461,244.9283,,0.0,False
7462,244.9433,,0.0,True
7463,244.9444,847.14,0.0,False
7464,244.9457,913.43,0.0,False
7465,244.9473,,0.0,False
7466,244.9493,,90.0,False
7467,244.9518,-1.0,0.0,False
7468,244.9551,1070.95,0.0,False
7469,244.9607,984.02,90.0,False
7470,244.9665,959.51,0.0,False
7471,244.9671,872.61,0.0,False
7472,244.9713,,0.0,False
7473,244.98,,0.0,False
7474,244.98,-1.0,0.0,False
7475,244.9834,,0.0,False
7476,244.9845,-1.0,0.0,False
7477,244.9937,946.32,0.0,False
7478,244.997,870.16,90.0,False
7479,244.9982,,0.0,True
7480,245.0032,,90.0,False
7481,245.0051,-1.0,0.0,False
7482,245.0079,,90.0,False
7483,245.0092,-1.0,0.0,False
7484,245.0139,947.24,90.0,False
7485,245.0234,-1.0,0.0,False
7486,245.0291,-1.0,0.0,False
7487,245.0318,927.86,0.0,False
7488,245.0373,,0.0,False
7489,245.0427,,0.0,False
7490,245.0463,-1.0,90.0,True
7491,245.0486,961.54,0.0,False
7492,245.0511,855.57,0.0,False
7493,245.0541,1001.33,0.0,True
7494,245.0565,-1.0,0.0,True
7495,245.0606,,0.0,False
7496,245.0612,-1.0,0.0,False
7497,245.0672,807.16,0.0,True
7498,245.0692,-1.0,0.0,False
7499,245.0766,-1.0,0.0,True
7500,245.0775,,0.0,False
7501,245.0793,,0.0,False
7502,245.0801,-1.0,0.0,True
7503,245.0826,,90.0,True
7504,245.0866,-1.0,90.0,False
7505,245.0871,-1.0,0.0,True
7506,245.0915,809.01,0.0,False
7507,245.0935,-1.0,0.0,True
7508,245.0944,-1.0,0.0,False
7509,245.0989,,0.0,False
7510,245.0993,-1.0,0.0,False
7511,245.1112,1001.72,90.0,False
7512,245.1166,-1.0,0.0,False
7513,245.1173,848.75,0.0,False
7514,245.1197,-1.0,0.0,False
7515,245.1201,,0.0,False
7516,245.1227,,0.0,False
7517,245.1227,975.35,0.0,False
7518,245.1244,-1.0,0.0,False
7519,245.1264,1086.17,0.0,False
7520,245.1269,,90.0,False
7521,245.1289,982.41,90.0,True
7522,245.131,956.28,0.0,False
7523,245.1357,-1.0,0.0,False
7524,245.1411,897.14,0.0,True
7525,245.1417,-1.0,90.0,False
7526,245.1422,887.95,0.0,True
7527,245.1439,,0.0,True
7528,245.151,,0.0,False
7529,245.1545,-1.0,0.0,False
7530,245.1571,845.05,90.0,False
7531,245.159,,0.0,False
7532,245.1645,,0.0,False
7533,245.1731,-1.0,0.0,False
7534,245.1737,-1.0,90.0,False
7535,245.1817,-1.0,0.0,False
7536,245.1831,-1.0,0.0,False
7537,245.1846,-1.0,0.0,False
7538,245.1854,,0.0,True
7539,245.1908,909.06,0.0,True
7540,245.1915,-1.0,0.0,False
7541,245.1997,1063.55,0.0,False
7542,245.2026,-1.0,90.0,False
7543,245.2036,-1.0,0.0,False
7544,245.2057,881.89,90.0,False
7545,245.2114,,0.0,False
7546,245.2124,-1.0,0.0,False
7547,245.2134,,0.0,False
7548,245.2218,-1.0,90.0,False
7549,245.223,,0.0,False
7550,245.2238,912.8,90.0,False
7551,245.229,,0.0,False
7552,245.234,-1.0,0.0,False
7553,245.2461,,0.0,False
7554,245.2474,-1.0,0.0,False
7555,245.2502,933.3,0.0,False
7556,245.2503,990.14,0.0,True
7557,245.2603,-1.0,0.0,False
7558,245.2613,-1.0,0.0,True
7559,245.2627,937.47,90.0,True
7560,245.2664,-1.0,0.0,False
7561,245.2666,-1.0,0.0,False
7562,245.2678,-1.0,0.0,False
7563,245.268,967.67,0.0,False
7564,245.2715,,0.0,False
7565,245.276,,0.0,False
7566,245.277,821.47,0.0,False
7567,245.2806,881.19,0.0,False
7568,245.2828,,0.0,False
7569,245.2852,-1.0,90.0,False
7570,245.2892,939.39,0.0,False
7571,245.2897,,0.0,False
7572,245.291,-1.0,0.0,False
7573,245.2941,-1.0,0.0,False
7574,245.3011,-1.0,0.0,False
7575,245.3036,-1.0,0.0,False
7576,245.3075,-1.0,0.0,False
7577,245.3078,,90.0,False
7578,245.3195,880.17,0.0,False
7579,245.3197,771.13,0.0,True
7580,245.3204,,0.0,False
7581,245.3205,-1.0,0.0,False
7582,245.3277,-1.0,0.0,True
7583,245.3287,-1.0,90.0,False
7584,245.337,,90.0,False
7585,245.3377,,0.0,False
7586,245.3458,,0.0,False
7587,245.3533,-1.0,0.0,False
7588,245.3562,1127.03,90.0,False
7589,245.3596,-1.0,0.0,True
7590,245.3629,957.52,0.0,False
7591,245.3722,-1.0,90.0,False
7592,245.3775,-1.0,90.0,False
7593,245.3786,946.53,0.0,False
7594,245.3817,-1.0,0.0,False
7595,245.3867,,0.0,False
7596,245.3876,,0.0,False
7597,245.3931,787.38,0.0,False
7598,245.3954,854.49,0.0,True
7599,245.4017,,85.0,False
7600,245.4095,913.94,0.0,True
7601,245.4122,849.85,0.0,False
7602,245.4168,,90.0,False
7603,245.419,,0.0,True
7604,245.4357,807.76,0.0,True
7605,245.4373,-1.0,0.0,False
7606,245.4375,-1.0,90.0,False
7607,245.44,,95.0,False
7608,245.4401,-1.0,0.0,False
7609,245.4456,,0.0,False
7610,245.4555,,0.0,False
7611,245.456,-1.0,0.0,False
7612,245.4569,,0.0,False
7613,245.4574,,0.0,False
7614,245.4617,,0.0,False
7615,245.4663,-1.0,0.0,False
7616,245.4675,,90.0,True
7617,245.4681,,0.0,False
7618,245.4689,-1.0,0.0,False
7619,245.4759,-1.0,0.0,False
7620,245.4767,927.38,0.0,False
7621,245.4795,-1.0,0.0,False
7622,245.4896,-1.0,0.0,False
7623,245.4974,948.57,12.6667,False
7624,245.4998,,90.0,False
7625,245.5056,,0.0,True
7626,245.5176,,0.0,False
7627,245.5248,-1.0,0.0,False
7628,245.5253,896.32,0.0,False
7629,245.5285,914.07,90.0,False
7630,245.5301,788.1,0.0,False
7631,245.5383,,0.0,True
7632,245.5529,836.22,90.0,False
7633,245.5584,,0.0,False
7634,245.5725,922.35,0.0,False
7635,245.5739,,0.0,False
7636,245.58,-1.0,0.0,False
7637,245.5809,-1.0,0.0,False
7638,245.5821,869.97,0.0,False
7639,245.5837,,0.0,False
7640,245.5848,-1.0,0.0,False
7641,245.59,,90.0,False
7642,245.5911,,0.0,False
7643,245.5936,953.27,0.0,False
7644,245.5989,,0.0,True
7645,245.614,1085.18,0.0,False
7646,245.6157,,90.0,False
7647,245.625,-1.0,90.0,True
7648,245.6385,-1.0,0.0,True
7649,245.6411,,0.0,False
7650,245.6449,-1.0,0.0,True
7651,245.6463,-1.0,0.0,False
7652,245.6509,836.91,0.0,False
7653,245.6566,,90.0,False
7654,245.6568,,0.0,True
7655,245.6626,-1.0,0.0,False
7656,245.6681,950.92,0.0,False
7657,245.6722,904.05,0.0,False
7658,245.6741,-1.0,0.0,False
7659,245.6828,,0.0,False
7660,245.6973,851.96,0.0,False
7661,245.6978,-1.0,90.0,False
7662,245.6995,-1.0,0.0,True
7663,245.7125,,0.0,False
7664,245.7177,924.91,0.0,False
7665,245.724,,0.0,False
7666,245.7246,-1.0,0.0,False
7667,245.7268,,0.0,False
7668,245.73,910.14,0.0,False
7669,245.7344,,0.0,True
7670,245.7391,,0.0,True
7671,245.7412,-1.0,0.0,False
7672,245.7449,,0.0,False
7673,245.7487,-1.0,0.0,False
7674,245.7499,,0.0,False
7675,245.7526,,90.0,True
7676,245.7584,-1.0,90.0,False
7677,245.7586,965.0,0.0,True
7678,245.7594,,0.0,False
7679,245.762,-1.0,0.0,False
7680,245.7629,,0.0,True
7681,245.7701,-1.0,0.0,True
7682,245.7702,-1.0,90.0,False
7683,245.7717,,0.0,False
7684,245.7738,-1.0,0.0,False
7685,245.7742,,0.0,False
7686,245.7744,,0.0,False
7687,245.7747,-1.0,0.0,False
7688,245.7802,-1.0,0.0,False
7689,245.7807,-1.0,0.0,True
7690,245.7894,,0.0,False
7691,245.7898,945.66,0.0,False
7692,245.7923,-1.0,90.0,False
7693,245.7927,-1.0,0.0,False
7694,245.7941,-1.0,0.0,False
7695,245.7971,,90.0,False
7696,245.8018,-1.0,0.0,False
7697,245.8034,980.95,0.0,False
7698,245.8043,-1.0,90.0,False
7699,245.805,-1.0,0.0,True
7700,245.8054,871.89,0.0,False
7701,245.8109,818.04,95.0,False
7702,245.811,,90.0,False
7703,245.8133,,0.0,False
7704,245.8134,,0.0,False
7705,245.8143,-1.0,0.0,True
7706,245.8152,,0.0,False
7707,245.8184,-1.0,0.0,False
7708,245.8235,,25.3333,False
7709,245.8251,,0.0,False
7710,245.8253,,0.0,False
7711,245.8308,-1.0,0.0,False
7712,245.8442,-1.0,0.0,False
7713,245.8455,,0.0,False
7714,245.8477,,0.0,False
7715,245.8516,926.4,0.0,True
7716,245.8567,917.02,0.0,False
7717,245.8626,841.72,0.0,True
7718,245.8629,776.4,0.0,False
7719,245.8757,917.26,0.0,False
7720,245.881,-1.0,0.0,False
7721,245.8903,1102.84,0.0,False
7722,245.8937,-1.0,0.0,True
7723,245.8954,859.24,90.0,False
7724,245.8958,-1.0,0.0,False
7725,245.8975,-1.0,0.0,False
7726,245.8982,,85.0,False
7727,245.9001,-1.0,90.0,False
7728,245.9149,,0.0,False
7729,245.9168,-1.0,0.0,False
7730,245.9246,-1.0,0.0,False
7731,245.9264,,0.0,True
7732,245.9277,,0.0,False
7733,245.9406,-1.0,0.0,False
7734,245.9419,-1.0,0.0,False
7735,245.9433,,0.0,False
7736,245.9438,819.8,0.0,False
7737,245.948,,0.0,False
7738,245.956,903.75,38.0,False
7739,245.9574,872.13,90.0,False
7740,245.9579,840.69,0.0,True
7741,245.9658,940.32,0.0,False
7742,245.9745,-1.0,0.0,False
7743,245.9747,,0.0,True
7744,245.9773,,0.0,False
7745,245.9882,863.42,0.0,False
7746,245.9933,-1.0,0.0,False
7747,246.0085,867.81,0.0,False
7748,246.0086,928.27,0.0,False
7749,246.009,,90.0,False
7750,246.0097,,0.0,False
7751,246.0115,,0.0,False
7752,246.0156,,0.0,False
7753,246.0184,-1.0,0.0,False
7754,246.0243,877.19,0.0,False
7755,246.0259,-1.0,0.0,False
7756,246.0295,995.12,0.0,False
7757,246.0297,,0.0,False
7758,246.0305,900.03,90.0,False
7759,246.0343,,0.0,False
7760,246.0359,,0.0,False
7761,246.0433,,0.0,False
7762,246.0435,890.42,90.0,False
7763,246.0615,,0.0,False
7764,246.0665,-1.0,0.0,False
7765,246.0666,,0.0,False
7766,246.0701,,90.0,False
7767,246.0716,-1.0,90.0,True
7768,246.0733,1000.91,90.0,False
7769,246.0776,,0.0,False
7770,246.0798,,90.0,False
7771,246.0868,934.36,0.0,False
7772,246.0878,-1.0,0.0,False
7773,246.0917,-1.0,0.0,True
7774,246.0966,-1.0,0.0,False
7775,246.098,-1.0,0.0,False
7776,246.1116,-1.0,0.0,True
7777,246.1137,,0.0,False
7778,246.121,-1.0,0.0,False
7779,246.1277,,0.0,False
7780,246.1294,-1.0,0.0,False
7781,246.1331,,90.0,False
7782,246.1371,,90.0,False
7783,246.1398,995.94,90.0,True
7784,246.1434,,90.0,False
7785,246.1545,786.73,0.0,False
7786,246.1565,896.5,0.0,False
7787,246.159,-1.0,0.0,False
7788,246.162,870.47,0.0,False
7789,246.1666,,90.0,False
7790,246.1817,-1.0,0.0,False
7791,246.191,,90.0,True
7792,246.1925,-1.0,0.0,False
7793,246.1929,858.14,0.0,False
7794,246.1978,973.37,12.6667,False
7795,246.1988,-1.0,0.0,True
7796,246.2031,903.51,90.0,False
7797,246.2034,1018.73,0.0,False
7798,246.2071,-1.0,0.0,False
7799,246.2115,,90.0,False
7800,246.2145,-1.0,0.0,False
7801,246.2178,-1.0,0.0,True
7802,246.218,817.81,0.0,False
7803,246.2207,,19.0,True
7804,246.2247,-1.0,0.0,True
7805,246.2273,892.16,90.0,False
7806,246.2307,-1.0,0.0,False
7807,246.2365,840.61,0.0,False
7808,246.2384,-1.0,0.0,True
7809,246.2384,-1.0,0.0,False
7810,246.2402,-1.0,90.0,True
7811,246.2509,-1.0,0.0,False
7812,246.2557,956.42,0.0,False
7813,246.2574,,0.0,False
7814,246.264,-1.0,0.0,True
7815,246.2673,-1.0,0.0,True
7816,246.2757,-1.0,0.0,False
7817,246.2757,-1.0,0.0,False
7818,246.2793,-1.0,0.0,False
7819,246.2855,-1.0,90.0,False
7820,246.2885,1175.83,0.0,False
7821,246.291,-1.0,0.0,True
7822,246.2929,-1.0,0.0,True
7823,246.3039,850.02,0.0,True
7824,246.3222,-1.0,0.0,False
7825,246.3288,,0.0,True
7826,246.3329,893.01,12.6667,True
7827,246.3401,907.67,0.0,False
7828,246.3404,-1.0,0.0,True
7829,246.3407,869.32,0.0,False
7830,246.3412,,90.0,True
7831,246.3444,1053.2,0.0,False
7832,246.3474,738.25,90.0,False
7833,246.355,-1.0,0.0,True
7834,246.3611,932.27,0.0,True
7835,246.3684,,0.0,True
7836,246.3705,-1.0,0.0,False
7837,246.3709,-1.0,19.0,False
7838,246.3801,-1.0,50.6667,True
7839,246.3831,-1.0,0.0,False
7840,246.3855,931.99,0.0,True
7841,246.387,854.32,0.0,False
7842,246.4006,-1.0,0.0,True
7843,246.4061,,0.0,False
7844,246.4079,905.41,90.0,False
7845,246.4093,,0.0,True
7846,246.4119,,0.0,False
7847,246.4127,-1.0,0.0,False
7848,246.4161,,0.0,False
7849,246.418,,90.0,False
7850,246.4208,906.83,0.0,False
7851,246.4213,-1.0,0.0,False
7852,246.425,964.13,0.0,False
7853,246.4285,-1.0,90.0,True
7854,246.4351,850.89,90.0,False
7855,246.4391,-1.0,0.0,False
7856,246.4405,-1.0,0.0,False
7857,246.4409,1033.76,0.0,False
7858,246.453,,90.0,True
7859,246.4548,790.59,0.0,False
7860,246.4633,,90.0,False
7861,246.4683,-1.0,0.0,False
7862,246.4717,,0.0,False
7863,246.4719,-1.0,0.0,False
7864,246.4842,,0.0,False
7865,246.4985,-1.0,0.0,True
7866,246.5004,,0.0,False
7867,246.502,,0.0,False
7868,246.5038,991.79,90.0,False
7869,246.5065,,0.0,True
7870,246.5084,1060.61,0.0,False
7871,246.5094,972.4,90.0,False
7872,246.5146,-1.0,90.0,False
7873,246.516,,90.0,False
7874,246.5164,1037.48,90.0,False
7875,246.5204,,0.0,False
7876,246.5217,,0.0,True
7877,246.5258,-1.0,0.0,True
7878,246.5292,-1.0,0.0,False
7879,246.5308,904.05,0.0,False
7880,246.5333,,90.0,False
7881,246.5346,,0.0,False
7882,246.5404,-1.0,0.0,False
7883,246.5436,,0.0,False
7884,246.554,,0.0,False
7885,246.5548,814.16,0.0,False
7886,246.5553,,0.0,False
7887,246.556,,0.0,False
7888,246.5607,875.06,0.0,False
7889,246.5639,-1.0,90.0,False
7890,246.5655,-1.0,90.0,False
7891,246.5669,-1.0,0.0,False
7892,246.5715,,0.0,False
7893,246.5797,,0.0,True
7894,246.5893,-1.0,0.0,False
7895,246.5894,,90.0,True
7896,246.6038,,0.0,False
7897,246.6074,1013.35,0.0,False
7898,246.6147,842.36,0.0,False
7899,246.6174,833.51,0.0,False
7900,246.619,811.18,0.0,False
7901,246.6205,,0.0,True
7902,246.6249,-1.0,0.0,False
7903,246.6273,-1.0,0.0,False
7904,246.6338,1044.72,90.0,False
7905,246.6342,-1.0,0.0,True
7906,246.6355,815.15,0.0,False
7907,246.6373,935.14,90.0,False
7908,246.6374,-1.0,90.0,False
7909,246.6471,-1.0,0.0,False
7910,246.6473,,90.0,False
7911,246.6513,914.89,19.0,False
7912,246.6546,822.48,0.0,False
7913,246.6561,,0.0,False
7914,246.6628,,90.0,False
7915,246.6646,-1.0,0.0,False
7916,246.6659,925.49,0.0,False
7917,246.6697,856.18,90.0,False
7918,246.673,-1.0,0.0,False
7919,246.6781,,0.0,False
7920,246.6802,-1.0,0.0,False
7921,246.6952,,0.0,False
7922,246.6962,999.38,0.0,False
7923,246.6964,-1.0,0.0,False
7924,246.6977,,90.0,False
7925,246.7041,-1.0,0.0,False
7926,246.7095,-1.0,0.0,False
7927,246.7138,,0.0,False
7928,246.7179,,0.0,False
7929,246.7234,1007.62,0.0,True
7930,246.7266,,0.0,False
7931,246.728,-1.0,0.0,False
7932,246.7307,-1.0,0.0,False
7933,246.7329,-1.0,0.0,False
7934,246.738,864.32,0.0,False
7935,246.7411,,90.0,False
7936,246.7444,,0.0,False
7937,246.7459,-1.0,0.0,False
7938,246.7504,964.24,0.0,False
7939,246.751,,0.0,True
7940,246.7534,-1.0,0.0,False
7941,246.754,,0.0,False
7942,246.7548,843.97,0.0,False
7943,246.7569,,0.0,False
7944,246.7683,802.36,90.0,True
7945,246.7739,-1.0,0.0,False
7946,246.7757,1059.05,0.0,False
7947,246.7761,933.19,38.0,False
7948,246.7784,-1.0,0.0,False
7949,246.7848,-1.0,0.0,False
7950,246.7861,,0.0,False
7951,246.7919,,90.0,True
7952,246.792,,0.0,False
7953,246.7935,,0.0,False
7954,246.7945,,90.0,False
7955,246.7956,,0.0,True
7956,246.8008,-1.0,0.0,False
7957,246.8015,-1.0,0.0,False
7958,246.8061,-1.0,90.0,True
7959,246.8168,-1.0,0.0,False
7960,246.8211,-1.0,0.0,False
7961,246.8221,818.73,0.0,False
7962,246.8434,,0.0,True
7963,246.8435,,90.0,True
7964,246.8583,-1.0,0.0,False
7965,246.8587,1047.13,0.0,True
7966,246.8645,,0.0,False
7967,246.865,934.68,0.0,False
7968,246.8701,,0.0,False
7969,246.8715,,90.0,False
7970,246.8799,,0.0,True
7971,246.8856,940.28,0.0,False
7972,246.8865,-1.0,0.0,False
7973,246.8948,879.45,90.0,False
7974,246.8962,,0.0,True
7975,246.8974,-1.0,0.0,True
7976,246.8978,,90.0,False
7977,246.9029,885.0,0.0,False
7978,246.9065,,0.0,False
7979,246.9109,882.55,0.0,False
7980,246.9109,,0.0,False
7981,246.9135,-1.0,90.0,False
7982,246.914,,0.0,False
7983,246.9164,-1.0,90.0,True
7984,246.9234,,90.0,False
7985,246.9237,-1.0,0.0,True
7986,246.9256,865.38,90.0,False
7987,246.9302,976.98,0.0,False
7988,246.9305,878.22,90.0,True
7989,246.9321,,0.0,True
7990,246.9367,,0.0,False
7991,246.9402,,0.0,True
7992,246.9494,-1.0,0.0,False
7993,246.9516,827.51,0.0,False
7994,246.9544,,0.0,False
7995,246.9652,807.16,0.0,False
7996,246.9676,,90.0,False
7997,246.9702,-1.0,0.0,True
7998,246.9747,,0.0,False
7999,246.9763,,0.0,False
8000,246.9844,-1.0,0.0,False
8001,246.9971,977.21,0.0,True
8002,246.9982,856.51,0.0,False
8003,247.0056,778.35,0.0,False
8004,247.0058,889.51,0.0,False
8005,247.0115,-1.0,0.0,True
8006,247.013,-1.0,0.0,False
8007,247.019,956.98,0.0,False
8008,247.02,1018.58,0.0,False
8009,247.0258,,90.0,False
8010,247.0259,-1.0,90.0,False
8011,247.0323,947.56,90.0,False
8012,247.0359,-1.0,0.0,False
8013,247.0381,,90.0,True
8014,247.0413,-1.0,0.0,False
8015,247.045,,90.0,False
8016,247.0527,-1.0,0.0,False
8017,247.0532,,0.0,False
8018,247.0575,,90.0,False
8019,247.061,-1.0,0.0,False
8020,247.065,845.8,0.0,False
8021,247.0711,,0.0,False
8022,247.0753,,90.0,False
8023,247.0821,890.86,0.0,False
8024,247.0825,-1.0,0.0,False
8025,247.0857,,0.0,False
8026,247.0896,,90.0,False
8027,247.0941,,0.0,False
8028,247.0999,-1.0,38.0,False
8029,247.1009,-1.0,0.0,False
8030,247.1032,,90.0,False
8031,247.1089,-1.0,0.0,False
8032,247.1101,,0.0,False
8033,247.114,,0.0,False
8034,247.1206,-1.0,0.0,True
8035,247.1224,881.0,0.0,True
8036,247.1253,,0.0,False
8037,247.1281,-1.0,0.0,False
8038,247.1289,,0.0,False
8039,247.1297,-1.0,0.0,False
8040,247.1301,-1.0,0.0,False
8041,247.1403,,0.0,False
8042,247.1407,988.92,0.0,False
8043,247.1568,-1.0,12.6667,False
8044,247.1617,-1.0,90.0,False
8045,247.1633,-1.0,90.0,False
8046,247.1659,873.1,0.0,True
8047,247.1689,997.68,0.0,False
8048,247.1703,,0.0,False
8049,247.171,,0.0,False
8050,247.1792,,90.0,False
8051,247.1802,,0.0,True
8052,247.1813,-1.0,0.0,False
8053,247.1851,,0.0,False
8054,247.1878,,0.0,False
8055,247.1937,-1.0,0.0,True
8056,247.2014,,95.0,False
8057,247.2022,-1.0,0.0,True
8058,247.2075,-1.0,0.0,False
8059,247.2109,-1.0,0.0,False
8060,247.2122,872.81,0.0,False
8061,247.2168,969.23,0.0,True
8062,247.2176,-1.0,0.0,True
8063,247.2197,-1.0,90.0,False
8064,247.2209,,0.0,False
8065,247.2234,,90.0,False
8066,247.2345,877.44,0.0,False
8067,247.2427,,0.0,False
8068,247.2449,909.68,0.0,False
8069,247.2561,863.75,0.0,False
8070,247.2656,962.88,90.0,False
8071,247.2668,-1.0,85.0,True
8072,247.2731,,90.0,False
8073,247.2743,,0.0,False
8074,247.2797,,0.0,False
8075,247.2823,,0.0,False
8076,247.2862,838.34,0.0,False
8077,247.2871,-1.0,0.0,False
8078,247.2881,-1.0,0.0,True
8079,247.2931,-1.0,0.0,False
8080,247.3026,-1.0,90.0,False
8081,247.3028,,0.0,False
8082,247.3065,854.65,0.0,False
8083,247.3072,-1.0,90.0,False
8084,247.3099,,0.0,False
8085,247.3138,-1.0,0.0,True
8086,247.315,-1.0,0.0,True
8087,247.3155,,0.0,True
8088,247.3195,964.07,90.0,True
8089,247.3202,,90.0,True
8090,247.3288,-1.0,90.0,True
8091,247.3393,,0.0,False
8092,247.3492,-1.0,0.0,False
8093,247.3498,-1.0,0.0,False
8094,247.351,,0.0,False
8095,247.3573,888.02,90.0,False
8096,247.36,-1.0,0.0,True
8097,247.3617,826.18,0.0,False
8098,247.3647,909.68,0.0,False
8099,247.3657,-1.0,0.0,False
8100,247.3675,-1.0,0.0,False
8101,247.3721,,0.0,True
8102,247.3748,-1.0,0.0,False
8103,247.3851,-1.0,0.0,False
8104,247.3952,959.27,0.0,False
8105,247.3963,,90.0,False
8106,247.3966,,90.0,False
8107,247.3969,,0.0,False
8108,247.3971,,90.0,False
8109,247.3991,,0.0,True
8110,247.4005,806.16,38.0,False
8111,247.4188,836.71,0.0,False
8112,247.4275,,0.0,True
8113,247.4299,,90.0,True
8114,247.4324,,0.0,False
8115,247.438,-1.0,0.0,True
8116,247.4405,1010.99,0.0,False
8117,247.4489,1004.53,0.0,False
8118,247.4568,,0.0,True
8119,247.4665,-1.0,0.0,False
8120,247.4699,852.53,90.0,False
8121,247.4723,-1.0,90.0,False
8122,247.4792,794.6,90.0,False
8123,247.4853,964.6,0.0,True
8124,247.4914,-1.0,0.0,False
8125,247.4977,,0.0,False
8126,247.5016,-1.0,90.0,False
8127,247.5017,,90.0,False
8128,247.5034,,0.0,True
8129,247.5081,-1.0,0.0,False
8130,247.5145,-1.0,0.0,False
8131,247.5196,,0.0,False
8132,247.5365,830.49,90.0,True
8133,247.5394,,0.0,False
8134,247.5471,862.87,19.0,False
8135,247.5538,820.35,0.0,False
8136,247.5545,1088.01,0.0,True
8137,247.5573,-1.0,90.0,False
8138,247.5584,,0.0,False
8139,247.5759,,38.0,True
8140,247.5934,-1.0,0.0,True
8141,247.614,,90.0,False
8142,247.6158,,0.0,False
8143,247.618,-1.0,0.0,False
8144,247.6296,,0.0,False
8145,247.6333,,0.0,False
8146,247.6371,,90.0,False
8147,247.6471,,0.0,False
8148,247.6512,-1.0,0.0,True
8149,247.652,,0.0,False
8150,247.6609,,0.0,False
8151,247.6633,,0.0,False
8152,247.6809,,0.0,False
8153,247.6823,-1.0,0.0,False
8154,247.7031,968.93,0.0,False
8155,247.706,-1.0,12.6667,False
8156,247.7145,,0.0,True
8157,247.7164,995.33,0.0,False
8158,247.722,-1.0,0.0,False
8159,247.7298,,90.0,True
8160,247.7361,-1.0,90.0,False
8161,247.7365,-1.0,0.0,False
8162,247.7392,,0.0,False
8163,247.7445,976.67,0.0,False
8164,247.7526,,90.0,True
8165,247.7588,,0.0,False
8166,247.7618,1010.48,0.0,False
8167,247.7724,,0.0,False
8168,247.7732,-1.0,90.0,False
8169,247.785,-1.0,90.0,True
8170,247.7862,,0.0,False
8171,247.8003,948.71,0.0,False
8172,247.8017,,0.0,False
8173,247.8069,967.84,0.0,False
8174,247.807,-1.0,90.0,False
8175,247.828,,0.0,False
8176,247.8303,1044.41,90.0,False
8177,247.8311,,0.0,False
8178,247.8332,827.79,90.0,False
8179,247.8367,,0.0,False
8180,247.8388,,0.0,True
8181,247.8446,,0.0,True
8182,247.8466,834.8,0.0,False
8183,247.85,,90.0,False
8184,247.8622,-1.0,0.0,False
8185,247.8657,,0.0,False
8186,247.8685,,0.0,False
8187,247.8744,883.78,0.0,False
8188,247.8954,-1.0,0.0,False
8189,247.8982,1010.99,90.0,False
8190,247.902,1042.62,0.0,False
8191,247.9056,942.72,0.0,False
8192,247.9116,-1.0,0.0,False
8193,247.9208,-1.0,0.0,False
8194,247.9362,-1.0,0.0,False
8195,247.9386,-1.0,0.0,False
8196,247.9403,929.93,90.0,False
8197,247.9415,-1.0,0.0,False
8198,247.9452,-1.0,0.0,False
8199,247.9503,,0.0,False
8200,247.9516,-1.0,90.0,False
8201,247.9527,,0.0,False
8202,247.9588,-1.0,90.0,False
8203,247.9606,889.06,90.0,False
8204,247.9607,,0.0,False
8205,247.9611,-1.0,0.0,False
8206,247.968,-1.0,0.0,False
8207,247.9752,847.76,90.0,False
8208,247.9756,836.79,90.0,False
8209,247.9761,-1.0,0.0,True
8210,247.9812,915.87,0.0,True
8211,247.9819,,0.0,False
8212,247.998,944.99,0.0,True
8213,248.0031,-1.0,90.0,True
8214,248.033,,90.0,False
8215,248.0415,847.28,0.0,False
8216,248.0477,-1.0,0.0,False
8217,248.0481,-1.0,0.0,False
8218,248.0501,-1.0,90.0,False
8219,248.0503,,0.0,False
8220,248.0505,947.49,0.0,False
8221,248.058,-1.0,90.0,False
8222,248.0585,-1.0,0.0,False
8223,248.0662,-1.0,0.0,True
8224,248.0673,923.56,0.0,False
8225,248.0722,1098.79,0.0,True
8226,248.0772,,0.0,False
8227,248.0919,-1.0,0.0,True
8228,248.0973,1025.81,0.0,False
8229,248.1074,-1.0,38.0,False
8230,248.1096,-1.0,0.0,False
8231,248.1173,,0.0,True
8232,248.119,,0.0,False
8233,248.1382,938.82,38.0,True
8234,248.1445,-1.0,0.0,False
8235,248.1468,1032.02,90.0,True
8236,248.1548,-1.0,0.0,False
8237,248.1556,-1.0,0.0,False
8238,248.1556,-1.0,0.0,False
8239,248.1623,-1.0,0.0,False
8240,248.1667,835.04,0.0,False
8241,248.1889,-1.0,90.0,False
8242,248.1895,-1.0,0.0,False
8243,248.1919,-1.0,90.0,False
8244,248.1936,-1.0,90.0,False
8245,248.2022,-1.0,0.0,False
8246,248.2062,780.7,90.0,False
8247,248.2158,-1.0,0.0,False
8248,248.224,-1.0,90.0,True
8249,248.2259,-1.0,0.0,False
8250,248.2353,,0.0,False
8251,248.2443,848.05,19.0,False
8252,248.2523,,0.0,False
8253,248.2566,,90.0,False
8254,248.2616,1029.68,0.0,False
8255,248.2762,-1.0,0.0,False
8256,248.2886,-1.0,0.0,False
8257,248.2893,,0.0,False
8258,248.2911,,0.0,False
8259,248.2947,-1.0,95.0,False
8260,248.2956,,90.0,False
8261,248.3026,-1.0,0.0,False
8262,248.3041,,0.0,False
8263,248.3241,898.75,0.0,False
8264,248.3313,-1.0,0.0,True
8265,248.3364,-1.0,0.0,False
8266,248.3556,763.32,90.0,False
8267,248.3671,,0.0,False
8268,248.3708,-1.0,0.0,False
8269,248.3743,-1.0,0.0,False
8270,248.3754,917.13,0.0,True
8271,248.3937,,0.0,False
8272,248.3947,-1.0,90.0,False
8273,248.3956,-1.0,90.0,False
8274,248.3995,873.03,0.0,False
8275,248.4017,841.95,0.0,True
8276,248.4101,,90.0,False
8277,248.422,-1.0,0.0,False
8278,248.4245,,0.0,False
8279,248.4377,-1.0,0.0,False
8280,248.4406,810.94,0.0,False
8281,248.4468,-1.0,0.0,False
8282,248.4475,,0.0,True
8283,248.4544,863.69,0.0,False
8284,248.4578,-1.0,0.0,False
8285,248.4618,887.74,0.0,False
8286,248.4656,,0.0,False
8287,248.4671,,0.0,False
8288,248.4746,-1.0,0.0,False
8289,248.4866,-1.0,0.0,False
8290,248.4874,-1.0,0.0,False
8291,248.5038,-1.0,90.0,True
8292,248.5075,,0.0,False
8293,248.5182,765.58,90.0,True
8294,248.5225,,0.0,False
8295,248.5255,,0.0,False
8296,248.527,,90.0,False
8297,248.529,,0.0,False
8298,248.5364,-1.0,0.0,False
8299,248.5447,,0.0,False
8300,248.5489,,0.0,True
8301,248.5512,851.28,0.0,True
8302,248.5542,-1.0,0.0,False
8303,248.5667,,90.0,False
8304,248.567,,0.0,True
8305,248.5673,1046.31,0.0,False
8306,248.5759,-1.0,0.0,True
8307,248.5828,-1.0,0.0,False
8308,248.5838,,0.0,False
8309,248.5998,,0.0,False
8310,248.6019,909.34,0.0,False
8311,248.6137,-1.0,90.0,False
8312,248.6279,,0.0,False
8313,248.6327,852.46,0.0,False
8314,248.6361,-1.0,90.0,False
8315,248.6377,-1.0,85.0,False
8316,248.6408,898.58,0.0,False
8317,248.6501,-1.0,0.0,False
8318,248.6551,,0.0,False
8319,248.6643,692.11,90.0,False
8320,248.6646,867.56,0.0,False
8321,248.6759,,0.0,False
8322,248.6855,,0.0,True
8323,248.6862,-1.0,0.0,False
8324,248.6896,-1.0,0.0,False
8325,248.6915,-1.0,90.0,False
8326,248.6935,-1.0,0.0,False
8327,248.7154,-1.0,0.0,True
8328,248.7343,899.76,90.0,False
8329,248.7352,-1.0,0.0,False
8330,248.7609,,0.0,False
8331,248.7615,-1.0,90.0,True
8332,248.7619,-1.0,0.0,True
8333,248.7634,,0.0,True
8334,248.7992,,0.0,False
8335,248.8025,893.89,0.0,False
8336,248.8114,,0.0,False
8337,248.8255,821.31,0.0,False
8338,248.8264,,0.0,True
8339,248.8361,-1.0,90.0,False
8340,248.8373,1024.98,0.0,False
8341,248.8384,908.67,0.0,False
8342,248.8763,1063.03,0.0,True
8343,248.8804,,90.0,False
8344,248.8815,,0.0,False
8345,248.8824,799.9,0.0,False
8346,248.8847,,0.0,False
8347,248.8863,877.72,0.0,True
8348,248.8866,,0.0,False
8349,248.888,909.88,0.0,True
8350,248.8916,-1.0,0.0,False
8351,248.8974,,0.0,False
8352,248.9024,814.8,0.0,False
8353,248.9053,,0.0,False
8354,248.91,,0.0,False
8355,248.9102,,0.0,True
8356,248.9209,,0.0,False
8357,248.9219,,0.0,False
8358,248.9327,,0.0,False
8359,248.9408,859.85,0.0,False
8360,248.9466,,90.0,False
8361,248.9576,,0.0,True
8362,248.9612,-1.0,0.0,False
8363,248.9738,865.46,0.0,False
8364,248.9788,,0.0,False
8365,248.9858,-1.0,90.0,False
8366,248.9937,-1.0,85.0,False
8367,249.0041,-1.0,90.0,False
8368,249.0064,-1.0,90.0,False
8369,249.0315,973.19,0.0,False
8370,249.0316,,90.0,False
8371,249.0325,,0.0,False
8372,249.0326,922.23,0.0,False
8373,249.0366,996.32,0.0,False
8374,249.0393,-1.0,90.0,False
8375,249.0413,-1.0,0.0,True
8376,249.0591,954.59,90.0,False
8377,249.0686,927.03,0.0,False
8378,249.0934,,0.0,False
8379,249.1125,,90.0,False
8380,249.1146,-1.0,0.0,False
8381,249.1242,-1.0,0.0,False
8382,249.1527,786.93,90.0,False
8383,249.1637,939.65,0.0,False
8384,249.1717,,0.0,False
8385,249.1736,,0.0,False
8386,249.1988,897.5,0.0,False
8387,249.2212,-1.0,0.0,False
8388,249.2359,-1.0,0.0,True
8389,249.244,,90.0,False
8390,249.2625,,0.0,False
8391,249.2767,,0.0,False
8392,249.2836,-1.0,0.0,False
8393,249.2844,879.4,0.0,False
8394,249.2851,-1.0,0.0,False
8395,249.2965,-1.0,0.0,False
8396,249.3179,-1.0,90.0,False
8397,249.3202,-1.0,90.0,False
8398,249.3209,889.24,0.0,False
8399,249.3559,,90.0,False
8400,249.3559,-1.0,90.0,False
8401,249.359,917.62,0.0,True
8402,249.4185,-1.0,90.0,False
8403,249.4293,847.53,0.0,False
8404,249.4563,916.65,0.0,False
8405,249.4588,808.83,0.0,False
8406,249.4612,-1.0,0.0,False
8407,249.4626,960.74,0.0,True
8408,249.4651,961.73,90.0,False
8409,249.4787,892.56,90.0,False
8410,249.4829,-1.0,0.0,False
8411,249.4851,883.15,90.0,False
8412,249.4917,,0.0,False
8413,249.5101,962.39,0.0,False
8414,249.5156,,0.0,False
8415,249.5171,911.95,0.0,False
8416,249.527,-1.0,0.0,True
8417,249.5384,,0.0,True
8418,249.5454,889.75,0.0,False
8419,249.5509,894.37,0.0,False
8420,249.5694,,0.0,True
8421,249.5728,921.38,0.0,False
8422,249.5743,-1.0,90.0,False
8423,249.5783,-1.0,90.0,False
8424,249.6012,,0.0,True
8425,249.604,-1.0,0.0,False
8426,249.6097,888.72,0.0,False
8427,249.6109,,0.0,False
8428,249.6376,,0.0,False
8429,249.6647,,90.0,False
8430,249.6756,1001.01,0.0,False
8431,249.676,,90.0,False
8432,249.686,793.39,0.0,False
8433,249.6907,905.78,0.0,False
8434,249.703,,0.0,False
8435,249.7055,-1.0,0.0,False
8436,249.7058,,0.0,False
8437,249.7134,966.69,0.0,False
8438,249.7393,,0.0,False
8439,249.761,-1.0,0.0,False
8440,249.7776,862.06,90.0,False
8441,249.7807,,0.0,False
8442,249.7935,,0.0,False
8443,249.8011,,0.0,False
8444,249.8108,-1.0,0.0,False
8445,249.8189,,0.0,False
8446,249.8216,915.75,0.0,False
8447,249.8276,,90.0,False
8448,249.8527,-1.0,0.0,False
8449,249.8544,-1.0,0.0,False
8450,249.8608,-1.0,90.0,False
8451,249.8849,,0.0,False
8452,249.892,1079.61,0.0,False
8453,249.9101,927.99,0.0,False
8454,249.9164,887.57,0.0,False
8455,249.9385,813.09,0.0,False
8456,249.9456,925.5,90.0,False
8457,249.9506,-1.0,90.0,False
8458,249.9539,,0.0,False
8459,249.9548,-1.0,0.0,False
8460,249.9678,,0.0,False
8461,249.9808,-1.0,0.0,False
8462,249.9843,-1.0,0.0,False
8463,249.9975,-1.0,0.0,False
8464,250.0022,,0.0,False
8465,250.0068,-1.0,90.0,False
8466,250.0409,,0.0,False
8467,250.0468,838.77,0.0,True
8468,250.0534,-1.0,90.0,False
8469,250.0796,,90.0,False
8470,250.0903,-1.0,0.0,True
8471,250.0969,-1.0,0.0,False
8472,250.0999,,0.0,True
8473,250.1432,-1.0,0.0,False
8474,250.156,974.21,90.0,True
8475,250.183,-1.0,90.0,True
8476,250.1981,,0.0,False
8477,250.1982,981.63,0.0,False
8478,250.2027,,0.0,False
8479,250.2078,,90.0,False
8480,250.2085,820.57,0.0,True
8481,250.2135,,90.0,False
8482,250.2367,831.08,0.0,False
8483,250.2482,855.17,0.0,False
8484,250.2638,,0.0,False
8485,250.2814,-1.0,0.0,False
8486,250.284,1066.0,0.0,True
8487,250.2904,-1.0,0.0,True
8488,250.2924,,0.0,True
8489,250.35,783.73,0.0,False
8490,250.3507,,0.0,False
8491,250.3768,948.32,0.0,False
8492,250.3851,1027.89,90.0,False
8493,250.3878,727.23,0.0,False
8494,250.391,,0.0,False
8495,250.401,,0.0,False
8496,250.4203,-1.0,0.0,False
8497,250.4547,864.26,0.0,False
8498,250.47,-1.0,90.0,False
8499,250.477,-1.0,0.0,False
8500,250.503,-1.0,0.0,False
8501,250.5064,-1.0,0.0,False
8502,250.5301,942.75,0.0,True
8503,250.5536,,90.0,False
8504,250.5554,-1.0,0.0,False
8505,250.5708,-1.0,0.0,False
8506,250.5815,,0.0,False
8507,250.5906,-1.0,0.0,False
8508,250.6237,,90.0,False
8509,250.6237,-1.0,85.0,False
8510,250.6517,-1.0,90.0,False
8511,250.6895,-1.0,0.0,False
8512,250.694,992.58,0.0,False
8513,250.7035,-1.0,0.0,True
8514,250.7631,-1.0,0.0,False
8515,250.7651,-1.0,0.0,False
8516,250.7672,-1.0,0.0,False
8517,250.7728,-1.0,0.0,False
8518,250.7816,754.56,90.0,False
8519,250.7829,,0.0,False
8520,250.7935,-1.0,90.0,True
8521,250.8088,-1.0,0.0,False
8522,250.8186,,0.0,False
8523,250.8606,869.1,0.0,False
8524,250.8983,1028.29,0.0,False
8525,250.9245,,0.0,False
8526,250.9247,899.58,0.0,False
8527,250.9476,1052.31,0.0,False
8528,250.9999,1052.26,90.0,False
8529,251.0071,,0.0,False
8530,251.0315,-1.0,0.0,False
8531,251.0421,,0.0,False
8532,251.0895,-1.0,0.0,False
8533,251.0936,-1.0,0.0,False
8534,251.1334,955.97,0.0,False
8535,251.2105,,0.0,True
8536,251.2577,922.46,0.0,False
8537,251.2707,,0.0,False
8538,251.2838,865.47,0.0,False
8539,251.3268,1032.57,0.0,False
8540,251.3766,-1.0,90.0,False
8541,251.3863,-1.0,0.0,False
8542,251.4186,,90.0,False
8543,251.4314,766.42,0.0,False
8544,251.4378,-1.0,0.0,False
8545,251.4412,-1.0,90.0,True
8546,251.4729,-1.0,0.0,False
8547,251.4751,965.27,0.0,False
8548,251.5739,-1.0,0.0,False
8549,251.575,,90.0,False
8550,251.5779,-1.0,0.0,False
8551,251.5904,-1.0,0.0,False
8552,251.5935,,0.0,False
8553,251.6293,-1.0,0.0,False
8554,251.633,,0.0,False
8555,251.6376,-1.0,0.0,False
8556,251.6736,967.01,0.0,False
8557,251.6738,-1.0,90.0,False
8558,251.6772,929.85,0.0,False
8559,251.7088,,0.0,False
8560,251.8406,-1.0,0.0,False
8561,251.8496,-1.0,0.0,False
8562,251.8872,852.26,0.0,False
8563,251.9057,-1.0,0.0,False
8564,251.9111,,90.0,True
8565,251.9188,965.22,0.0,False
8566,251.9295,-1.0,0.0,False
8567,252.0522,-1.0,0.0,False
8568,252.1165,849.56,0.0,False
8569,252.182,954.76,0.0,False
8570,252.1824,-1.0,0.0,True
8571,252.3014,-1.0,0.0,False
8572,252.326,,0.0,True
8573,252.3893,896.18,0.0,False
8574,252.5274,-1.0,0.0,True
8575,252.6499,-1.0,90.0,False
8576,252.6784,-1.0,90.0,False
8577,252.7221,,90.0,False
8578,252.7625,-1.0,0.0,False
8579,252.8107,,0.0,False
8580,252.9275,847.41,0.0,False
8581,253.0327,975.58,0.0,False
8582,253.1296,,0.0,False
8583,253.1354,,0.0,True
8584,253.1962,,0.0,False
8585,253.2268,-1.0,90.0,False
8586,253.2643,-1.0,0.0,False
8587,253.3236,939.19,0.0,True
8588,253.3595,,0.0,False
8589,253.3965,-1.0,0.0,False
8590,253.7539,,0.0,False
8591,254.3409,-1.0,0.0,False
8592,254.4511,872.72,0.0,False
8593,254.453,894.3,0.0,True
8594,254.6813,,90.0,False
8595,254.8393,,0.0,False
8596,254.9256,-1.0,90.0,False
8597,255.0971,-1.0,0.0,False
8598,255.8739,925.44,0.0,True
8599,256.288,,0.0,False
8600,256.3585,-1.0,0.0,False
8601,256.5568,,0.0,False
8602,256.6085,924.67,0.0,False
8603,256.656,-1.0,0.0,False
8604,256.8122,-1.0,0.0,False
8605,256.8693,-1.0,0.0,True
8606,256.9737,-1.0,0.0,False
8607,257.2138,,0.0,False
8608,257.252,,90.0,False
8609,257.4023,-1.0,90.0,True
8610,257.5211,,0.0,False
8611,257.5371,853.28,90.0,True
8612,257.8522,-1.0,0.0,True
8613,257.8613,709.8,0.0,False
8614,258.0102,-1.0,90.0,False
8615,258.0602,938.51,0.0,True
8616,258.1791,-1.0,0.0,False
8617,258.2081,1003.5,90.0,False
8618,258.2697,,0.0,False
8619,258.3086,837.2,0.0,True
8620,258.4303,-1.0,0.0,False
8621,258.4518,,0.0,True
8622,258.5657,,0.0,False
8623,258.5738,-1.0,90.0,False
8624,258.5756,-1.0,90.0,True
8625,258.7364,705.1,0.0,False
8626,258.7438,-1.0,0.0,False
8627,258.782,-1.0,90.0,False
8628,258.8042,-1.0,0.0,False
8629,258.8091,-1.0,90.0,False
8630,258.8335,,0.0,False
8631,259.0109,877.63,0.0,False
8632,259.012,,0.0,False
8633,259.0331,1018.05,0.0,False
8634,259.0725,-1.0,0.0,True
8635,259.094,-1.0,0.0,False
8636,259.1389,-1.0,90.0,True
8637,259.1767,,0.0,False
8638,259.2644,-1.0,0.0,False
8639,259.3274,-1.0,0.0,False
8640,259.3597,,0.0,False
8641,259.4171,847.97,0.0,True
8642,259.4528,900.45,0.0,False
8643,259.504,,0.0,False
8644,259.5142,,0.0,False
8645,259.5698,928.5,0.0,False
8646,259.5737,,19.0,False
8647,259.5872,920.17,0.0,False
8648,259.651,,0.0,False
8649,259.6612,,0.0,False
8650,259.6972,-1.0,0.0,True
8651,259.7445,,0.0,False
8652,259.7804,-1.0,0.0,False
8653,259.7977,948.45,0.0,True
8654,259.8106,893.37,0.0,False
8655,259.861,849.88,90.0,True
8656,259.8807,809.05,0.0,True
8657,259.9209,998.06,0.0,True
8658,259.9497,-1.0,90.0,False
8659,259.9609,971.88,0.0,False
8660,259.9824,1144.78,0.0,True
8661,259.9863,-1.0,90.0,False
8662,260.0012,-1.0,90.0,False
8663,260.0375,811.34,0.0,True
8664,260.0477,,0.0,False
8665,260.0974,,0.0,False
8666,260.1721,-1.0,0.0,False
8667,260.2206,,90.0,False
8668,260.2657,-1.0,0.0,False
8669,260.3227,1023.37,0.0,True
8670,260.3354,,90.0,False
8671,260.3485,,90.0,False
8672,260.3524,,90.0,False
8673,260.367,859.51,0.0,True
8674,260.3838,,0.0,False
8675,260.409,-1.0,90.0,False
8676,260.4145,,0.0,True
8677,260.4382,,0.0,False
8678,260.4771,,0.0,True
8679,260.4822,-1.0,90.0,True
8680,260.4952,976.39,0.0,False
8681,260.5031,,19.0,False
8682,260.5241,-1.0,0.0,False
8683,260.5272,,0.0,False
8684,260.542,,0.0,False
8685,260.569,,0.0,False
8686,260.5745,,0.0,True
8687,260.6136,1056.31,0.0,False
8688,260.6204,-1.0,90.0,False
8689,260.6268,,90.0,False
8690,260.6341,-1.0,0.0,True
8691,260.6366,941.78,0.0,True
8692,260.6425,-1.0,0.0,False
8693,260.6557,-1.0,0.0,False
8694,260.6633,,0.0,False
8695,260.6714,-1.0,95.0,False
8696,260.7172,1019.23,0.0,False
8697,260.759,,0.0,False
8698,260.7779,,0.0,True
8699,260.8172,-1.0,19.0,False
8700,260.8366,-1.0,0.0,False
8701,260.8404,-1.0,0.0,True
8702,260.8493,967.58,90.0,True
8703,260.8512,,0.0,False
8704,260.8647,929.65,0.0,True
8705,260.8705,-1.0,0.0,True
8706,260.9031,-1.0,0.0,False
8707,260.9417,982.57,0.0,False
8708,260.9785,-1.0,90.0,False
8709,261.0063,869.22,0.0,False
8710,261.0274,,0.0,False
8711,261.0442,-1.0,90.0,False
8712,261.0639,-1.0,0.0,False
8713,261.0753,-1.0,0.0,False
8714,261.0946,-1.0,90.0,True
8715,261.1184,,0.0,False
8716,261.1263,-1.0,0.0,False
8717,261.1334,-1.0,0.0,False
8718,261.1344,,0.0,False
8719,261.1533,,90.0,True
8720,261.2567,973.7,90.0,False
8721,261.2704,,0.0,True
8722,261.2968,-1.0,0.0,False
8723,261.3018,-1.0,90.0,False
8724,261.3112,-1.0,0.0,False
8725,261.3626,906.85,0.0,False
8726,261.3827,919.95,0.0,False
8727,261.3909,-1.0,38.0,False
8728,261.4012,,0.0,False
8729,261.4621,915.12,90.0,False
8730,261.5222,,90.0,False
8731,261.5357,971.33,0.0,False
8732,261.5501,,0.0,False
8733,261.5528,759.35,0.0,True
8734,261.5672,-1.0,12.6667,True
8735,261.593,,0.0,False
8736,261.598,-1.0,0.0,False
8737,261.6561,992.38,0.0,True
8738,261.6739,,90.0,True
8739,261.6789,-1.0,0.0,True
8740,261.7001,,0.0,False
8741,261.7047,-1.0,0.0,False
8742,261.7071,,0.0,True
8743,261.7231,-1.0,90.0,True
8744,261.7301,951.59,0.0,False
8745,261.7567,-1.0,0.0,True
8746,261.798,,90.0,False
8747,261.8392,-1.0,0.0,False
8748,261.8415,,0.0,False
8749,261.8569,997.8,0.0,False
8750,261.866,,0.0,False
8751,261.8772,-1.0,0.0,False
8752,261.8937,870.33,0.0,False
8753,261.8986,,0.0,False
8754,261.926,,0.0,False
8755,261.9674,-1.0,0.0,True
8756,261.9677,843.53,0.0,False
8757,261.9774,,0.0,True
8758,261.9901,,0.0,True
8759,262.0394,,90.0,True
8760,262.0527,774.92,0.0,False
8761,262.0733,-1.0,0.0,False
8762,262.0939,-1.0,90.0,False
8763,262.099,-1.0,0.0,False
8764,262.1208,-1.0,0.0,False
8765,262.131,,90.0,False
8766,262.1547,957.98,12.6667,False
8767,262.1553,,0.0,False
8768,262.1827,992.72,0.0,False
8769,262.1841,,0.0,True
8770,262.2191,740.29,90.0,False
8771,262.2265,,0.0,False
8772,262.2304,-1.0,0.0,False
8773,262.2436,-1.0,0.0,False
8774,262.2501,,0.0,True
8775,262.3129,,0.0,True
8776,262.3129,,0.0,False
8777,262.3388,-1.0,90.0,False
8778,262.3535,-1.0,0.0,False
8779,262.372,938.66,0.0,False
8780,262.3927,,0.0,False
8781,262.4102,,0.0,False
8782,262.412,,0.0,False
8783,262.4148,,0.0,False
8784,262.4194,,0.0,False
8785,262.4427,947.6,0.0,True
8786,262.4677,839.44,0.0,False
8787,262.4752,,0.0,False
8788,262.487,-1.0,90.0,False
8789,262.5174,864.02,90.0,True
8790,262.5223,,0.0,False
8791,262.5325,984.86,90.0,False
8792,262.5403,-1.0,0.0,False
8793,262.575,,0.0,False
8794,262.5763,-1.0,0.0,False
8795,262.6355,,0.0,False
8796,262.6707,,0.0,False
8797,262.6958,-1.0,90.0,False
8798,262.7519,939.81,0.0,False
8799,262.8249,,0.0,False
8800,262.8392,,0.0,False
8801,262.8452,928.71,90.0,False
8802,262.8685,-1.0,0.0,False
8803,262.87,-1.0,0.0,False
8804,262.8823,-1.0,0.0,False
8805,262.8853,,0.0,False
8806,262.8877,975.45,0.0,False
8807,262.9125,948.21,90.0,False
8808,262.9156,912.85,0.0,True
8809,262.9354,959.9,0.0,False
8810,262.9394,-1.0,0.0,True
8811,262.967,,0.0,False
8812,262.9686,-1.0,0.0,False
8813,262.9748,-1.0,90.0,False
8814,263.0133,,0.0,False
8815,263.0477,,0.0,False
8816,263.0654,-1.0,0.0,False
8817,263.0668,,0.0,True
8818,263.0834,858.28,0.0,True
8819,263.0958,,0.0,False
8820,263.0978,-1.0,0.0,False
8821,263.1261,,12.6667,False
8822,263.15,923.23,0.0,False
8823,263.2233,,90.0,False
8824,263.2403,,90.0,False
8825,263.2706,-1.0,90.0,False
8826,263.2831,-1.0,0.0,False
8827,263.3186,864.96,0.0,False
8828,263.3257,-1.0,0.0,False
8829,263.33,-1.0,0.0,False
8830,263.3616,-1.0,50.6667,True
8831,263.3808,,0.0,False
8832,263.3862,-1.0,0.0,True
8833,263.4043,,0.0,False
8834,263.4152,-1.0,0.0,False
8835,263.4156,,90.0,True
8836,263.4281,-1.0,90.0,False
8837,263.4392,,90.0,False
8838,263.4877,,0.0,False
8839,263.4889,,90.0,True
8840,263.4891,-1.0,0.0,False
8841,263.4959,,0.0,False
8842,263.5065,-1.0,0.0,False
8843,263.5174,908.29,0.0,True
8844,263.5287,-1.0,0.0,False
8845,263.5518,-1.0,0.0,False
8846,263.5591,,0.0,False
8847,263.5629,-1.0,85.0,True
8848,263.5634,,0.0,False
8849,263.5728,,90.0,False
8850,263.5931,948.85,0.0,False
8851,263.6373,,0.0,False
8852,263.6396,-1.0,0.0,False
8853,263.6442,,0.0,True
8854,263.6806,-1.0,90.0,False
8855,263.6944,-1.0,0.0,False
8856,263.7161,,90.0,True
8857,263.7177,973.34,0.0,False
8858,263.7676,-1.0,0.0,False
8859,263.7712,,0.0,True
8860,263.7955,-1.0,0.0,True
8861,263.8295,861.77,0.0,False
8862,263.8583,998.87,0.0,False
8863,263.9174,907.57,0.0,False
8864,263.9461,-1.0,0.0,False
8865,263.9833,983.85,0.0,False
8866,264.0077,,90.0,True
8867,264.0174,-1.0,0.0,False
8868,264.048,-1.0,0.0,False
8869,264.065,-1.0,90.0,False
8870,264.0666,813.86,0.0,False
8871,264.0699,-1.0,0.0,False
8872,264.0721,,0.0,False
8873,264.0934,-1.0,0.0,True
8874,264.1481,885.43,90.0,True
8875,264.1565,-1.0,0.0,True
8876,264.1856,,0.0,False
8877,264.2251,-1.0,0.0,False
8878,264.2345,-1.0,90.0,False
8879,264.2501,860.71,0.0,True
8880,264.253,963.86,0.0,False
8881,264.2573,851.28,0.0,True
8882,264.2654,923.14,90.0,True
8883,264.2975,-1.0,0.0,False
8884,264.3527,,0.0,True
8885,264.4016,-1.0,0.0,False
8886,264.4039,888.35,90.0,False
8887,264.423,958.77,0.0,False
8888,264.4727,898.11,0.0,False
8889,264.4753,,0.0,False
8890,264.4813,-1.0,0.0,False
8891,264.4956,,0.0,False
8892,264.5183,,90.0,False
8893,264.5261,,90.0,False
8894,264.5461,-1.0,0.0,False
8895,264.6304,-1.0,90.0,False
8896,264.6694,-1.0,0.0,False
8897,264.6951,,90.0,False
8898,264.6978,,0.0,False
8899,264.7003,-1.0,90.0,False
8900,264.705,-1.0,0.0,False
8901,264.766,-1.0,0.0,False
8902,264.8031,-1.0,90.0,False
8903,264.8256,-1.0,0.0,False
8904,264.8694,,90.0,False
8905,264.8707,,0.0,False
8906,264.8746,,0.0,False
8907,264.8799,-1.0,0.0,False
8908,264.8944,-1.0,0.0,False
8909,264.8964,-1.0,0.0,False
8910,264.8974,981.63,0.0,False
8911,264.9022,,0.0,False
8912,264.9182,922.39,0.0,False
8913,264.9227,-1.0,90.0,True
8914,264.9279,893.63,0.0,False
8915,264.9989,848.13,0.0,False
8916,264.9991,,0.0,False
8917,265.048,-1.0,0.0,False
8918,265.0613,,0.0,False
8919,265.0622,,90.0,False
8920,265.0755,,0.0,False
8921,265.0764,-1.0,0.0,False
8922,265.084,904.1,0.0,False
8923,265.1558,-1.0,85.0,False
8924,265.185,844.57,0.0,True
8925,265.1876,993.55,90.0,False
8926,265.2029,-1.0,0.0,True
8927,265.2145,,0.0,True
8928,265.2502,,0.0,False
8929,265.2645,,0.0,False
8930,265.2951,,0.0,False
8931,265.3091,-1.0,0.0,False
8932,265.3247,,0.0,False
8933,265.3358,-1.0,0.0,False
8934,265.3551,-1.0,90.0,False
8935,265.3945,,90.0,False
8936,265.4257,,90.0,True
8937,265.4612,-1.0,90.0,False
8938,265.5068,871.59,0.0,False
8939,265.5075,,0.0,False
8940,265.5241,-1.0,0.0,True
8941,265.5308,983.39,0.0,False
8942,265.6108,-1.0,90.0,True
8943,265.6263,1007.48,90.0,False
8944,265.6297,,90.0,False
8945,265.6377,-1.0,0.0,False
8946,265.6433,893.55,90.0,False
8947,265.6583,977.38,0.0,False
8948,265.6964,954.63,90.0,False
8949,265.7524,945.29,0.0,False
8950,265.754,767.79,0.0,False
8951,265.758,-1.0,90.0,True
8952,265.7854,851.54,0.0,False
8953,265.9155,,90.0,False
8954,265.9674,,90.0,False
8955,265.9759,935.44,90.0,True
8956,265.9974,,90.0,False
8957,266.0365,930.29,0.0,False
8958,266.0634,-1.0,0.0,False
8959,266.0636,852.0,90.0,True
8960,266.0642,-1.0,90.0,False
8961,266.1266,906.33,0.0,False
8962,266.1288,-1.0,90.0,False
8963,266.1763,-1.0,0.0,False
8964,266.2016,,0.0,False
8965,266.2564,896.83,90.0,False
8966,266.2617,-1.0,0.0,True
8967,266.3009,-1.0,0.0,True
8968,266.3331,885.12,90.0,False
8969,266.388,-1.0,90.0,False
8970,266.3939,,90.0,True
8971,266.4209,-1.0,90.0,False
8972,266.4667,856.87,0.0,False
8973,266.5809,883.64,0.0,False
8974,266.5837,-1.0,0.0,False
8975,266.5962,897.87,90.0,True
8976,266.5975,,90.0,False
8977,266.6139,959.63,0.0,False
8978,266.6196,-1.0,0.0,True
8979,266.6522,,0.0,False
8980,266.6654,-1.0,0.0,True
8981,266.8686,,0.0,False
8982,266.9433,,90.0,True
8983,266.9542,-1.0,0.0,True
8984,266.9843,-1.0,0.0,False
8985,267.0189,,0.0,False
8986,267.0285,-1.0,0.0,False
8987,267.0298,,90.0,False
8988,267.0788,-1.0,0.0,False
8989,267.1256,-1.0,90.0,False
8990,267.1353,-1.0,0.0,False
8991,267.1686,,90.0,False
8992,267.1811,879.16,0.0,False
8993,267.2051,908.37,0.0,False
8994,267.2645,924.39,0.0,True
8995,267.3464,1007.72,0.0,False
8996,267.3964,895.94,90.0,False
8997,267.4042,,0.0,True
8998,267.4307,,0.0,True
8999,267.4569,-1.0,90.0,False
9000,267.4859,-1.0,0.0,False
9001,267.4939,837.07,90.0,False
9002,267.5419,,0.0,True
9003,267.5698,,0.0,False
9004,267.576,-1.0,0.0,False
9005,267.6063,,0.0,False
9006,267.6512,,0.0,False
9007,267.672,,90.0,False
9008,267.7187,793.73,0.0,False
9009,267.7201,-1.0,0.0,False
9010,267.8202,818.63,0.0,False
9011,267.8718,-1.0,90.0,False
9012,268.0054,,0.0,False
9013,268.0116,847.75,0.0,False
9014,268.1125,,0.0,False
9015,268.1339,,0.0,False
9016,268.1758,,0.0,False
9017,268.2063,,0.0,False
9018,268.2648,-1.0,0.0,False
9019,268.2727,,90.0,True
9020,268.3306,-1.0,0.0,False
9021,268.3419,-1.0,0.0,False
9022,268.4413,,0.0,False
9023,268.4455,,0.0,False
9024,268.4714,880.9,0.0,False
9025,268.4988,-1.0,0.0,True
9026,268.5805,,0.0,False
9027,268.6327,,38.0,False
9028,268.6411,,0.0,True
9029,268.6544,906.26,0.0,False
9030,268.693,1003.23,0.0,False
9031,268.7364,,0.0,False
9032,268.7719,-1.0,0.0,False
9033,268.8069,-1.0,0.0,False
9034,268.831,,90.0,False
9035,268.8514,,0.0,True
9036,268.9227,-1.0,0.0,False
9037,268.9292,863.3,0.0,False
9038,268.9877,-1.0,0.0,False
9039,268.988,,90.0,False
9040,269.0188,,0.0,False
9041,269.0545,,0.0,False
9042,269.0795,943.67,0.0,False
9043,269.0827,,90.0,True
9044,269.0992,-1.0,0.0,True
9045,269.1009,-1.0,90.0,False
9046,269.1086,,0.0,True
9047,269.1182,-1.0,85.0,False
9048,269.1346,,90.0,False
9049,269.2126,-1.0,0.0,False
9050,269.2215,-1.0,0.0,False
9051,269.23,,90.0,False
9052,269.2356,897.33,0.0,True
9053,269.2526,,0.0,False
9054,269.265,,0.0,False
9055,269.293,,0.0,True
9056,269.3113,,38.0,False
9057,269.318,-1.0,0.0,False
9058,269.3562,896.28,0.0,True
9059,269.393,917.43,0.0,False
9060,269.4072,961.41,0.0,False
9061,269.4341,806.19,90.0,False
9062,269.4674,-1.0,0.0,False
9063,269.4899,-1.0,90.0,False
9064,269.4909,-1.0,0.0,True
9065,269.4916,-1.0,0.0,False
9066,269.5021,-1.0,90.0,False
9067,269.5056,,0.0,False
9068,269.517,-1.0,90.0,False
9069,269.5764,,0.0,True
9070,269.5812,,90.0,False
9071,269.5839,-1.0,0.0,False
9072,269.5872,-1.0,0.0,False
9073,269.6257,,85.0,False
9074,269.6489,-1.0,0.0,False
9075,269.6553,,12.6667,False
9076,269.6558,,90.0,False
9077,269.6784,,0.0,False
9078,269.6813,,90.0,False
9079,269.718,-1.0,90.0,False
9080,269.7583,837.1,0.0,False
9081,269.7799,,0.0,False
9082,269.7969,,0.0,False
9083,269.8454,793.33,0.0,False
9084,269.847,987.4,0.0,True
9085,269.8593,,0.0,False
9086,269.8596,906.2,0.0,False
9087,269.8717,1015.29,0.0,False
9088,269.8767,,0.0,False
9089,269.9235,-1.0,0.0,False
9090,269.9459,-1.0,0.0,True
9091,269.9466,-1.0,0.0,False
9092,269.9468,,0.0,False
9093,269.948,-1.0,0.0,False
9094,269.9535,-1.0,90.0,False
9095,269.9587,991.04,0.0,False
9096,269.99,,0.0,False
9097,269.9912,,0.0,False
9098,270.0077,,0.0,False
9099,270.0124,,0.0,True
9100,270.0419,-1.0,0.0,False
9101,270.0461,-1.0,0.0,False
9102,270.0515,1004.47,90.0,True
9103,270.0522,-1.0,90.0,False
9104,270.0589,-1.0,90.0,False
9105,270.0608,,90.0,False
9106,270.0614,,0.0,False
9107,270.0682,1075.33,0.0,False
9108,270.0948,,90.0,False
9109,270.1332,,0.0,False
9110,270.1464,,0.0,False
9111,270.1557,,0.0,True
9112,270.1639,-1.0,0.0,False
9113,270.1671,-1.0,0.0,True
9114,270.1994,-1.0,0.0,True
9115,270.2024,880.87,90.0,False
9116,270.2229,,90.0,False
9117,270.2304,,0.0,False
9118,270.2332,,0.0,True
9119,270.2509,-1.0,0.0,False
9120,270.2542,,0.0,True
9121,270.2598,,0.0,True
9122,270.2701,-1.0,0.0,False
9123,270.2743,,0.0,False
9124,270.2771,,90.0,False
9125,270.2883,-1.0,90.0,False
9126,270.2907,,0.0,False
9127,270.2947,-1.0,0.0,False
9128,270.3108,865.41,19.0,False
9129,270.3158,-1.0,90.0,True
9130,270.3242,1181.65,0.0,False
9131,270.3276,-1.0,0.0,True
9132,270.3331,889.37,0.0,False
9133,270.3452,-1.0,0.0,False
9134,270.3542,-1.0,0.0,False
9135,270.3561,-1.0,0.0,False
9136,270.3572,-1.0,0.0,False
9137,270.3574,,90.0,False
9138,270.3697,,0.0,True
9139,270.3732,950.21,19.0,True
9140,270.3771,,90.0,False
9141,270.3847,,0.0,True
9142,270.3898,-1.0,0.0,False
9143,270.3916,,90.0,True
9144,270.3947,,90.0,True
9145,270.3988,-1.0,0.0,False
9146,270.4002,-1.0,0.0,False
9147,270.4034,,0.0,True
9148,270.4107,,0.0,False
9149,270.4226,,0.0,False
9150,270.4334,-1.0,0.0,False
9151,270.4517,-1.0,0.0,False
9152,270.4785,,0.0,False
9153,270.4918,,0.0,False
9154,270.5014,1027.53,90.0,False
9155,270.5017,875.13,0.0,False
9156,270.5201,,0.0,False
9157,270.5229,,0.0,False
9158,270.5264,-1.0,0.0,False
9159,270.5295,867.61,90.0,False
9160,270.5428,-1.0,0.0,False
9161,270.5623,-1.0,90.0,False
9162,270.58,-1.0,0.0,False
9163,270.6086,-1.0,0.0,False
9164,270.6112,-1.0,0.0,False
9165,270.6221,,0.0,False
9166,270.6301,843.32,0.0,False
9167,270.6318,,0.0,False
9168,270.6539,943.99,90.0,True
9169,270.6657,,0.0,True
9170,270.7035,964.72,0.0,False
9171,270.7035,-1.0,0.0,True
9172,270.7049,823.39,0.0,False
9173,270.7067,918.73,0.0,False
9174,270.7226,-1.0,0.0,False
9175,270.7261,891.32,90.0,False
9176,270.7265,-1.0,0.0,False
9177,270.727,,90.0,False
9178,270.7296,,0.0,False
9179,270.7691,809.57,0.0,False
9180,270.773,1079.2,0.0,False
9181,270.7747,-1.0,0.0,False
9182,270.7868,-1.0,0.0,True
9183,270.7903,852.67,0.0,True
9184,270.7948,,0.0,True
9185,270.8009,,0.0,True
9186,270.81,,0.0,False
9187,270.8145,-1.0,0.0,False
9188,270.8225,,0.0,False
9189,270.8311,,0.0,True
9190,270.8341,,90.0,False
9191,270.8422,931.36,90.0,False
9192,270.8665,953.49,0.0,False
9193,270.8881,733.17,0.0,False
9194,270.8948,,0.0,False
9195,270.9003,-1.0,90.0,True
9196,270.901,,0.0,False
9197,270.9101,,0.0,False
9198,270.9303,858.72,0.0,False
9199,270.9344,783.05,0.0,True
9200,270.9435,907.11,0.0,False
9201,270.9446,-1.0,0.0,True
9202,270.9728,-1.0,0.0,False
9203,270.9751,,0.0,False
9204,270.9853,770.2,0.0,False
9205,270.9893,,0.0,False
9206,271.0034,,90.0,False
9207,271.0099,-1.0,0.0,False
9208,271.0118,801.94,90.0,False
9209,271.0377,,0.0,False
9210,271.0454,780.89,0.0,False
9211,271.0467,,90.0,True
9212,271.0499,,0.0,True
9213,271.0521,,0.0,False
9214,271.0724,-1.0,0.0,False
9215,271.0818,-1.0,0.0,True
9216,271.0847,,0.0,False
9217,271.0852,-1.0,0.0,False
9218,271.0946,-1.0,0.0,False
9219,271.1086,846.55,0.0,True
9220,271.1088,-1.0,0.0,True
9221,271.1246,-1.0,90.0,False
9222,271.13,,90.0,False
9223,271.1453,,0.0,False
9224,271.1459,-1.0,0.0,False
9225,271.1677,,0.0,False
9226,271.1685,1013.04,0.0,False
9227,271.1705,-1.0,0.0,False
9228,271.1837,-1.0,90.0,False
9229,271.1925,,90.0,False
9230,271.1991,860.56,0.0,False
9231,271.2046,-1.0,0.0,True
9232,271.2047,,0.0,False
9233,271.2138,,0.0,False
9234,271.2261,938.61,0.0,False
9235,271.2444,802.34,0.0,True
9236,271.2469,-1.0,90.0,False
9237,271.2601,981.77,0.0,False
9238,271.2602,,0.0,False
9239,271.2604,-1.0,90.0,False
9240,271.2763,1089.09,0.0,False
9241,271.2819,,0.0,True
9242,271.284,,0.0,False
9243,271.3002,-1.0,0.0,False
9244,271.3114,,90.0,True
9245,271.3244,837.21,90.0,False
9246,271.3401,-1.0,0.0,False
9247,271.3447,,0.0,False
9248,271.3499,,0.0,False
9249,271.351,-1.0,0.0,False
9250,271.3571,922.45,0.0,False
9251,271.3786,928.96,90.0,True
9252,271.4003,,90.0,False
9253,271.4216,-1.0,0.0,False
9254,271.4224,,0.0,False
9255,271.43,910.72,0.0,False
9256,271.4459,1048.47,0.0,False
9257,271.468,,90.0,False
9258,271.4708,,0.0,False
9259,271.4728,1032.48,90.0,False
9260,271.484,-1.0,0.0,True
9261,271.4913,,0.0,False
9262,271.5127,,90.0,False
9263,271.537,,0.0,False
9264,271.5464,,0.0,False
9265,271.5568,,0.0,False
9266,271.5793,950.47,0.0,False
9267,271.5881,895.2,90.0,False
9268,271.591,-1.0,0.0,False
9269,271.6098,-1.0,0.0,True
9270,271.6098,-1.0,0.0,True
9271,271.6119,-1.0,0.0,False
9272,271.6203,-1.0,0.0,False
9273,271.6255,-1.0,90.0,False
9274,271.6305,-1.0,0.0,False
9275,271.6362,,0.0,True
9276,271.6593,-1.0,0.0,False
9277,271.6634,966.59,90.0,False
9278,271.6882,-1.0,90.0,False
9279,271.6933,-1.0,0.0,False
9280,271.7148,,0.0,False
9281,271.7258,-1.0,0.0,False
9282,271.7283,-1.0,0.0,True
9283,271.744,-1.0,0.0,False
9284,271.7456,-1.0,0.0,False
9285,271.7653,-1.0,90.0,False
9286,271.768,730.9,0.0,False
9287,271.7731,-1.0,0.0,False
9288,271.7854,1004.14,0.0,False
9289,271.7905,858.1,0.0,False
9290,271.7937,-1.0,0.0,False
9291,271.8509,863.29,90.0,False
9292,271.8517,,0.0,True
9293,271.8629,884.03,0.0,False
9294,271.8695,831.94,0.0,False
9295,271.9099,,90.0,False
9296,271.9228,-1.0,90.0,True
9297,271.9248,,12.6667,False
9298,271.9289,871.86,0.0,False
9299,271.9668,,0.0,False
9300,271.9684,-1.0,0.0,False
9301,271.9778,1035.35,90.0,False
9302,271.9812,-1.0,0.0,False
9303,272.0143,,0.0,True
9304,272.0206,967.98,0.0,False
9305,272.026,,0.0,False
9306,272.0347,1030.13,38.0,False
9307,272.0438,-1.0,0.0,False
9308,272.0494,-1.0,0.0,False
9309,272.0557,,90.0,False
9310,272.0598,-1.0,0.0,True
9311,272.0755,,0.0,False
9312,272.0755,,0.0,False
9313,272.092,,0.0,False
9314,272.1068,,0.0,False
9315,272.118,912.63,90.0,True
9316,272.1359,809.91,0.0,False
9317,272.1393,,0.0,True
9318,272.1496,,0.0,False
9319,272.1635,,0.0,True
9320,272.1693,-1.0,0.0,False
9321,272.1714,-1.0,0.0,True
9322,272.1898,-1.0,0.0,False
9323,272.2138,993.75,0.0,True
9324,272.2384,950.08,0.0,False
9325,272.2555,-1.0,0.0,True
9326,272.2587,-1.0,0.0,False
9327,272.2787,-1.0,90.0,True
9328,272.2791,-1.0,90.0,False
9329,272.3211,,0.0,False
9330,272.3289,-1.0,0.0,False
9331,272.3396,-1.0,0.0,False
9332,272.3417,,0.0,False
9333,272.4116,1088.39,85.0,True
9334,272.4149,,90.0,False
9335,272.4207,,90.0,True
9336,272.4293,,0.0,False
9337,272.484,-1.0,0.0,True
9338,272.4868,811.25,0.0,False
9339,272.4971,-1.0,0.0,False
9340,272.5318,-1.0,0.0,False
9341,272.5735,947.79,0.0,True
9342,272.586,-1.0,0.0,False
9343,272.5892,,0.0,False
9344,272.6177,832.08,90.0,True
9345,272.627,,0.0,False
9346,272.6299,-1.0,90.0,True
9347,272.6421,,0.0,False
9348,272.683,-1.0,0.0,False
9349,272.7076,-1.0,0.0,False
9350,272.7578,,85.0,False
9351,272.7998,,0.0,False
9352,272.8369,,0.0,False
9353,272.8529,852.43,0.0,False
9354,272.8531,,0.0,False
9355,273.1291,,0.0,True
9356,273.1491,,90.0,False
9357,273.1882,-1.0,0.0,False
9358,273.2598,982.3,0.0,False
9359,273.2618,859.6,0.0,False
9360,273.2745,951.64,0.0,False
9361,273.3357,839.9,0.0,False
9362,273.3842,,0.0,False
9363,273.406,,0.0,True
9364,273.4279,-1.0,0.0,False
9365,273.436,,0.0,False
9366,273.7181,1058.57,90.0,False
9367,273.778,892.47,90.0,True
9368,274.0504,-1.0,0.0,False
9369,274.1893,,0.0,True
9370,274.1906,-1.0,0.0,False
9371,274.3962,,0.0,False
9372,274.439,-1.0,0.0,False
9373,274.4599,,90.0,False
9374,274.8932,922.35,0.0,False
9375,274.9162,-1.0,0.0,True
9376,276.8239,-1.0,0.0,False
9377,277.2796,,0.0,True
9378,280.5645,,0.0,False
9379,280.613,,38.0,True
9380,281.3621,947.03,90.0,False
9381,281.9968,-1.0,0.0,False
9382,282.1071,900.45,0.0,False
9383,282.1195,,0.0,False
9384,282.3847,-1.0,0.0,False
9385,282.4018,,0.0,False
9386,282.4405,-1.0,0.0,False
9387,282.6176,-1.0,0.0,False
9388,282.8467,,90.0,True
9389,282.8705,-1.0,90.0,False
9390,282.9884,-1.0,0.0,False
9391,283.1489,,90.0,False
9392,283.3429,-1.0,0.0,True
9393,283.3927,,0.0,False
9394,283.5749,-1.0,0.0,False
9395,283.8557,,0.0,False
9396,283.9757,-1.0,90.0,False
9397,284.0108,,0.0,False
9398,284.2663,-1.0,12.6667,False
9399,284.2946,1042.42,0.0,False
9400,284.3953,,0.0,True
9401,284.4412,,0.0,False
9402,284.5158,,0.0,False
9403,284.6325,1037.0,0.0,False
9404,284.7117,-1.0,90.0,True
9405,284.766,,90.0,True
9406,284.7774,862.43,0.0,True
9407,284.7863,,0.0,False
9408,284.903,897.72,0.0,False
9409,284.956,-1.0,0.0,False
9410,285.0169,,0.0,True
9411,285.1947,-1.0,0.0,False
9412,285.2696,791.36,0.0,False
9413,285.298,,0.0,False
9414,285.4446,,0.0,False
9415,285.5514,950.92,0.0,False
9416,285.9441,997.24,90.0,True
9417,285.9565,-1.0,0.0,True
9418,286.045,,95.0,False
9419,286.1135,,0.0,False
9420,286.3858,883.59,0.0,False
9421,286.3977,,0.0,False
9422,286.4419,-1.0,0.0,False
9423,286.4933,1011.33,90.0,True
9424,286.5184,-1.0,0.0,False
9425,286.5824,-1.0,0.0,False
9426,286.63,,0.0,False
9427,286.6789,-1.0,0.0,True
9428,286.779,,0.0,False
9429,286.7952,,90.0,False
9430,286.7988,926.02,0.0,False
9431,286.8377,847.32,0.0,False
9432,286.8969,817.19,0.0,False
9433,286.9035,,0.0,False
9434,286.9597,,0.0,False
9435,286.9783,964.66,0.0,False
9436,287.0008,,0.0,False
9437,287.056,804.7,90.0,True
9438,287.1464,-1.0,90.0,False
9439,287.2333,822.65,90.0,True
9440,287.2661,-1.0,0.0,False
9441,287.446,,0.0,False
9442,287.471,,0.0,False
9443,287.6199,1029.14,0.0,True
9444,287.649,,0.0,False
9445,287.6838,-1.0,90.0,False
9446,287.6965,-1.0,90.0,False
9447,287.7143,-1.0,0.0,False
9448,287.7948,865.62,0.0,False
9449,287.8335,,0.0,False
9450,287.8445,,90.0,True
9451,287.8909,797.32,90.0,False
9452,287.9177,-1.0,0.0,False
9453,287.9232,-1.0,0.0,True
9454,288.036,-1.0,0.0,False
9455,288.0392,-1.0,90.0,False
9456,288.0463,862.52,90.0,False
9457,288.0806,891.03,0.0,False
9458,288.1619,-1.0,0.0,False
9459,288.269,-1.0,0.0,True
9460,288.3766,,0.0,False
9461,288.3784,961.0,0.0,False
9462,288.3821,,0.0,False
9463,288.4301,835.06,0.0,False
9464,288.6043,-1.0,0.0,False
9465,288.6651,937.4,19.0,True
9466,288.692,,90.0,False
9467,288.6936,-1.0,90.0,False
9468,288.7578,,0.0,False
9469,288.7617,,0.0,False
9470,288.7752,,0.0,False
9471,288.7858,-1.0,90.0,False
9472,288.8259,835.61,90.0,False
9473,288.861,,0.0,False
9474,288.8713,827.45,90.0,False
9475,288.9069,,0.0,False
9476,288.9245,-1.0,0.0,False
9477,288.9342,881.71,90.0,False
9478,288.9355,,0.0,False
9479,288.9377,,0.0,True
9480,289.0,,90.0,False
9481,289.0018,-1.0,90.0,False
9482,289.0398,906.81,0.0,False
9483,289.0435,,19.0,False
9484,289.0832,,0.0,True
9485,289.1083,954.49,0.0,True
9486,289.1294,,0.0,True
9487,289.1899,-1.0,0.0,True
9488,289.2519,-1.0,90.0,False
9489,289.2914,,0.0,False
9490,289.3303,,0.0,False
9491,289.3519,,0.0,False
9492,289.3549,,0.0,True
9493,289.375,,90.0,False
9494,289.397,880.14,0.0,False
9495,289.4031,-1.0,85.0,False
9496,289.4582,-1.0,90.0,False
9497,289.4827,-1.0,90.0,False
9498,289.4846,-1.0,90.0,False
9499,289.4963,960.81,90.0,False
9500,289.5622,-1.0,0.0,False
9501,289.6083,867.3,0.0,False
9502,289.6906,,90.0,False
9503,289.721,-1.0,0.0,False
9504,289.7362,,0.0,False
9505,289.7819,-1.0,90.0,False
9506,289.8911,-1.0,0.0,False
9507,289.8915,825.55,0.0,True
9508,289.9067,,0.0,False
9509,289.9581,942.29,0.0,False
9510,289.9698,874.63,90.0,False
9511,289.9841,732.66,0.0,False
9512,290.0483,-1.0,0.0,False
9513,290.0751,,0.0,False
9514,290.1384,,0.0,False
9515,290.1895,-1.0,90.0,True
9516,290.2708,-1.0,0.0,True
9517,290.3014,-1.0,0.0,False
9518,290.329,927.25,0.0,False
9519,290.3553,,0.0,False
9520,290.3601,,0.0,False
9521,290.3968,,0.0,False
9522,290.4034,897.09,90.0,False
9523,290.4593,,0.0,True
9524,290.5391,916.07,90.0,False
9525,290.56,-1.0,0.0,False
9526,290.6244,909.77,0.0,False
9527,290.6635,,0.0,False
9528,290.6636,902.52,90.0,False
9529,290.7083,1111.94,0.0,False
9530,290.7841,,0.0,False
9531,290.7954,842.21,0.0,False
9532,290.8002,-1.0,0.0,True
9533,290.8437,749.19,0.0,False
9534,290.8527,-1.0,90.0,False
9535,290.919,,0.0,False
9536,290.9836,,0.0,False
9537,290.9965,888.47,0.0,True
9538,291.02,-1.0,0.0,False
9539,291.0546,,0.0,False
9540,291.0586,-1.0,0.0,False
9541,291.0686,-1.0,90.0,True
9542,291.1043,964.43,0.0,True
9543,291.1203,-1.0,90.0,False
9544,291.158,-1.0,0.0,True
9545,291.1943,,0.0,False
9546,291.2053,-1.0,0.0,False
9547,291.2127,,0.0,False
9548,291.2546,-1.0,0.0,False
9549,291.318,,0.0,False
9550,291.3514,,0.0,False
9551,291.4046,921.57,0.0,False
9552,291.4311,842.1,12.6667,True
9553,291.5158,955.4,0.0,False
9554,291.5185,-1.0,90.0,False
9555,291.5197,908.32,90.0,False
9556,291.5329,844.4,90.0,False
9557,291.5372,,0.0,False
9558,291.5444,-1.0,90.0,True
9559,291.5657,-1.0,0.0,False
9560,291.5693,-1.0,90.0,False
9561,291.5701,,0.0,False
9562,291.6162,931.45,0.0,True
9563,291.6319,-1.0,0.0,False
9564,291.6426,-1.0,0.0,False
9565,291.6746,-1.0,90.0,True
9566,291.7854,912.16,90.0,True
9567,291.8324,,0.0,True
9568,291.8476,966.49,0.0,False
9569,291.9027,-1.0,0.0,False
9570,291.9718,-1.0,0.0,False
9571,291.9758,-1.0,0.0,False
9572,292.1077,-1.0,90.0,True
9573,292.1423,,0.0,False
9574,292.1797,-1.0,0.0,False
9575,292.2064,,0.0,True
9576,292.2199,,0.0,False
9577,292.2274,-1.0,0.0,False
9578,292.3275,-1.0,0.0,True
9579,292.3331,-1.0,0.0,True
9580,292.3555,,90.0,True
9581,292.4102,-1.0,0.0,False
9582,292.4103,,0.0,True
9583,292.4405,923.43,90.0,False
9584,292.4809,920.91,0.0,True
9585,292.586,-1.0,0.0,False
9586,292.603,,0.0,False
9587,292.6129,,0.0,False
9588,292.6659,,0.0,False
9589,292.6844,794.17,0.0,False
9590,292.6984,,90.0,False
9591,292.7547,-1.0,90.0,False
9592,292.9871,956.41,90.0,False
9593,293.0013,-1.0,90.0,False
9594,293.0187,,90.0,False
9595,293.0732,990.97,0.0,False
9596,293.0932,-1.0,0.0,False
9597,293.0949,-1.0,90.0,False
9598,293.1144,-1.0,0.0,True
9599,293.1344,884.52,90.0,False
9600,293.1546,-1.0,0.0,False
9601,293.2299,-1.0,0.0,False
9602,293.2335,-1.0,0.0,True
9603,293.5758,1044.06,0.0,False
9604,293.6324,,0.0,False
9605,293.6902,933.51,90.0,False
9606,293.7348,,0.0,False
9607,293.7545,-1.0,0.0,False
9608,293.8387,,90.0,False
9609,293.839,-1.0,0.0,False
9610,293.8751,-1.0,0.0,False
9611,293.9223,-1.0,0.0,True
9612,293.9433,-1.0,0.0,True
9613,293.9633,,0.0,False
9614,294.0046,,0.0,True
9615,294.014,,0.0,False
9616,294.0185,-1.0,0.0,False
9617,294.1513,-1.0,0.0,False
9618,294.1593,884.4,0.0,False
9619,294.1851,-1.0,0.0,False
9620,294.3284,874.4,0.0,False
9621,294.3636,,0.0,False
9622,294.3652,955.24,95.0,False
9623,294.4187,909.87,0.0,True
9624,294.4193,,0.0,False
9625,294.5156,-1.0,0.0,True
9626,294.6066,-1.0,0.0,False
9627,294.6409,-1.0,90.0,True
9628,294.6539,,0.0,False
9629,294.6574,-1.0,0.0,False
9630,294.6648,,90.0,True
9631,294.6735,999.4,0.0,False
9632,294.7304,-1.0,90.0,False
9633,294.7887,909.99,0.0,False
9634,294.8671,-1.0,0.0,False
9635,294.9098,893.84,90.0,False
9636,295.0501,1034.26,0.0,False
9637,295.0553,-1.0,0.0,False
9638,295.0829,-1.0,90.0,False
9639,295.1837,819.9,0.0,False
9640,295.2105,-1.0,90.0,False
9641,295.2412,-1.0,0.0,True
9642,295.2618,895.96,0.0,False
9643,295.2643,-1.0,0.0,False
9644,295.3514,,0.0,False
9645,295.3543,-1.0,0.0,False
9646,295.3584,911.4,0.0,False
9647,295.3835,958.22,19.0,True
9648,295.4444,894.98,0.0,False
9649,295.4837,-1.0,0.0,False
9650,295.4926,972.76,0.0,False
9651,295.4927,-1.0,0.0,True
9652,295.5716,867.76,90.0,False
9653,295.5827,927.05,0.0,False
9654,295.7245,,90.0,False
9655,295.7274,956.92,0.0,False
9656,295.8388,-1.0,0.0,False
9657,295.9109,-1.0,90.0,False
9658,295.9645,-1.0,0.0,False
9659,296.0631,,0.0,False
9660,296.1258,1004.76,0.0,True
9661,296.1268,,0.0,True
9662,296.129,951.76,0.0,True
9663,296.1782,,0.0,False
9664,296.1932,-1.0,0.0,False
9665,296.2019,-1.0,0.0,False
9666,296.2112,,0.0,False
9667,296.2698,,0.0,False
9668,296.3099,970.04,0.0,False
9669,296.3181,,0.0,True
9670,296.5164,-1.0,0.0,False
9671,296.6385,-1.0,90.0,False
9672,296.7581,,90.0,True
9673,296.82,1025.92,90.0,False
9674,297.0694,870.02,90.0,True
9675,297.0887,,90.0,False
9676,297.1164,830.2,0.0,True
9677,297.1482,,0.0,False
9678,297.3115,-1.0,90.0,True
9679,297.4107,998.17,0.0,False
9680,297.4814,,0.0,False
9681,297.7386,-1.0,0.0,False
9682,297.7828,915.05,90.0,False
9683,297.7941,-1.0,0.0,False
9684,297.8115,,0.0,False
9685,297.9283,,0.0,False
9686,298.2338,-1.0,90.0,False
9687,298.2458,803.11,0.0,False
9688,298.3156,-1.0,95.0,False
9689,298.4094,,0.0,False
9690,298.4177,,0.0,False
9691,298.4795,-1.0,0.0,False
9692,298.5314,-1.0,90.0,False
9693,298.5644,-1.0,90.0,False
9694,298.7691,-1.0,0.0,False
9695,298.8907,818.64,0.0,False
9696,299.2743,,0.0,False
9697,299.5253,-1.0,0.0,False
9698,299.9505,822.06,0.0,False
9699,300.2391,915.63,90.0,False
9700,300.3574,-1.0,0.0,False
9701,300.3593,,90.0,False
9702,300.455,-1.0,0.0,True
9703,300.5505,-1.0,90.0,True
9704,300.7192,-1.0,0.0,False
9705,300.8369,,0.0,False
9706,300.858,,0.0,True
9707,300.9148,,90.0,True
9708,300.9287,891.43,0.0,False
9709,300.9437,870.39,0.0,False
9710,301.1083,,0.0,False
9711,301.1251,925.35,0.0,False
9712,301.1392,-1.0,90.0,False
9713,301.8681,,90.0,True
9714,302.0244,,0.0,False
9715,302.8321,-1.0,0.0,False
9716,302.8396,812.06,0.0,True
9717,302.8949,-1.0,95.0,False
9718,303.311,,0.0,False
9719,303.6811,-1.0,90.0,False
9720,303.7329,,0.0,True
9721,304.2034,985.45,0.0,True
9722,304.3842,,0.0,False
9723,304.3873,,90.0,False
9724,304.4079,,0.0,True
9725,305.028,-1.0,0.0,False
9726,305.655,-1.0,0.0,False
9727,306.1095,,0.0,False
9728,306.1891,796.22,90.0,False
9729,306.3927,-1.0,0.0,False
9730,306.4891,-1.0,0.0,False
9731,306.5082,801.89,0.0,True
9732,306.6064,,90.0,False
9733,306.6095,,0.0,False
9734,306.7462,,0.0,False
9735,306.7544,992.14,0.0,False
9736,306.7692,-1.0,0.0,False
9737,306.7979,-1.0,0.0,False
9738,307.0321,-1.0,90.0,False
9739,307.1156,854.55,0.0,False
9740,307.3339,,0.0,False
9741,307.6509,-1.0,0.0,True
9742,307.7223,869.81,0.0,False
9743,307.7786,956.8,0.0,False
9744,307.7915,-1.0,0.0,False
9745,307.8764,,0.0,False
9746,307.994,-1.0,85.0,True
9747,308.0087,,0.0,False
9748,308.0482,-1.0,0.0,False
9749,308.2286,-1.0,0.0,True
9750,308.2852,-1.0,0.0,False
9751,308.2928,816.06,12.6667,False
9752,308.3169,,0.0,False
9753,308.3661,-1.0,0.0,False
9754,308.4822,,0.0,False
9755,308.6795,-1.0,0.0,True
9756,308.7468,963.81,90.0,False
9757,308.8141,957.74,0.0,False
9758,308.8376,-1.0,90.0,False
9759,308.9039,-1.0,0.0,False
9760,308.9736,-1.0,0.0,False
9761,308.9788,961.69,0.0,False
9762,309.2671,-1.0,0.0,True
9763,309.3706,,0.0,False
9764,309.4422,-1.0,0.0,False
9765,309.4523,,0.0,True
9766,309.4752,-1.0,90.0,False
9767,309.6073,978.63,90.0,False
9768,309.6114,,90.0,False
9769,309.6172,873.74,0.0,False
9770,309.6338,990.37,90.0,False
9771,309.7207,-1.0,0.0,False
9772,309.7451,-1.0,0.0,False
9773,309.8301,,90.0,True
9774,309.9015,,0.0,False
9775,309.9468,,90.0,False
9776,309.9541,,0.0,False
9777,310.0067,-1.0,0.0,False
9778,310.0284,-1.0,0.0,False
9779,310.0521,-1.0,90.0,False
9780,310.0535,,0.0,False
9781,310.065,-1.0,0.0,False
9782,310.0807,885.03,0.0,False
9783,310.1371,,0.0,False
9784,310.1557,,90.0,False
9785,310.2331,-1.0,0.0,False
9786,310.2824,,0.0,False
9787,310.3051,889.62,0.0,False
9788,310.316,-1.0,0.0,False
9789,310.4242,-1.0,0.0,False
9790,310.4281,,90.0,False
9791,310.4838,-1.0,85.0,False
9792,310.4872,1025.45,0.0,True
9793,310.5095,,0.0,False
9794,310.5189,,90.0,False
9795,310.6671,,90.0,False
9796,310.7133,-1.0,0.0,False
9797,310.7317,,0.0,False
9798,310.8497,,0.0,False
9799,310.8925,-1.0,90.0,False
9800,310.999,-1.0,0.0,False
9801,311.0385,,0.0,False
9802,311.0828,-1.0,90.0,True
9803,311.1793,,0.0,True
9804,311.2592,-1.0,0.0,False
9805,311.3364,,90.0,False
9806,311.3822,-1.0,90.0,False
9807,311.4008,905.61,90.0,False
9808,311.4535,-1.0,0.0,False
9809,311.4682,,0.0,True
9810,311.5027,943.93,0.0,True
9811,311.5308,,0.0,False
9812,311.6332,-1.0,0.0,True
9813,311.7068,,0.0,False
9814,311.7176,,0.0,False
9815,311.746,-1.0,90.0,True
9816,311.7807,910.43,0.0,False
9817,311.7863,-1.0,0.0,False
9818,311.9225,,0.0,True
9819,311.9305,1053.68,0.0,True
9820,311.9765,866.43,90.0,False
9821,311.9866,842.63,90.0,False
9822,312.0107,,90.0,False
9823,312.029,-1.0,90.0,True
9824,312.0315,928.84,0.0,False
9825,312.0897,,90.0,False
9826,312.0966,,0.0,True
9827,312.1916,929.2,0.0,False
9828,312.2388,861.76,0.0,True
9829,312.4346,-1.0,0.0,False
9830,312.4377,-1.0,90.0,False
9831,312.5571,-1.0,0.0,True
9832,312.6425,,90.0,False
9833,312.6808,1057.36,90.0,True
9834,312.7369,,0.0,False
9835,312.7494,941.59,0.0,False
9836,312.7508,,0.0,False
9837,312.8046,-1.0,90.0,False
9838,312.8248,790.18,0.0,False
9839,312.8442,,0.0,False
9840,312.9127,-1.0,0.0,True
9841,312.9251,-1.0,90.0,False
9842,312.9273,,0.0,False
9843,313.356,856.27,0.0,True
9844,313.5957,,0.0,True
9845,313.6333,894.15,0.0,False
9846,313.6696,,0.0,False
9847,313.9179,,0.0,True
9848,314.1488,902.62,0.0,False
9849,314.1627,955.99,90.0,False
9850,314.2217,-1.0,0.0,False
9851,314.227,-1.0,0.0,True
9852,314.3402,-1.0,0.0,False
9853,314.3441,,0.0,False
9854,314.352,,0.0,True
9855,314.3737,905.27,0.0,False
9856,314.4932,,90.0,False
9857,314.5559,,90.0,False
9858,314.5612,,0.0,False
9859,314.7576,-1.0,0.0,False
9860,314.7856,-1.0,90.0,True
9861,314.8053,-1.0,0.0,False
9862,314.8368,937.7,0.0,False
9863,314.9688,,0.0,False
9864,315.0001,,90.0,True
9865,315.0739,-1.0,90.0,True
9866,315.1168,951.93,0.0,False
9867,315.1665,,90.0,False
9868,315.2256,-1.0,0.0,False
9869,315.3075,-1.0,0.0,False
9870,315.3267,-1.0,0.0,False
9871,315.3697,974.06,90.0,False
9872,315.4548,-1.0,0.0,False
9873,315.4908,,0.0,False
9874,315.72,-1.0,0.0,False
9875,315.737,875.78,0.0,False
9876,315.741,,90.0,False
9877,315.7692,,90.0,True
9878,315.7886,,90.0,False
9879,315.862,-1.0,90.0,False
9880,315.8771,994.44,0.0,True
9881,315.8875,910.54,90.0,False
9882,316.0277,-1.0,90.0,False
9883,316.1803,982.63,90.0,False
9884,316.3144,,19.0,True
9885,316.3417,-1.0,0.0,False
9886,316.4006,921.91,85.0,False
9887,316.5265,,90.0,False
9888,316.6856,,0.0,True
9889,316.7248,-1.0,0.0,False
9890,316.7878,-1.0,90.0,False
9891,316.9497,,0.0,True
9892,317.0228,-1.0,0.0,False
9893,317.0466,,0.0,False
9894,317.3886,-1.0,90.0,False
9895,317.4207,-1.0,0.0,False
9896,317.4629,,0.0,False
9897,317.522,-1.0,0.0,False
9898,317.5749,-1.0,0.0,False
9899,317.7861,-1.0,0.0,False
9900,317.8217,-1.0,85.0,False
9901,317.8964,829.56,90.0,False
9902,317.9644,902.95,90.0,False
9903,318.0151,,90.0,False
9904,318.1023,,85.0,False
9905,318.1332,956.89,0.0,False
9906,318.142,923.37,0.0,False
9907,318.253,,12.6667,False
9908,318.3681,,0.0,False
9909,318.4647,,0.0,False
9910,318.5754,924.23,90.0,False
9911,318.5976,-1.0,0.0,False
9912,318.7709,875.39,0.0,False
9913,318.8348,-1.0,0.0,False
9914,319.6341,-1.0,0.0,False
9915,319.8877,,0.0,False
9916,320.0387,,0.0,False
9917,320.1075,-1.0,0.0,False
9918,320.1708,-1.0,0.0,False
9919,320.1817,-1.0,0.0,False
9920,320.2738,-1.0,90.0,True
9921,320.3328,,90.0,False
9922,320.5554,1009.14,0.0,False
9923,321.0869,-1.0,0.0,False
9924,321.5717,,90.0,False
9925,321.5962,,0.0,True
9926,321.8496,-1.0,0.0,False
9927,322.0402,1000.17,0.0,False
9928,322.0904,,0.0,False
9929,322.1486,-1.0,0.0,False
9930,322.1779,-1.0,90.0,False
9931,322.4529,,0.0,False
9932,322.7924,1125.78,0.0,False
9933,322.9022,,90.0,False
9934,323.0205,,90.0,False
9935,323.1019,,0.0,False
9936,323.1508,-1.0,90.0,True
9937,323.1975,,0.0,False
9938,323.6406,-1.0,0.0,False
9939,323.7329,872.53,90.0,False
9940,324.0521,,0.0,False
9941,324.5288,900.99,0.0,False
9942,325.8608,,0.0,True
9943,328.5871,,0.0,False
9944,335.6764,-1.0,0.0,True
9945,353.6961,-1.0,0.0,False
9946,354.3879,897.71,0.0,False
9947,357.3586,-1.0,0.0,False
9948,360.2583,,0.0,False
9949,360.7397,-1.0,0.0,False
9950,363.1495,-1.0,90.0,False
9951,363.9315,,0.0,False
9952,365.3868,712.43,90.0,False
9953,365.3939,-1.0,90.0,False
9954,365.9841,-1.0,0.0,True
9955,366.5712,996.73,0.0,False
9956,367.2365,-1.0,90.0,True
9957,367.3715,,0.0,False
9958,368.7127,-1.0,0.0,False
9959,368.767,832.43,0.0,False
9960,369.7906,831.48,0.0,True
9961,372.4905,861.99,0.0,True
9962,372.7661,-1.0,0.0,True
9963,374.3974,-1.0,90.0,False
9964,376.4189,956.17,0.0,False
9965,377.1063,,0.0,False
9966,377.658,,0.0,False
9967,378.4475,-1.0,0.0,False
9968,380.3116,1082.11,0.0,False
9969,412.7132,969.58,0.0,True
9970,412.8679,-1.0,0.0,False
9971,412.992,942.37,90.0,False
9972,412.9986,,0.0,True
9973,413.0433,,90.0,False
9974,413.2533,884.18,0.0,False
9975,413.6692,-1.0,0.0,True
9976,413.7464,828.23,0.0,False
9977,413.757,974.47,0.0,False
9978,413.7858,-1.0,0.0,False
9979,413.8219,943.82,0.0,True
9980,413.9189,978.46,0.0,True
9981,413.9575,-1.0,0.0,False
9982,414.0185,-1.0,0.0,False
9983,414.0864,862.46,0.0,False
9984,414.1333,,0.0,False
9985,414.2465,-1.0,0.0,False
9986,414.313,960.44,0.0,False
9987,414.4718,866.73,0.0,False
9988,414.481,1045.2,0.0,True
9989,414.4833,-1.0,0.0,False
9990,414.5433,,0.0,True
9991,414.6014,,85.0,False
9992,414.6163,,90.0,False
9993,414.7316,940.96,0.0,False
9994,414.7616,-1.0,0.0,False
9995,414.8616,925.97,0.0,False
9996,414.9253,-1.0,0.0,False
9997,414.9672,946.99,0.0,True
9998,415.4246,-1.0,0.0,True
9999,415.5474,1055.84,0.0,False
10000,415.9192,-1.0,0.0,False
