attempt_number,hours_since_first,runtime_ms,score,active
1,0.0,19.73,0.0,False
2,0.0,18.21,0.0,False
3,0.0,16.26,0.0,False
4,0.0,19.56,90.0,False
5,0.0021,17.76,0.0,False
6,72.0141,8.2,0.0,False
7,72.543,8.71,0.0,False
8,72.8251,8.72,0.0,True
9,72.8929,8.73,0.0,False
10,73.1649,9.0,0.0,False
11,73.2776,9.44,0.0,False
12,73.4539,9.25,0.0,False
13,73.5186,9.94,0.0,False
14,73.5626,8.84,0.0,False
15,73.609,9.13,90.0,True
16,73.6789,8.7,0.0,True
17,73.8364,8.55,90.0,False
18,73.8509,10.62,90.0,True
19,73.9756,8.91,0.0,False
20,73.9887,9.26,0.0,False
21,74.1064,8.16,0.0,True
22,74.148,9.42,0.0,False
23,74.2313,8.37,0.0,True
24,74.4936,8.77,90.0,False
25,74.7922,9.13,0.0,False
26,74.9,9.76,0.0,False
27,75.1919,10.12,90.0,False
28,75.3013,10.56,19.0,False
29,75.4799,9.71,0.0,False
30,119.4987,896.53,0.0,False
31,122.2173,944.52,90.0,False
32,122.2305,965.81,0.0,False
33,122.4882,1004.94,0.0,True
34,122.978,935.52,0.0,False
35,123.2959,1111.85,0.0,False
36,123.3786,934.09,0.0,False
37,123.7398,914.2,90.0,False
38,123.8249,838.8,90.0,False
39,123.9219,915.42,0.0,False
40,124.0647,838.59,0.0,False
41,124.1989,923.62,0.0,False
42,124.5286,773.71,90.0,False
43,125.0315,865.86,0.0,False
44,125.0555,1009.81,0.0,False
45,125.326,930.53,0.0,True
46,125.3676,827.81,0.0,False
47,126.1441,928.12,0.0,False
48,126.1832,792.21,0.0,False
49,126.4765,955.31,0.0,False
50,126.5355,773.99,0.0,True
51,126.6465,790.59,90.0,True
52,127.1038,706.78,0.0,False
53,127.2417,916.37,0.0,True
54,127.41,1010.54,90.0,False
55,127.5062,779.68,0.0,False
56,127.5921,913.78,0.0,False
57,127.666,1031.84,12.6667,False
58,128.0817,980.41,0.0,False
59,128.0978,846.05,0.0,False
60,128.1448,929.08,0.0,False
61,128.1814,890.44,0.0,False
62,128.4593,863.09,0.0,True
63,128.6306,950.63,0.0,True
64,128.6491,868.87,0.0,True
65,128.6669,969.46,0.0,False
66,128.7221,888.77,90.0,False
67,128.8564,928.61,0.0,False
68,128.9106,894.15,0.0,True
69,129.3053,826.15,0.0,False
70,129.475,847.6,0.0,False
71,129.5137,898.98,0.0,False
72,129.6483,1072.98,0.0,False
73,130.0336,1006.38,90.0,False
74,130.5623,982.12,0.0,False
75,130.9376,818.45,90.0,False
76,131.0686,1031.44,0.0,False
77,131.4835,914.79,0.0,False
78,131.6036,999.02,0.0,False
79,131.6291,831.26,0.0,False
80,131.7871,892.26,90.0,False
81,132.3504,809.81,38.0,False
82,133.4477,838.02,0.0,False
83,133.6294,4.53,0.0,False
84,133.742,1051.61,0.0,False
85,134.9963,903.06,0.0,False
86,135.5255,8.29,12.6667,False
87,135.8236,6.9,0.0,True
88,136.1549,5.57,0.0,False
89,136.2002,5.01,90.0,False
90,136.6312,4.2,0.0,True
91,136.8621,6.16,90.0,False
92,137.0406,3.01,90.0,False
93,137.1306,2.59,90.0,True
94,137.2474,3.64,0.0,False
95,137.6869,4.36,0.0,False
96,137.7036,3.73,0.0,True
97,137.7922,4.59,90.0,False
98,137.8779,6.92,0.0,False
99,137.9466,4.12,0.0,False
100,138.1578,7.17,0.0,False
101,138.2704,5.99,0.0,False
102,138.5534,7.39,0.0,False
103,138.7096,4.32,0.0,False
104,138.7115,4.61,0.0,False
105,138.816,3.85,90.0,False
106,138.863,7.14,0.0,True
107,138.9612,3.71,0.0,False
108,139.0324,3.07,0.0,False
109,139.114,4.32,90.0,False
110,139.3362,7.59,90.0,False
111,139.4114,2.05,0.0,False
112,139.4746,2.91,0.0,False
113,139.6288,6.16,0.0,False
114,139.7068,8.71,0.0,False
115,139.9003,5.14,0.0,False
116,139.944,3.29,0.0,False
117,140.0088,5.22,90.0,False
118,140.1144,5.6,0.0,False
119,140.1799,6.69,0.0,False
120,140.1821,5.8,0.0,False
121,140.2631,3.86,0.0,False
122,140.2754,3.76,0.0,False
123,140.3683,2.7,90.0,False
124,140.3715,5.2,0.0,False
125,140.4678,5.42,0.0,False
126,140.4891,5.67,0.0,True
127,140.5162,4.81,90.0,False
128,140.5238,3.96,0.0,False
129,140.5344,3.35,0.0,False
130,140.5745,4.06,0.0,False
131,140.597,2.2,90.0,False
132,140.6733,8.94,90.0,False
133,140.6786,5.8,90.0,True
134,140.6839,5.27,90.0,False
135,140.6968,4.23,90.0,False
136,140.7007,5.12,0.0,True
137,140.702,2.35,0.0,False
138,140.7549,4.81,0.0,False
139,140.826,6.73,0.0,False
140,141.0088,3.48,0.0,False
141,141.0453,5.49,0.0,True
142,141.2034,2.56,0.0,True
143,141.225,7.06,0.0,False
144,141.2964,10.31,90.0,True
145,141.3274,5.05,90.0,False
146,141.3547,3.21,0.0,False
147,141.3824,4.8,0.0,False
148,141.3829,6.35,0.0,False
149,141.3964,4.12,0.0,False
150,141.4228,4.29,90.0,False
151,141.4442,3.17,0.0,False
152,141.5231,8.69,90.0,True
153,141.5687,4.38,0.0,False
154,141.5734,6.51,0.0,False
155,141.5745,7.33,90.0,False
156,141.5865,5.6,0.0,False
157,141.6249,2.81,0.0,True
158,141.6579,3.56,90.0,False
159,141.6732,5.15,0.0,False
160,141.7282,8.47,90.0,False
161,141.7599,5.81,0.0,False
162,141.8163,5.18,0.0,False
163,141.8629,3.58,90.0,False
164,141.8739,3.58,90.0,False
165,142.0117,6.5,0.0,False
166,142.0456,4.35,0.0,False
167,142.0977,6.61,90.0,False
168,142.17,5.14,90.0,False
169,142.1725,7.45,0.0,False
170,142.1826,3.95,90.0,False
171,142.194,5.32,0.0,False
172,142.2115,7.14,0.0,False
173,142.2419,3.91,0.0,False
174,142.2453,3.6,0.0,False
175,142.4288,3.91,90.0,False
176,142.4327,2.53,90.0,False
177,142.4834,6.45,0.0,True
178,142.5269,4.79,0.0,False
179,142.5406,6.53,0.0,False
180,142.594,4.57,90.0,True
181,142.6146,4.38,0.0,False
182,142.631,5.31,0.0,False
183,142.6649,5.24,0.0,False
184,142.6886,2.05,0.0,False
185,142.6968,6.24,0.0,False
186,142.7076,3.63,90.0,False
187,142.7082,4.02,0.0,False
188,142.7654,3.49,0.0,False
189,142.7663,7.09,0.0,False
190,142.8222,3.73,0.0,False
191,142.8257,2.95,0.0,False
192,142.8785,8.28,90.0,False
193,142.9195,7.5,0.0,False
194,142.9864,3.92,0.0,False
195,143.0079,3.91,0.0,False
196,143.0325,12.54,0.0,False
197,143.0411,3.82,0.0,False
198,143.0476,3.67,90.0,True
199,143.1181,7.52,0.0,False
200,143.1253,2.67,0.0,True
201,143.1359,3.3,90.0,False
202,143.1543,6.13,0.0,False
203,143.2014,5.38,0.0,False
204,143.2055,4.46,0.0,True
205,143.2408,8.07,0.0,True
206,143.2742,3.15,0.0,True
207,143.3231,8.54,0.0,False
208,143.3315,3.37,0.0,True
209,143.3363,5.9,0.0,False
210,143.3814,8.64,0.0,False
211,143.4274,3.74,0.0,False
212,143.4527,6.78,0.0,False
213,143.4836,3.22,0.0,False
214,143.4936,6.02,0.0,False
215,143.4962,2.57,90.0,False
216,143.6074,3.25,0.0,False
217,143.6174,5.25,0.0,False
218,143.6484,2.33,90.0,True
219,143.6826,4.71,0.0,True
220,143.7013,5.13,0.0,False
221,143.7015,3.94,0.0,False
222,143.7127,12.17,0.0,False
223,143.7157,2.83,0.0,False
224,143.7441,5.62,0.0,False
225,143.7539,5.14,0.0,False
226,143.783,5.25,90.0,True
227,143.7922,6.27,90.0,False
228,143.8358,6.25,0.0,False
229,143.8609,7.73,0.0,False
230,143.8699,7.98,0.0,True
231,143.8864,6.36,90.0,False
232,143.8943,4.84,0.0,True
233,143.9093,4.22,90.0,False
234,143.9159,6.59,90.0,False
235,143.9575,6.83,38.0,False
236,143.9618,4.91,90.0,False
237,144.0111,5.74,0.0,False
238,144.0183,5.02,0.0,True
239,144.0514,6.31,0.0,False
240,144.0577,3.94,90.0,True
241,144.0811,5.3,0.0,False
242,144.155,7.03,0.0,True
243,144.1587,5.07,0.0,False
244,144.2376,7.43,90.0,True
245,144.2552,7.45,90.0,False
246,144.3108,8.36,90.0,False
247,144.3211,2.94,0.0,False
248,144.33,4.08,90.0,True
249,144.3573,5.45,0.0,False
250,144.3866,1.66,90.0,True
251,144.478,9.88,90.0,False
252,144.4949,4.4,0.0,False
253,144.5057,4.66,0.0,True
254,144.5103,2.99,0.0,True
255,144.5121,3.17,0.0,False
256,144.536,6.03,90.0,False
257,144.5775,2.13,0.0,True
258,144.579,5.49,0.0,False
259,144.5826,3.52,0.0,False
260,144.5948,5.92,0.0,True
261,144.6315,6.19,0.0,False
262,144.7306,3.79,90.0,False
263,144.7858,8.2,0.0,False
264,144.7969,5.69,90.0,False
265,144.8049,2.69,0.0,True
266,144.8109,5.02,0.0,False
267,144.8182,10.92,0.0,False
268,144.8344,5.65,0.0,True
269,144.8388,4.97,0.0,False
270,144.8428,3.85,0.0,True
271,144.8445,6.1,90.0,False
272,144.9283,5.86,0.0,False
273,144.9435,5.49,0.0,False
274,144.9721,4.51,0.0,True
275,144.9833,5.16,0.0,False
276,144.9878,4.27,0.0,False
277,144.9999,1.94,0.0,False
278,145.0486,6.78,0.0,False
279,145.064,2.17,0.0,False
280,145.0681,3.9,0.0,False
281,145.0776,5.75,0.0,True
282,145.0818,4.06,0.0,False
283,145.0997,4.54,0.0,False
284,145.1216,2.87,90.0,True
285,145.1272,4.64,0.0,True
286,145.131,2.87,0.0,False
287,145.148,3.39,0.0,False
288,145.1766,6.47,0.0,False
289,145.2226,4.58,0.0,False
290,145.2243,4.75,0.0,False
291,145.2437,6.09,0.0,False
292,145.2781,2.94,0.0,True
293,145.293,4.47,0.0,False
294,145.3107,7.71,0.0,False
295,145.3214,7.63,0.0,False
296,145.3251,10.93,0.0,True
297,145.3334,6.42,0.0,False
298,145.4197,4.41,0.0,True
299,145.4378,3.63,0.0,False
300,145.4497,6.09,0.0,False
301,145.4625,9.74,0.0,False
302,145.4643,4.12,0.0,False
303,145.5195,3.79,90.0,False
304,145.5429,5.31,90.0,False
305,145.5683,5.65,90.0,False
306,145.5838,3.51,0.0,False
307,145.6178,3.39,0.0,False
308,145.6629,4.54,0.0,False
309,145.6651,4.33,0.0,True
310,145.6779,4.76,0.0,False
311,145.7338,3.03,95.0,True
312,145.7348,3.0,90.0,False
313,145.7435,2.85,90.0,False
314,145.7542,4.52,0.0,True
315,145.7836,3.85,0.0,False
316,145.843,8.66,0.0,False
317,145.8501,4.27,0.0,False
318,145.8786,5.24,0.0,False
319,145.8812,3.17,0.0,True
320,145.9115,4.31,0.0,False
321,145.9372,13.07,0.0,True
322,145.9606,6.77,0.0,False
323,145.971,1.99,0.0,True
324,145.9885,5.79,0.0,False
325,145.9943,5.91,90.0,False
326,146.0294,3.22,90.0,True
327,146.049,5.66,90.0,False
328,146.0635,4.89,90.0,True
329,146.0726,4.32,0.0,False
330,146.0968,4.0,90.0,True
331,146.1386,5.35,0.0,False
332,146.1523,3.52,12.6667,False
333,146.1882,6.47,0.0,False
334,146.1998,6.23,0.0,False
335,146.2017,4.69,0.0,False
336,146.2347,5.14,0.0,False
337,146.304,4.66,0.0,False
338,146.3181,5.44,90.0,True
339,146.3318,5.25,0.0,False
340,146.3408,2.6,0.0,False
341,146.3409,3.25,90.0,True
342,146.3531,3.75,90.0,False
343,146.3773,5.4,90.0,False
344,146.3992,5.01,0.0,False
345,146.4126,8.87,0.0,False
346,146.4303,4.15,90.0,False
347,146.4427,3.3,0.0,False
348,146.4961,4.67,90.0,False
349,146.5157,6.31,90.0,False
350,146.5542,4.7,0.0,False
351,146.5624,7.49,0.0,False
352,146.5849,5.86,0.0,False
353,146.7118,6.72,0.0,False
354,146.7295,3.49,0.0,False
355,146.7482,4.32,0.0,True
356,146.7589,8.22,0.0,False
357,146.7698,6.76,0.0,False
358,146.77,2.89,90.0,False
359,146.7811,8.79,0.0,False
360,146.8377,7.04,0.0,True
361,146.8377,7.51,0.0,False
362,146.8534,3.18,0.0,False
363,146.8644,9.43,0.0,False
364,146.8873,6.71,0.0,True
365,146.8886,4.8,0.0,False
366,146.9273,3.0,85.0,False
367,146.9305,8.95,0.0,True
368,147.0218,5.99,0.0,False
369,147.0344,3.67,0.0,False
370,147.0554,4.62,0.0,False
371,147.076,5.64,0.0,False
372,147.0891,6.87,90.0,False
373,147.1127,4.98,0.0,False
374,147.1224,3.16,0.0,True
375,147.125,8.64,0.0,False
376,147.1325,2.33,90.0,False
377,147.1384,6.67,0.0,False
378,147.1399,5.03,0.0,False
379,147.145,3.69,0.0,False
380,147.1488,3.54,0.0,False
381,147.1712,3.98,90.0,False
382,147.196,3.69,90.0,False
383,147.2193,5.29,90.0,False
384,147.2424,6.83,0.0,False
385,147.2743,9.06,0.0,True
386,147.29,5.25,0.0,False
387,147.3014,4.34,0.0,False
388,147.3041,6.59,0.0,True
389,147.3213,6.14,0.0,True
390,147.3341,4.04,0.0,False
391,147.3638,7.53,0.0,False
392,147.3649,4.42,0.0,False
393,147.3771,10.26,90.0,False
394,147.3874,5.89,0.0,True
395,147.3889,4.99,0.0,False
396,147.3933,9.85,90.0,False
397,147.4051,9.24,0.0,False
398,147.408,6.04,0.0,False
399,147.4379,4.7,0.0,False
400,147.4665,5.21,0.0,False
401,147.4903,5.34,90.0,True
402,147.4947,7.57,0.0,False
403,147.5041,5.03,0.0,False
404,147.5136,3.97,0.0,False
405,147.5214,3.39,90.0,True
406,147.5399,6.72,0.0,False
407,147.561,2.99,0.0,False
408,147.5728,10.86,0.0,False
409,147.5841,4.3,0.0,False
410,147.6051,2.99,0.0,False
411,147.6216,6.75,0.0,False
412,147.6408,5.63,0.0,True
413,147.6509,3.19,0.0,False
414,147.6947,9.21,0.0,False
415,147.7373,6.12,0.0,False
416,147.7616,7.3,0.0,False
417,147.767,2.83,0.0,True
418,147.7717,5.17,0.0,False
419,147.8206,4.15,0.0,False
420,147.8491,4.03,0.0,True
421,147.8631,4.65,90.0,False
422,147.8811,6.2,0.0,False
423,147.9116,3.78,90.0,False
424,147.9273,4.4,0.0,False
425,147.933,4.47,90.0,True
426,147.9343,4.73,0.0,False
427,147.9343,4.45,0.0,False
428,147.9494,6.44,0.0,False
429,147.9912,3.88,0.0,False
430,148.0185,5.46,90.0,True
431,148.1001,5.3,0.0,False
432,148.1303,7.37,0.0,False
433,148.1337,5.29,90.0,False
434,148.1459,5.83,0.0,True
435,148.155,7.78,90.0,False
436,148.164,3.26,0.0,False
437,148.178,6.62,0.0,True
438,148.2118,5.33,0.0,False
439,148.2304,6.12,90.0,False
440,148.2551,10.68,0.0,False
441,148.2695,5.13,0.0,False
442,148.275,6.87,0.0,True
443,148.2792,4.88,0.0,False
444,148.287,4.67,0.0,False
445,148.3043,3.12,90.0,False
446,148.3128,5.96,0.0,True
447,148.3323,11.32,0.0,False
448,148.3552,7.1,0.0,False
449,148.365,6.31,0.0,True
450,148.4291,5.09,0.0,False
451,148.4298,2.99,0.0,True
452,148.465,6.38,0.0,False
453,148.4846,5.21,0.0,False
454,148.5709,7.03,0.0,True
455,148.5774,6.38,0.0,False
456,148.5793,4.15,90.0,False
457,148.599,3.61,0.0,False
458,148.6105,2.24,0.0,True
459,148.6516,3.13,0.0,False
460,148.7069,3.64,85.0,True
461,148.7123,4.75,90.0,True
462,148.7126,6.87,0.0,True
463,148.7379,5.13,0.0,True
464,148.7682,8.71,0.0,False
465,148.7842,7.73,0.0,False
466,148.7864,4.34,0.0,False
467,148.799,4.29,0.0,True
468,148.8212,10.94,0.0,False
469,148.8436,2.44,0.0,False
470,148.9147,5.9,0.0,True
471,148.9348,7.4,0.0,True
472,148.9408,3.24,0.0,False
473,148.9572,2.91,0.0,True
474,148.9661,6.02,0.0,False
475,148.977,4.73,0.0,False
476,149.011,3.77,0.0,False
477,149.0232,5.11,90.0,False
478,149.0327,4.5,0.0,False
479,149.0359,3.97,0.0,False
480,149.0748,3.41,90.0,False
481,149.1193,3.65,90.0,False
482,149.161,9.63,0.0,False
483,149.1618,10.31,0.0,False
484,149.1864,2.74,0.0,False
485,149.2136,5.09,0.0,False
486,149.2313,4.96,0.0,False
487,149.2329,4.9,90.0,False
488,149.2564,5.28,0.0,False
489,149.2698,5.48,90.0,True
490,149.2714,3.86,90.0,True
491,149.2966,4.68,0.0,False
492,149.3045,5.24,90.0,False
493,149.3079,4.11,0.0,False
494,149.3443,12.53,0.0,False
495,149.3517,7.74,0.0,False
496,149.3808,8.06,0.0,False
497,149.3884,2.53,0.0,False
498,149.4365,5.05,0.0,False
499,149.4494,4.24,0.0,False
500,149.477,2.5,90.0,False
501,149.5084,5.67,0.0,False
502,149.5123,4.23,0.0,False
503,149.5682,4.41,90.0,False
504,149.5817,4.85,90.0,False
505,149.5832,7.8,0.0,True
506,149.5943,6.45,0.0,False
507,149.6556,5.52,90.0,False
508,149.6802,5.22,90.0,False
509,149.7189,5.42,90.0,False
510,149.7202,2.76,12.6667,False
511,149.7895,8.13,0.0,True
512,149.8337,4.16,0.0,False
513,149.8417,5.58,0.0,True
514,149.8475,5.61,0.0,True
515,149.8884,5.93,90.0,False
516,149.89,7.76,0.0,False
517,149.8957,5.37,0.0,False
518,149.9609,5.33,90.0,False
519,149.9682,3.34,0.0,False
520,149.9702,5.97,0.0,True
521,149.9981,3.22,0.0,False
522,150.0057,2.16,0.0,False
523,150.0187,6.18,0.0,False
524,150.1097,3.87,0.0,False
525,150.1128,6.66,0.0,True
526,150.1141,5.14,0.0,False
527,150.1538,7.1,0.0,False
528,150.2369,4.49,0.0,False
529,150.2557,10.02,0.0,False
530,150.289,3.39,90.0,False
531,150.3152,4.24,0.0,False
532,150.3305,5.41,0.0,False
533,150.3364,11.97,0.0,False
534,150.3416,3.54,0.0,False
535,150.347,4.24,90.0,False
536,150.3949,3.46,0.0,False
537,150.403,4.57,0.0,False
538,150.4224,8.89,0.0,False
539,150.4382,5.73,0.0,False
540,150.4429,3.53,90.0,True
541,150.5236,6.54,0.0,False
542,150.5356,4.97,0.0,False
543,150.6008,6.15,90.0,False
544,150.6036,4.98,0.0,False
545,150.6041,4.57,0.0,False
546,150.6071,3.29,90.0,False
547,150.6565,2.96,0.0,False
548,150.6575,6.01,90.0,False
549,150.6793,3.67,90.0,False
550,150.7251,5.1,0.0,False
551,150.8002,6.21,0.0,True
552,150.878,4.29,90.0,False
553,150.8819,4.82,0.0,False
554,150.8953,4.87,19.0,False
555,150.9182,2.38,0.0,True
556,150.9459,2.89,90.0,False
557,150.97,6.48,0.0,False
558,150.987,4.54,0.0,False
559,150.9926,8.05,0.0,False
560,151.0601,5.7,0.0,False
561,151.0605,6.0,0.0,False
562,151.1024,3.34,0.0,False
563,151.1302,4.81,0.0,False
564,151.3204,11.48,0.0,False
565,151.3781,5.98,0.0,False
566,151.4127,4.12,90.0,False
567,151.4422,9.13,90.0,False
568,151.4517,2.22,0.0,False
569,151.471,8.31,0.0,True
570,151.476,7.07,0.0,True
571,151.4762,3.56,0.0,False
572,151.4897,3.4,90.0,False
573,151.5367,6.94,0.0,True
574,151.5618,2.95,0.0,False
575,151.5705,7.67,90.0,False
576,151.631,4.13,0.0,True
577,151.6516,4.75,0.0,True
578,151.6697,6.9,0.0,False
579,151.6818,7.38,0.0,False
580,151.6955,3.16,0.0,False
581,151.7627,2.97,0.0,False
582,151.7875,5.2,90.0,True
583,151.8564,4.15,90.0,False
584,151.9106,5.53,0.0,False
585,151.9688,3.72,0.0,False
586,152.0131,3.46,0.0,False
587,152.0145,3.82,90.0,True
588,152.0259,4.46,0.0,False
589,152.0496,6.27,0.0,False
590,152.0907,7.39,90.0,False
591,152.1096,7.18,90.0,False
592,152.3467,6.14,0.0,False
593,152.3888,8.84,0.0,False
594,152.4854,4.71,90.0,False
595,152.5101,6.52,0.0,True
596,152.5235,5.29,0.0,True
597,152.5943,3.54,12.6667,False
598,152.6034,5.49,0.0,True
599,152.6617,5.86,0.0,False
600,152.7446,4.05,0.0,False
601,152.832,6.54,90.0,False
602,152.8363,5.65,0.0,False
603,152.8664,8.49,0.0,False
604,152.938,4.34,0.0,False
605,153.1009,4.84,90.0,False
606,153.1213,5.47,0.0,False
607,153.1976,3.87,90.0,False
608,153.3328,4.24,0.0,False
609,153.3377,4.62,0.0,False
610,153.3574,4.55,0.0,False
611,153.4026,3.68,0.0,False
612,153.4245,8.12,90.0,False
613,153.4355,2.62,0.0,False
614,153.5447,4.38,0.0,False
615,153.5857,2.8,0.0,False
616,153.6019,8.82,0.0,False
617,153.6512,6.51,90.0,True
618,153.6794,3.88,0.0,False
619,153.7451,9.8,0.0,False
620,153.7497,2.36,90.0,True
621,153.8966,7.35,19.0,False
622,154.1005,3.23,0.0,False
623,154.1354,4.5,90.0,False
624,154.3771,6.6,0.0,False
625,154.6235,5.73,0.0,False
626,154.7593,10.06,90.0,False
627,154.8311,2.42,0.0,False
628,154.8359,6.99,90.0,True
629,154.8953,5.26,0.0,False
630,154.9371,4.61,0.0,False
631,155.104,3.54,0.0,False
632,155.146,6.07,0.0,True
633,155.3797,7.33,0.0,False
634,155.441,15.46,90.0,False
635,155.4446,3.92,0.0,False
636,155.8648,6.16,0.0,False
637,156.0488,5.59,0.0,False
638,156.062,3.41,0.0,False
639,156.1326,4.0,85.0,False
640,156.1373,4.22,0.0,False
641,156.1532,3.7,0.0,False
642,156.5533,7.39,0.0,False
643,156.7266,5.68,90.0,False
644,157.2255,4.32,0.0,False
645,157.4246,9.8,0.0,False
646,157.7658,4.98,90.0,False
647,157.7763,4.41,90.0,False
648,158.2669,10.85,0.0,False
649,158.8807,9.62,90.0,False
650,158.9863,9.2,90.0,False
651,159.3055,8.74,0.0,False
652,159.9388,10.76,90.0,False
653,160.2734,8.17,0.0,False
654,160.4149,9.98,0.0,False
655,160.7482,9.23,90.0,False
656,160.9314,9.21,0.0,False
657,160.9547,815.34,0.0,False
658,160.9571,9.74,0.0,False
659,161.4156,8.92,90.0,True
660,161.7642,8.22,0.0,False
661,162.2312,8.71,0.0,False
662,162.3285,9.28,0.0,False
663,162.3577,10.28,0.0,False
664,162.4181,8.3,0.0,False
665,162.5342,9.69,0.0,False
666,162.6272,8.94,0.0,False
667,162.6454,10.64,0.0,False
668,162.6525,881.41,0.0,False
669,162.7539,8.32,0.0,False
670,162.8441,9.53,0.0,False
671,162.8646,7.84,0.0,False
672,162.8848,9.61,0.0,False
673,162.8953,9.42,90.0,False
674,162.9446,9.56,90.0,False
675,163.0158,943.14,0.0,False
676,163.1293,10.41,0.0,True
677,163.1637,9.97,95.0,False
678,163.353,9.79,0.0,False
679,163.3659,9.45,90.0,False
680,163.3968,9.05,0.0,False
681,163.3987,10.22,0.0,False
682,163.4055,799.95,90.0,False
683,163.4806,816.56,0.0,True
684,163.6768,943.25,90.0,False
685,163.6832,10.12,0.0,True
686,163.7695,8.25,0.0,False
687,163.8,9.57,38.0,False
688,163.8148,8.8,0.0,False
689,163.8627,968.02,0.0,False
690,163.8631,946.06,0.0,False
691,163.9188,7.75,0.0,False
692,163.9472,8.19,0.0,False
693,163.9851,8.89,0.0,False
694,164.0026,9.7,0.0,False
695,164.042,10.15,0.0,False
696,164.0446,9.39,90.0,False
697,164.1065,923.82,90.0,False
698,164.2197,8.47,0.0,False
699,164.2234,9.33,0.0,False
700,164.2551,9.41,0.0,False
701,164.3038,9.71,0.0,True
702,164.327,9.25,0.0,True
703,164.4175,8.65,0.0,True
704,164.4372,10.77,90.0,False
705,164.5145,938.39,0.0,False
706,164.712,9.44,0.0,True
707,164.7207,10.16,0.0,False
708,164.7427,9.23,0.0,False
709,164.8088,9.39,0.0,True
710,164.8651,8.89,90.0,False
711,164.9525,9.07,0.0,False
712,164.9843,8.43,0.0,False
713,165.0566,8.67,0.0,False
714,165.0769,8.93,0.0,False
715,165.1301,8.32,90.0,False
716,165.1426,9.11,0.0,False
717,165.2395,10.34,0.0,False
718,165.2824,8.28,0.0,False
719,165.3124,8.53,90.0,True
720,165.3713,10.05,0.0,False
721,165.3865,8.43,19.0,True
722,165.4003,9.2,0.0,False
723,165.4248,8.43,0.0,False
724,165.4368,8.12,0.0,False
725,165.4478,8.83,0.0,False
726,165.5335,1000.99,0.0,True
727,165.6061,10.29,0.0,True
728,165.6982,9.39,0.0,True
729,165.71,9.06,0.0,False
730,165.7231,8.56,90.0,False
731,165.7577,10.24,0.0,False
732,165.9028,10.15,0.0,False
733,165.9158,8.78,0.0,False
734,165.9603,9.54,0.0,False
735,165.9637,7.91,0.0,False
736,165.9954,9.32,0.0,False
737,165.9999,8.58,90.0,False
738,166.0396,9.84,90.0,False
739,166.0455,9.76,0.0,False
740,166.0915,8.46,0.0,True
741,166.1176,10.21,0.0,False
742,166.1255,8.41,0.0,False
743,166.1376,8.47,0.0,False
744,166.1993,10.87,90.0,True
745,166.2011,9.69,90.0,False
746,166.2045,10.11,90.0,False
747,166.2049,943.48,0.0,True
748,166.2275,9.6,90.0,False
749,166.2324,10.07,0.0,True
750,166.2811,10.5,0.0,False
751,166.3088,10.02,0.0,False
752,166.3159,10.56,0.0,True
753,166.3438,8.45,0.0,False
754,166.3692,8.58,0.0,False
755,166.3877,9.13,0.0,False
756,166.4613,8.42,0.0,False
757,166.4675,10.01,0.0,False
758,166.5455,10.34,90.0,False
759,166.5724,10.03,0.0,False
760,166.5741,771.19,0.0,True
761,166.5765,9.55,0.0,False
762,166.5968,8.72,90.0,False
763,166.6143,8.89,0.0,False
764,166.6337,8.0,0.0,False
765,166.6404,10.41,0.0,False
766,166.6533,8.78,0.0,False
767,166.6826,9.67,0.0,False
768,166.686,886.56,0.0,False
769,166.7088,9.05,90.0,False
770,166.7399,9.33,0.0,True
771,166.7528,9.1,0.0,True
772,166.7538,9.74,0.0,False
773,166.8284,9.54,90.0,False
774,166.836,9.54,0.0,False
775,166.8783,9.15,0.0,False
776,166.9044,9.21,0.0,False
777,166.9308,9.53,90.0,True
778,166.9675,1011.15,90.0,False
779,166.979,10.11,90.0,False
780,167.0019,955.96,90.0,True
781,167.0134,8.14,90.0,False
782,167.0271,9.1,0.0,True
783,167.0341,9.23,0.0,False
784,167.0626,8.63,90.0,True
785,167.0871,8.03,90.0,True
786,167.0972,10.2,0.0,False
787,167.109,8.16,90.0,False
788,167.1153,8.71,0.0,True
789,167.124,9.68,0.0,True
790,167.1348,9.13,0.0,False
791,167.1426,9.19,90.0,False
792,167.1453,8.72,0.0,False
793,167.1917,901.11,90.0,True
794,167.2266,8.65,0.0,False
795,167.2313,8.54,0.0,True
796,167.2314,8.42,0.0,False
797,167.2417,9.11,0.0,False
798,167.2799,9.29,0.0,False
799,167.2894,10.29,0.0,False
800,167.3717,9.45,0.0,False
801,167.3903,9.46,90.0,False
802,167.4014,933.1,0.0,False
803,167.4161,9.77,0.0,False
804,167.4277,10.38,0.0,False
805,167.4485,8.87,0.0,False
806,167.4649,8.34,90.0,False
807,167.4715,9.62,0.0,True
808,167.4946,8.9,0.0,False
809,167.519,8.32,0.0,False
810,167.5886,8.32,90.0,False
811,167.5983,9.27,90.0,False
812,167.6192,9.75,0.0,False
813,167.6409,8.61,0.0,True
814,167.6674,10.87,0.0,False
815,167.7111,8.53,0.0,False
816,167.7166,9.34,0.0,False
817,167.7189,10.73,0.0,False
818,167.7522,9.34,90.0,False
819,167.7711,9.92,90.0,False
820,167.8284,10.05,0.0,True
821,167.8313,10.39,0.0,False
822,167.8394,7.69,0.0,False
823,167.8529,1043.53,0.0,False
824,167.8598,9.57,0.0,False
825,167.8777,8.93,0.0,False
826,167.883,8.39,0.0,False
827,167.9025,8.86,0.0,False
828,167.9419,8.28,0.0,False
829,167.9752,9.56,0.0,False
830,167.9812,9.37,0.0,True
831,167.9836,9.06,0.0,False
832,167.9914,9.72,0.0,True
833,167.9996,10.73,0.0,False
834,168.0094,9.82,0.0,False
835,168.0191,9.43,0.0,False
836,168.0229,7.73,0.0,False
837,168.0356,10.08,90.0,False
838,168.0356,990.91,0.0,False
839,168.0477,8.99,0.0,False
840,168.0682,10.32,0.0,False
841,168.0775,8.57,0.0,True
842,168.0928,8.89,0.0,False
843,168.1026,8.87,0.0,False
844,168.1138,8.8,0.0,False
845,168.1183,9.17,0.0,True
846,168.1191,8.46,0.0,False
847,168.1276,1004.45,0.0,False
848,168.1766,8.31,0.0,True
849,168.1832,9.91,0.0,False
850,168.1973,10.03,0.0,False
851,168.2074,7.21,90.0,False
852,168.2086,9.6,0.0,False
853,168.2224,9.59,90.0,False
854,168.2442,9.86,0.0,False
855,168.307,9.1,0.0,False
856,168.3373,9.89,90.0,False
857,168.3458,9.64,0.0,False
858,168.346,8.53,0.0,True
859,168.4008,9.04,0.0,True
860,168.4034,8.42,90.0,False
861,168.4383,9.14,0.0,False
862,168.4564,9.42,0.0,False
863,168.468,8.63,0.0,False
864,168.4919,8.76,90.0,False
865,168.5115,9.31,0.0,False
866,168.5244,9.35,0.0,False
867,168.5317,8.77,0.0,True
868,168.5497,10.01,90.0,False
869,168.5923,969.28,0.0,False
870,168.5942,11.91,90.0,False
871,168.6026,8.51,0.0,False
872,168.6258,921.35,0.0,False
873,168.6271,9.18,90.0,False
874,168.6551,9.63,90.0,False
875,168.6724,9.88,0.0,False
876,168.6814,9.97,0.0,True
877,168.7191,8.55,0.0,False
878,168.7313,8.2,0.0,False
879,168.7315,9.77,0.0,False
880,168.742,8.18,0.0,False
881,168.7425,9.09,0.0,False
882,168.7601,7.69,0.0,False
883,168.7721,9.38,0.0,False
884,168.7802,10.75,0.0,False
885,168.8164,9.48,90.0,False
886,168.8204,9.35,90.0,True
887,168.8315,8.45,0.0,False
888,168.8344,7.63,0.0,True
889,168.841,8.56,0.0,False
890,168.8486,8.81,0.0,False
891,168.8693,10.05,90.0,True
892,168.8794,10.65,0.0,False
893,168.893,8.63,85.0,False
894,168.9136,9.03,0.0,False
895,168.9355,8.5,90.0,False
896,168.9428,8.19,0.0,False
897,168.9691,942.96,0.0,False
898,168.9773,8.66,0.0,False
899,168.9813,8.81,0.0,True
900,168.9858,8.88,0.0,False
901,168.9874,10.16,0.0,False
902,169.0121,8.37,0.0,False
903,169.0212,9.88,0.0,False
904,169.0217,9.34,0.0,False
905,169.0822,7.79,0.0,True
906,169.096,8.39,0.0,False
907,169.1006,953.53,0.0,False
908,169.1163,9.26,0.0,False
909,169.1778,8.17,90.0,True
910,169.1839,8.34,90.0,False
911,169.19,9.63,0.0,False
912,169.1969,9.31,0.0,True
913,169.207,9.14,90.0,False
914,169.2076,866.93,0.0,False
915,169.2141,8.73,0.0,False
916,169.2237,903.98,0.0,False
917,169.229,8.83,0.0,True
918,169.2299,7.98,90.0,True
919,169.2309,9.15,0.0,False
920,169.2501,8.72,90.0,False
921,169.273,8.29,0.0,False
922,169.2829,10.04,0.0,True
923,169.2938,8.01,90.0,False
924,169.3054,9.91,90.0,True
925,169.3056,8.86,0.0,False
926,169.3168,9.31,0.0,False
927,169.3185,836.46,0.0,True
928,169.3205,8.96,90.0,True
929,169.327,913.83,0.0,False
930,169.3305,770.16,0.0,False
931,169.3406,9.32,0.0,False
932,169.3831,9.34,90.0,False
933,169.3883,9.54,90.0,False
934,169.3993,8.83,0.0,False
935,169.4151,8.15,0.0,False
936,169.4633,7.33,0.0,False
937,169.471,9.88,90.0,True
938,169.4807,9.12,0.0,False
939,169.5034,9.2,0.0,False
940,169.5592,807.86,0.0,False
941,169.653,8.24,90.0,False
942,169.6718,9.48,0.0,True
943,169.6784,11.58,0.0,False
944,169.679,9.26,0.0,False
945,169.6925,8.6,90.0,False
946,169.7026,9.01,0.0,False
947,169.7046,9.12,90.0,False
948,169.7294,8.78,0.0,False
949,169.7501,8.62,0.0,False
950,169.7657,9.14,0.0,False
951,169.7666,9.5,0.0,False
952,169.7758,993.59,0.0,False
953,169.7795,8.21,0.0,False
954,169.7944,9.59,90.0,False
955,169.7985,9.32,0.0,False
956,169.8025,9.1,0.0,True
957,169.8198,966.39,0.0,False
958,169.8473,8.97,90.0,False
959,169.8621,8.19,0.0,False
960,169.8835,9.17,0.0,False
961,169.8964,776.47,0.0,True
962,169.8992,7.76,0.0,False
963,169.9187,9.42,0.0,True
964,169.924,10.17,0.0,False
965,169.9312,8.93,90.0,True
966,169.9659,10.12,90.0,True
967,170.0025,9.31,0.0,False
968,170.0182,9.87,0.0,False
969,170.0394,7.87,0.0,False
970,170.042,837.83,0.0,False
971,170.0544,9.43,0.0,False
972,170.0655,10.22,0.0,False
973,170.0676,9.56,0.0,False
974,170.0766,10.21,0.0,False
975,170.1372,8.25,0.0,False
976,170.1452,9.01,0.0,False
977,170.152,9.62,90.0,True
978,170.1553,9.09,0.0,False
979,170.1653,764.82,0.0,False
980,170.1702,9.25,0.0,False
981,170.1815,9.7,0.0,False
982,170.1873,9.99,0.0,False
983,170.1877,10.19,90.0,True
984,170.1883,9.51,90.0,True
985,170.212,10.46,0.0,False
986,170.22,8.54,0.0,True
987,170.2317,9.27,0.0,False
988,170.2571,901.17,90.0,False
989,170.2948,10.41,0.0,False
990,170.2966,9.41,0.0,False
991,170.3146,8.84,90.0,False
992,170.3176,7.79,38.0,True
993,170.3583,7.97,0.0,False
994,170.3805,1043.01,0.0,False
995,170.3933,10.51,0.0,False
996,170.4083,9.58,0.0,False
997,170.4383,9.24,0.0,True
998,170.4764,1064.06,90.0,False
999,170.4775,9.54,90.0,True
1000,170.4956,9.51,0.0,True
1001,170.5014,9.03,85.0,False
1002,170.5169,8.82,0.0,True
1003,170.5291,9.95,90.0,False
1004,170.5466,9.08,0.0,False
1005,170.5574,10.35,0.0,True
1006,170.627,8.7,90.0,True
1007,170.6892,10.53,0.0,False
1008,170.6983,8.9,0.0,False
1009,170.7018,9.64,38.0,False
1010,170.7024,8.98,90.0,False
1011,170.7094,10.25,90.0,False
1012,170.715,8.61,0.0,False
1013,170.7159,9.93,0.0,False
1014,170.7178,8.88,0.0,True
1015,170.7193,886.96,0.0,True
1016,170.7197,951.67,0.0,False
1017,170.7278,8.22,0.0,False
1018,170.7527,10.12,90.0,False
1019,170.7589,9.11,0.0,False
1020,170.7739,8.29,90.0,False
1021,170.7843,8.18,0.0,False
1022,170.7849,9.08,0.0,False
1023,170.7866,10.99,0.0,True
1024,170.7911,10.22,95.0,False
1025,170.7937,920.31,0.0,False
1026,170.8038,9.41,0.0,False
1027,170.806,9.92,0.0,False
1028,170.8208,9.09,0.0,False
1029,170.8274,797.75,0.0,False
1030,170.8312,9.53,0.0,True
1031,170.8542,8.45,0.0,False
1032,170.8768,7.86,90.0,False
1033,170.8848,9.4,0.0,False
1034,170.8918,9.51,90.0,False
1035,170.9035,9.95,0.0,False
1036,170.9057,10.04,12.6667,True
1037,170.9117,9.96,90.0,True
1038,170.9182,10.38,0.0,False
1039,170.9356,10.16,90.0,False
1040,170.9468,9.93,0.0,False
1041,170.9546,10.54,0.0,False
1042,170.9553,9.31,0.0,True
1043,170.9613,8.45,90.0,False
1044,170.9707,936.22,0.0,False
1045,170.9771,7.39,0.0,False
1046,171.0111,10.7,0.0,False
1047,171.0253,10.48,38.0,True
1048,171.0435,874.55,0.0,True
1049,171.0512,9.62,0.0,False
1050,171.0596,10.13,90.0,False
1051,171.0725,8.16,90.0,False
1052,171.0731,910.9,0.0,False
1053,171.0891,925.51,0.0,False
1054,171.0988,7.93,0.0,False
1055,171.1019,9.35,0.0,False
1056,171.1165,9.21,0.0,False
1057,171.118,9.82,0.0,False
1058,171.1231,8.28,0.0,False
1059,171.14,9.05,0.0,False
1060,171.1481,8.41,0.0,False
1061,171.1578,8.71,19.0,True
1062,171.1726,9.06,90.0,False
1063,171.1951,9.38,0.0,False
1064,171.2333,9.29,0.0,False
1065,171.2395,844.8,0.0,False
1066,171.2554,9.44,90.0,True
1067,171.2974,912.78,0.0,False
1068,171.2998,8.53,0.0,True
1069,171.317,8.38,90.0,True
1070,171.318,9.0,0.0,True
1071,171.3228,940.8,0.0,False
1072,171.3376,9.7,0.0,True
1073,171.3385,9.53,0.0,False
1074,171.3957,862.83,0.0,False
1075,171.4191,10.24,0.0,False
1076,171.4326,9.67,0.0,False
1077,171.4856,883.27,0.0,True
1078,171.513,9.37,0.0,False
1079,171.5225,9.54,0.0,True
1080,171.528,8.6,90.0,False
1081,171.5345,7.99,90.0,False
1082,171.5397,9.77,0.0,False
1083,171.5446,9.71,19.0,False
1084,171.5845,10.24,0.0,False
1085,171.6069,8.88,0.0,True
1086,171.6081,8.05,90.0,False
1087,171.6126,9.11,0.0,True
1088,171.626,8.27,0.0,False
1089,171.6401,9.67,90.0,False
1090,171.6403,9.82,0.0,False
1091,171.6505,8.4,90.0,False
1092,171.6589,9.68,90.0,True
1093,171.6826,873.68,90.0,False
1094,171.7019,8.54,0.0,False
1095,171.7234,9.56,0.0,False
1096,171.7312,8.59,90.0,False
1097,171.7354,8.65,85.0,True
1098,171.7407,898.46,0.0,False
1099,171.7803,1052.28,0.0,False
1100,171.7929,8.95,0.0,False
1101,171.7957,9.21,0.0,False
1102,171.8007,10.02,90.0,False
1103,171.8009,10.02,0.0,True
1104,171.812,10.18,0.0,False
1105,171.8416,8.55,90.0,False
1106,171.8753,9.06,0.0,False
1107,171.8814,7.72,0.0,False
1108,171.8918,9.96,0.0,False
1109,171.9001,7.46,0.0,False
1110,171.9048,9.09,0.0,True
1111,171.9105,9.43,0.0,False
1112,171.9407,9.86,0.0,False
1113,171.9427,9.46,90.0,True
1114,171.9473,8.57,0.0,False
1115,171.9477,11.02,0.0,False
1116,171.9491,9.02,85.0,False
1117,171.9537,11.12,0.0,True
1118,171.9628,10.38,0.0,False
1119,171.9728,9.33,90.0,True
1120,171.9857,9.49,0.0,False
1121,171.9941,11.27,90.0,False
1122,171.9987,814.94,0.0,True
1123,172.0099,8.07,90.0,False
1124,172.0426,8.52,90.0,False
1125,172.0451,1004.48,0.0,False
1126,172.0539,11.07,0.0,False
1127,172.0723,8.19,0.0,False
1128,172.0723,8.43,0.0,False
1129,172.0802,11.1,0.0,True
1130,172.1222,9.43,0.0,False
1131,172.1298,9.52,0.0,False
1132,172.1337,9.1,0.0,False
1133,172.1541,10.34,0.0,False
1134,172.1635,9.85,0.0,False
1135,172.1678,9.51,90.0,False
1136,172.1881,897.72,90.0,True
1137,172.1893,8.75,90.0,False
1138,172.1937,9.06,0.0,False
1139,172.1998,9.83,85.0,False
1140,172.2099,854.13,0.0,False
1141,172.215,964.37,90.0,False
1142,172.2171,8.91,0.0,False
1143,172.2222,9.73,90.0,False
1144,172.2243,9.08,0.0,False
1145,172.2345,885.65,90.0,False
1146,172.2399,9.15,0.0,True
1147,172.243,9.5,90.0,False
1148,172.2494,9.16,90.0,False
1149,172.2604,8.63,0.0,False
1150,172.2738,8.76,0.0,False
1151,172.2823,7.72,0.0,False
1152,172.2899,9.5,0.0,False
1153,172.291,9.1,12.6667,False
1154,172.2983,8.43,0.0,False
1155,172.3063,7.98,0.0,False
1156,172.3499,9.18,0.0,True
1157,172.3523,8.21,0.0,False
1158,172.3528,9.42,0.0,False
1159,172.3672,8.03,85.0,True
1160,172.3747,9.07,90.0,False
1161,172.388,925.6,90.0,False
1162,172.4006,8.34,0.0,False
1163,172.4235,9.56,0.0,False
1164,172.428,10.29,0.0,False
1165,172.443,8.52,0.0,True
1166,172.4706,8.32,0.0,True
1167,172.4774,820.67,0.0,True
1168,172.4856,10.7,0.0,False
1169,172.4895,8.48,0.0,False
1170,172.5023,8.57,0.0,False
1171,172.5074,8.36,90.0,False
1172,172.5492,10.98,90.0,False
1173,172.5493,9.58,0.0,False
1174,172.6019,9.3,0.0,False
1175,172.6209,10.48,0.0,False
1176,172.6428,10.61,0.0,False
1177,172.6526,7.46,0.0,False
1178,172.6573,8.24,0.0,False
1179,172.6878,9.08,0.0,False
1180,172.6911,7.88,0.0,False
1181,172.7128,10.27,0.0,False
1182,172.7369,9.31,90.0,False
1183,172.7388,9.36,0.0,False
1184,172.7406,1004.2,12.6667,False
1185,172.7425,9.28,0.0,False
1186,172.7605,7.79,0.0,True
1187,172.7879,10.34,0.0,False
1188,172.7953,10.11,50.6667,False
1189,172.814,11.1,0.0,True
1190,172.816,1015.08,0.0,False
1191,172.8173,9.31,90.0,True
1192,172.8395,9.83,0.0,False
1193,172.8484,893.6,90.0,True
1194,172.8667,8.44,90.0,True
1195,172.8704,10.01,85.0,False
1196,172.8747,8.59,90.0,False
1197,172.8859,8.86,90.0,False
1198,172.8948,8.79,0.0,True
1199,172.897,10.36,0.0,False
1200,172.8998,7.2,0.0,False
1201,172.9314,799.62,0.0,False
1202,172.9366,9.11,0.0,False
1203,172.9891,9.35,90.0,True
1204,172.9958,823.96,0.0,False
1205,172.9967,7.72,0.0,False
1206,172.9982,9.29,0.0,False
1207,173.0168,8.21,90.0,False
1208,173.0215,9.27,0.0,False
1209,173.0235,9.56,0.0,False
1210,173.0283,8.99,0.0,True
1211,173.0617,8.72,90.0,False
1212,173.1133,8.93,0.0,False
1213,173.1404,8.89,0.0,True
1214,173.1685,8.97,0.0,True
1215,173.1777,8.11,0.0,False
1216,173.186,9.52,0.0,False
1217,173.2327,9.05,0.0,False
1218,173.2473,9.28,0.0,False
1219,173.2703,8.92,0.0,False
1220,173.2743,8.86,0.0,False
1221,173.2855,10.33,0.0,True
1222,173.3079,8.31,0.0,False
1223,173.3118,8.78,0.0,False
1224,173.314,868.84,0.0,False
1225,173.3169,7.92,0.0,False
1226,173.3266,8.17,0.0,False
1227,173.3292,1047.66,0.0,True
1228,173.3361,9.05,0.0,False
1229,173.3383,9.5,90.0,False
1230,173.3503,8.27,0.0,False
1231,173.3563,8.92,0.0,True
1232,173.3908,9.72,0.0,True
1233,173.3921,1000.55,0.0,True
1234,173.3958,8.37,0.0,False
1235,173.3972,8.52,0.0,False
1236,173.4038,8.76,12.6667,False
1237,173.4086,8.8,0.0,True
1238,173.4442,9.63,0.0,False
1239,173.4555,951.29,0.0,False
1240,173.464,9.34,0.0,False
1241,173.4782,9.09,0.0,False
1242,173.4794,9.01,0.0,False
1243,173.4898,9.07,0.0,False
1244,173.4932,7.57,90.0,False
1245,173.4942,10.12,0.0,False
1246,173.5054,9.97,0.0,False
1247,173.5063,7.25,0.0,False
1248,173.5121,9.57,19.0,True
1249,173.5225,8.41,0.0,True
1250,173.5247,8.37,0.0,False
1251,173.5305,10.16,0.0,False
1252,173.5442,9.09,0.0,False
1253,173.5449,8.78,90.0,False
1254,173.5494,994.6,0.0,False
1255,173.5548,8.99,0.0,False
1256,173.5664,9.15,0.0,False
1257,173.5702,9.93,90.0,True
1258,173.5732,10.05,0.0,False
1259,173.5762,9.34,0.0,False
1260,173.5882,9.19,90.0,False
1261,173.6054,1050.51,12.6667,False
1262,173.615,892.67,0.0,False
1263,173.6168,7.87,0.0,False
1264,173.6243,9.01,90.0,True
1265,173.6311,8.87,0.0,False
1266,173.6513,9.11,0.0,False
1267,173.6535,8.65,0.0,False
1268,173.6543,8.7,0.0,False
1269,173.6726,8.06,0.0,True
1270,173.6815,7.83,0.0,False
1271,173.6992,8.6,90.0,False
1272,173.7083,879.16,90.0,False
1273,173.7083,8.48,0.0,False
1274,173.7088,8.78,0.0,False
1275,173.7132,809.59,0.0,True
1276,173.7155,7.66,0.0,False
1277,173.7307,8.86,90.0,False
1278,173.7311,8.36,0.0,False
1279,173.7423,9.64,0.0,False
1280,173.7486,9.87,0.0,False
1281,173.7544,932.78,0.0,False
1282,173.796,9.41,90.0,False
1283,173.7966,9.02,0.0,False
1284,173.8364,953.83,90.0,True
1285,173.8416,9.0,90.0,False
1286,173.8633,7.92,0.0,False
1287,173.867,10.01,0.0,False
1288,173.8702,8.07,0.0,False
1289,173.899,9.43,0.0,False
1290,173.9086,8.96,0.0,False
1291,173.9202,9.29,0.0,True
1292,173.9581,8.64,0.0,False
1293,173.9671,9.4,90.0,True
1294,173.9753,9.86,0.0,False
1295,173.9882,8.6,0.0,False
1296,174.0032,9.27,0.0,False
1297,174.0303,9.11,0.0,False
1298,174.0516,9.48,0.0,False
1299,174.0559,10.75,0.0,False
1300,174.0629,8.93,0.0,False
1301,174.0726,9.17,0.0,False
1302,174.1004,9.38,90.0,False
1303,174.1116,909.68,0.0,False
1304,174.1168,8.96,0.0,True
1305,174.1228,8.36,0.0,False
1306,174.1263,10.89,0.0,False
1307,174.1266,7.69,0.0,True
1308,174.1415,9.69,0.0,False
1309,174.1466,864.68,0.0,False
1310,174.1517,8.86,0.0,False
1311,174.1564,9.06,0.0,False
1312,174.1623,7.87,90.0,True
1313,174.1661,883.02,0.0,False
1314,174.1665,8.71,0.0,False
1315,174.1684,9.42,0.0,True
1316,174.1726,8.5,0.0,False
1317,174.2014,9.28,0.0,False
1318,174.2096,8.47,0.0,True
1319,174.2179,9.11,90.0,False
1320,174.2345,10.94,0.0,False
1321,174.2433,10.26,0.0,False
1322,174.2458,7.67,0.0,False
1323,174.2465,9.6,0.0,True
1324,174.2842,10.91,90.0,False
1325,174.2882,8.74,0.0,False
1326,174.3066,9.17,0.0,False
1327,174.3263,9.1,0.0,False
1328,174.3497,10.51,90.0,False
1329,174.3533,1006.03,0.0,True
1330,174.3545,8.96,0.0,False
1331,174.3613,9.5,0.0,False
1332,174.3661,9.46,90.0,True
1333,174.3825,9.97,0.0,False
1334,174.394,9.88,0.0,False
1335,174.4094,8.58,0.0,False
1336,174.4367,8.91,0.0,False
1337,174.439,9.31,0.0,False
1338,174.4396,8.31,38.0,False
1339,174.4798,9.6,0.0,True
1340,174.4829,991.19,0.0,False
1341,174.5033,8.16,0.0,False
1342,174.5151,10.09,0.0,False
1343,174.537,8.79,0.0,False
1344,174.5726,8.99,0.0,False
1345,174.6121,8.48,90.0,False
1346,174.6203,7.44,0.0,False
1347,174.6269,1057.86,0.0,True
1348,174.6297,8.99,0.0,False
1349,174.636,8.45,0.0,False
1350,174.6479,9.59,0.0,False
1351,174.6494,8.9,0.0,False
1352,174.6544,8.92,0.0,False
1353,174.6546,737.22,0.0,False
1354,174.6563,9.51,90.0,False
1355,174.6673,9.3,0.0,False
1356,174.6679,10.3,0.0,False
1357,174.6727,9.4,90.0,True
1358,174.6864,773.89,0.0,False
1359,174.6982,9.81,0.0,False
1360,174.7039,8.57,90.0,False
1361,174.7102,9.58,90.0,False
1362,174.729,9.78,0.0,True
1363,174.7369,852.5,0.0,True
1364,174.7426,8.67,90.0,False
1365,174.7453,9.5,90.0,True
1366,174.7551,716.27,0.0,False
1367,174.7634,8.66,0.0,False
1368,174.7662,873.09,0.0,False
1369,174.7674,9.43,0.0,False
1370,174.7727,779.85,90.0,False
1371,174.7756,9.73,0.0,True
1372,174.7863,864.9,90.0,False
1373,174.7976,8.73,0.0,False
1374,174.8065,9.44,0.0,False
1375,174.8082,9.72,0.0,False
1376,174.8181,8.58,0.0,False
1377,174.8285,8.63,19.0,True
1378,174.8374,8.46,0.0,False
1379,174.8476,10.82,0.0,False
1380,174.8641,1014.44,0.0,False
1381,174.8711,10.86,90.0,False
1382,174.8762,7.72,90.0,False
1383,174.8802,872.18,0.0,False
1384,174.8882,9.45,0.0,True
1385,174.8894,9.14,0.0,False
1386,174.9152,9.5,90.0,True
1387,174.9464,9.81,0.0,False
1388,174.9636,854.37,0.0,False
1389,174.9646,9.33,0.0,False
1390,174.9751,8.15,0.0,False
1391,174.987,8.64,90.0,False
1392,174.9902,9.5,90.0,True
1393,175.006,8.93,0.0,True
1394,175.0178,9.21,50.6667,False
1395,175.018,9.32,0.0,False
1396,175.0312,9.56,0.0,False
1397,175.033,8.34,0.0,True
1398,175.0343,10.06,0.0,False
1399,175.059,9.95,0.0,False
1400,175.0689,8.52,90.0,False
1401,175.0768,9.87,0.0,True
1402,175.0784,9.52,0.0,False
1403,175.0846,8.79,12.6667,False
1404,175.105,7.91,0.0,False
1405,175.109,8.66,0.0,True
1406,175.1095,8.76,0.0,False
1407,175.1554,8.71,90.0,False
1408,175.1618,8.34,0.0,False
1409,175.1755,10.52,90.0,False
1410,175.1818,8.32,0.0,False
1411,175.2321,9.46,0.0,False
1412,175.2438,9.76,90.0,False
1413,175.2482,845.05,0.0,True
1414,175.2543,878.63,0.0,False
1415,175.2548,10.84,0.0,False
1416,175.2591,9.21,0.0,False
1417,175.3251,8.63,90.0,True
1418,175.3329,9.99,90.0,False
1419,175.3364,9.47,0.0,True
1420,175.3435,9.53,0.0,False
1421,175.3453,919.28,0.0,False
1422,175.3516,8.24,0.0,True
1423,175.3532,9.49,0.0,False
1424,175.3804,919.03,0.0,False
1425,175.3931,8.12,0.0,False
1426,175.3939,10.26,0.0,True
1427,175.3977,889.54,0.0,False
1428,175.4088,9.71,0.0,False
1429,175.41,8.6,0.0,False
1430,175.4301,8.85,0.0,False
1431,175.4344,8.94,90.0,False
1432,175.4401,8.76,0.0,True
1433,175.4584,9.04,0.0,False
1434,175.4896,9.74,90.0,False
1435,175.4904,8.39,0.0,False
1436,175.4945,9.32,0.0,False
1437,175.5139,8.89,0.0,False
1438,175.5231,877.47,90.0,False
1439,175.6318,8.82,90.0,False
1440,175.6569,8.25,38.0,False
1441,175.6657,9.13,90.0,False
1442,175.6937,9.4,0.0,False
1443,175.7336,9.63,90.0,True
1444,175.7793,8.74,0.0,False
1445,175.7804,9.01,0.0,False
1446,175.7827,9.51,0.0,False
1447,175.8114,9.97,0.0,False
1448,175.8462,9.89,90.0,False
1449,175.8463,10.2,0.0,False
1450,175.861,9.85,0.0,False
1451,175.8844,7.88,0.0,True
1452,175.911,855.82,90.0,False
1453,175.9117,8.46,0.0,False
1454,175.9117,8.37,0.0,False
1455,175.9227,8.67,0.0,False
1456,175.9236,9.37,0.0,False
1457,175.9272,9.45,0.0,False
1458,175.9486,10.47,0.0,False
1459,175.9738,8.07,0.0,False
1460,175.9949,9.02,0.0,False
1461,176.0032,9.78,90.0,True
1462,176.005,9.94,90.0,False
1463,176.0139,922.9,0.0,False
1464,176.0446,9.29,90.0,False
1465,176.0462,9.5,0.0,False
1466,176.0928,9.79,0.0,True
1467,176.1081,9.97,0.0,True
1468,176.1127,9.73,38.0,False
1469,176.1317,952.93,90.0,False
1470,176.153,9.75,0.0,False
1471,176.1799,8.02,0.0,False
1472,176.1855,9.32,90.0,False
1473,176.2156,10.2,0.0,False
1474,176.226,1041.47,90.0,False
1475,176.2313,9.1,90.0,False
1476,176.2463,8.86,0.0,False
1477,176.255,9.79,0.0,False
1478,176.2689,9.89,0.0,False
1479,176.2834,10.17,90.0,False
1480,176.2986,821.18,0.0,False
1481,176.3027,8.01,0.0,False
1482,176.3183,10.12,90.0,False
1483,176.3314,8.66,0.0,False
1484,176.3349,9.64,0.0,False
1485,176.3383,9.63,0.0,True
1486,176.3833,12.0,0.0,False
1487,176.4254,8.16,0.0,False
1488,176.4662,8.86,0.0,False
1489,176.4883,10.09,0.0,False
1490,176.5102,9.45,90.0,False
1491,176.5249,9.03,0.0,True
1492,176.5482,9.55,0.0,False
1493,176.5574,10.67,95.0,True
1494,176.5788,9.52,0.0,False
1495,176.601,9.82,0.0,False
1496,176.6069,11.07,90.0,False
1497,176.6128,7.95,0.0,False
1498,176.6353,946.47,0.0,False
1499,176.6487,9.29,90.0,False
1500,176.6766,827.05,0.0,False
1501,176.6882,9.39,0.0,False
1502,176.7052,9.11,90.0,True
1503,176.708,8.45,0.0,True
1504,176.7549,9.23,0.0,False
1505,176.7554,8.57,85.0,False
1506,176.7749,10.77,12.6667,False
1507,176.7888,8.74,90.0,False
1508,176.7982,9.46,90.0,False
1509,176.8268,8.1,90.0,False
1510,176.8341,9.33,0.0,False
1511,176.8525,8.48,0.0,False
1512,176.856,8.86,90.0,False
1513,176.8604,8.64,0.0,False
1514,176.8875,8.87,0.0,False
1515,176.9045,8.05,0.0,False
1516,176.9489,9.53,0.0,False
1517,176.9503,10.9,90.0,True
1518,177.0381,8.6,0.0,False
1519,177.0414,8.36,0.0,False
1520,177.0639,9.77,0.0,True
1521,177.1188,8.76,0.0,False
1522,177.1208,8.64,0.0,False
1523,177.128,991.77,90.0,False
1524,177.1522,9.72,0.0,True
1525,177.1601,9.71,0.0,False
1526,177.1691,9.63,0.0,False
1527,177.177,9.33,0.0,True
1528,177.2397,8.72,0.0,False
1529,177.2515,9.19,90.0,False
1530,177.2543,8.83,12.6667,False
1531,177.2565,8.68,0.0,False
1532,177.335,8.5,0.0,True
1533,177.3375,9.55,0.0,False
1534,177.3634,9.36,0.0,False
1535,177.3643,10.17,90.0,False
1536,177.3893,8.4,0.0,False
1537,177.3908,8.63,0.0,False
1538,177.4003,8.88,90.0,False
1539,177.4152,8.75,90.0,False
1540,177.4664,8.34,38.0,True
1541,177.4826,10.78,0.0,False
1542,177.4943,9.52,0.0,True
1543,177.5254,8.26,90.0,False
1544,177.5519,926.28,0.0,True
1545,177.5848,856.0,0.0,True
1546,177.6096,9.31,0.0,False
1547,177.6255,9.23,0.0,False
1548,177.629,9.32,90.0,False
1549,177.6319,8.45,0.0,False
1550,177.6443,9.01,0.0,False
1551,177.6564,9.27,0.0,False
1552,177.6622,9.31,90.0,False
1553,177.6773,9.42,0.0,False
1554,177.6838,9.2,0.0,False
1555,177.6878,932.2,0.0,True
1556,177.7052,9.14,0.0,True
1557,177.7412,8.88,0.0,True
1558,177.7731,8.24,85.0,False
1559,177.783,10.12,0.0,False
1560,177.8298,8.92,90.0,False
1561,177.8322,8.87,0.0,False
1562,177.8442,9.59,0.0,True
1563,177.8537,8.78,0.0,False
1564,177.9051,9.46,0.0,False
1565,177.9287,9.43,0.0,False
1566,178.0014,9.19,0.0,True
1567,178.0443,8.7,0.0,False
1568,178.0779,10.56,0.0,False
1569,178.0794,812.05,0.0,False
1570,178.1037,870.26,0.0,False
1571,178.156,10.12,0.0,True
1572,178.1631,7.79,90.0,False
1573,178.168,9.78,0.0,True
1574,178.2051,8.9,0.0,False
1575,178.211,8.45,0.0,False
1576,178.2185,11.08,0.0,False
1577,178.2337,9.18,0.0,False
1578,178.2517,8.2,0.0,True
1579,178.2571,8.9,0.0,False
1580,178.258,9.63,0.0,False
1581,178.262,9.37,0.0,True
1582,178.2707,9.41,0.0,False
1583,178.2715,8.57,0.0,False
1584,178.2832,859.5,90.0,False
1585,178.2973,877.31,0.0,False
1586,178.2986,901.19,0.0,False
1587,178.3817,9.12,0.0,False
1588,178.3853,962.6,0.0,False
1589,178.394,9.56,0.0,True
1590,178.4335,8.26,0.0,False
1591,178.4372,9.54,90.0,False
1592,178.4382,8.03,0.0,False
1593,178.4731,8.87,90.0,False
1594,178.4822,8.95,0.0,False
1595,178.5289,9.92,12.6667,False
1596,178.5294,9.52,0.0,False
1597,178.5446,9.79,0.0,True
1598,178.5746,8.56,0.0,False
1599,178.6506,9.99,0.0,False
1600,178.658,8.5,0.0,False
1601,178.6669,821.31,0.0,False
1602,178.6669,10.24,0.0,False
1603,178.6697,951.39,90.0,True
1604,178.67,10.11,0.0,False
1605,178.7223,8.56,0.0,False
1606,178.7478,8.46,0.0,False
1607,178.7817,8.8,90.0,False
1608,178.7828,8.12,90.0,False
1609,178.8226,11.29,25.3333,False
1610,178.8523,776.46,0.0,True
1611,178.8859,9.28,90.0,False
1612,178.9009,9.84,0.0,False
1613,178.91,9.29,90.0,False
1614,178.9136,10.13,0.0,False
1615,178.9836,8.56,0.0,False
1616,179.0117,9.06,0.0,True
1617,179.027,8.65,90.0,False
1618,179.0604,9.21,0.0,True
1619,179.0979,8.48,90.0,False
1620,179.1259,9.02,95.0,True
1621,179.1637,10.87,0.0,False
1622,179.1723,10.73,0.0,True
1623,179.2057,8.08,0.0,False
1624,179.2345,9.13,0.0,False
1625,179.3236,9.87,0.0,False
1626,179.3721,9.85,90.0,False
1627,179.4073,11.63,90.0,True
1628,179.4589,9.31,0.0,True
1629,179.4759,8.73,0.0,True
1630,179.4762,10.5,0.0,True
1631,179.4838,10.16,0.0,False
1632,179.5289,9.15,90.0,False
1633,179.5493,8.41,0.0,False
1634,179.6554,8.63,0.0,False
1635,179.6828,927.63,0.0,False
1636,179.6945,10.57,0.0,False
1637,179.7227,8.89,90.0,False
1638,179.8159,7.85,0.0,False
1639,179.8384,8.55,90.0,False
1640,179.8486,8.83,0.0,False
1641,180.1233,10.02,0.0,True
1642,180.129,8.9,0.0,False
1643,180.1325,9.83,0.0,False
1644,180.1507,9.5,0.0,False
1645,180.1699,9.19,0.0,True
1646,180.2181,8.32,0.0,False
1647,180.2463,7.65,0.0,False
1648,180.3106,8.73,0.0,False
1649,180.3139,8.19,90.0,False
1650,180.3266,845.31,0.0,True
1651,180.3677,9.78,0.0,False
1652,180.3807,10.27,0.0,False
1653,180.4094,894.23,0.0,False
1654,180.4289,8.14,0.0,False
1655,180.4373,975.83,0.0,False
1656,180.4929,8.08,0.0,False
1657,180.5015,9.12,0.0,False
1658,180.536,9.23,90.0,False
1659,180.6269,9.28,90.0,False
1660,180.6431,912.53,0.0,False
1661,180.6588,850.5,0.0,False
1662,180.6619,8.56,85.0,False
1663,180.7036,9.57,0.0,False
1664,180.8098,1060.61,0.0,True
1665,180.8112,882.56,90.0,False
1666,180.9052,941.27,0.0,False
1667,180.9232,846.55,90.0,True
1668,180.9347,10.32,0.0,False
1669,181.0316,7.85,0.0,False
1670,181.1,8.51,0.0,True
1671,181.151,9.05,0.0,False
1672,181.2021,923.98,0.0,False
1673,181.2564,9.65,90.0,False
1674,181.3781,10.53,90.0,False
1675,181.3884,7.94,0.0,False
1676,181.4608,792.4,0.0,False
1677,181.5424,7.52,0.0,False
1678,181.5746,10.46,90.0,True
1679,181.5768,8.6,0.0,False
1680,181.641,10.63,0.0,False
1681,181.6831,9.93,0.0,False
1682,181.6975,8.87,0.0,False
1683,181.7526,7.7,0.0,False
1684,181.7811,8.63,0.0,False
1685,181.8377,10.46,90.0,False
1686,181.9284,8.96,0.0,False
1687,182.0178,10.8,0.0,False
1688,182.077,947.49,0.0,True
1689,182.1293,9.57,0.0,False
1690,182.2553,8.2,0.0,True
1691,182.2778,8.58,0.0,False
1692,182.2917,9.23,0.0,True
1693,182.3065,8.25,0.0,True
1694,182.3767,8.78,0.0,False
1695,182.4065,875.92,0.0,False
1696,182.462,8.3,0.0,False
1697,182.5081,8.59,0.0,False
1698,182.6441,7.65,90.0,False
1699,182.7232,962.39,0.0,True
1700,182.8335,7.91,0.0,True
1701,182.8565,9.19,0.0,False
1702,182.8756,881.19,90.0,False
1703,182.9066,827.79,0.0,False
1704,182.923,9.22,0.0,False
1705,182.9282,958.78,90.0,False
1706,183.0306,1010.99,0.0,False
1707,183.0346,936.99,0.0,False
1708,183.0567,9.03,0.0,False
1709,183.0817,872.05,0.0,False
1710,183.2181,894.24,90.0,False
1711,183.3194,806.83,0.0,False
1712,183.3338,10.97,0.0,False
1713,183.3384,9.83,0.0,True
1714,183.3469,805.63,90.0,True
1715,183.3817,8.44,0.0,False
1716,183.4679,856.35,0.0,False
1717,183.4851,8.26,90.0,False
1718,183.5052,9.0,0.0,True
1719,183.5622,8.49,0.0,True
1720,183.6421,914.89,0.0,False
1721,183.6549,992.19,90.0,False
1722,183.7507,811.18,0.0,False
1723,183.8813,844.8,0.0,False
1724,183.9763,913.74,0.0,True
1725,184.0332,1060.9,0.0,False
1726,184.0488,826.53,0.0,False
1727,184.2144,1091.36,90.0,True
1728,184.2252,807.09,0.0,False
1729,184.2498,1079.61,0.0,True
1730,184.2527,996.32,0.0,False
1731,184.2894,929.85,90.0,False
1732,184.3387,9.06,0.0,True
1733,184.3732,807.76,0.0,False
1734,184.4018,841.72,0.0,False
1735,184.426,965.27,90.0,False
1736,184.4627,10.47,0.0,False
1737,184.5251,911.98,90.0,True
1738,184.5789,839.58,0.0,False
1739,184.5979,954.09,90.0,True
1740,184.6017,899.76,90.0,False
1741,184.6453,760.1,0.0,False
1742,184.7826,890.15,0.0,False
1743,184.8042,912.87,0.0,True
1744,184.8643,1002.7,0.0,False
1745,184.9178,766.42,90.0,False
1746,184.933,868.77,0.0,True
1747,184.9342,848.22,90.0,False
1748,184.9767,870.16,0.0,False
1749,185.0659,930.62,0.0,True
1750,185.0661,824.71,0.0,False
1751,185.1206,885.78,90.0,False
1752,185.1766,957.08,90.0,False
1753,185.221,990.42,90.0,False
1754,185.2417,939.65,90.0,False
1755,185.2704,967.84,0.0,False
1756,185.2954,1028.11,90.0,False
1757,185.3204,964.24,0.0,True
1758,185.3239,909.34,0.0,False
1759,185.3241,957.42,0.0,False
1760,185.3444,939.58,0.0,False
1761,185.3564,852.46,0.0,False
1762,185.4136,838.34,0.0,False
1763,185.4234,913.43,90.0,False
1764,185.4322,945.04,0.0,False
1765,185.5393,797.13,0.0,False
1766,185.6119,1027.06,0.0,False
1767,185.6399,870.73,90.0,False
1768,185.6407,1088.01,0.0,False
1769,185.698,837.68,0.0,False
1770,185.7321,944.9,90.0,False
1771,185.7506,850.02,90.0,False
1772,185.7852,964.07,90.0,False
1773,185.8562,911.75,0.0,True
1774,185.8877,9.8,90.0,True
1775,185.8917,1010.48,0.0,False
1776,185.9037,859.85,0.0,False
1777,185.9112,973.51,90.0,False
1778,185.9151,845.36,0.0,False
1779,185.9399,818.04,0.0,True
1780,185.9431,915.9,0.0,True
1781,185.9652,841.59,0.0,False
1782,185.9969,889.06,57.0,False
1783,186.0015,932.53,0.0,False
1784,186.0257,864.32,0.0,False
1785,186.0372,967.67,0.0,True
1786,186.0761,913.18,0.0,False
1787,186.0849,905.79,90.0,False
1788,186.091,855.07,0.0,False
1789,186.1088,925.77,0.0,True
1790,186.138,798.63,0.0,True
1791,186.1404,9.72,0.0,False
1792,186.1909,890.58,90.0,False
1793,186.2842,845.28,0.0,False
1794,186.3324,952.79,0.0,False
1795,186.3348,867.81,0.0,False
1796,186.3477,870.25,19.0,False
1797,186.3508,1059.05,0.0,False
1798,186.4018,923.49,0.0,False
1799,186.4166,790.59,0.0,False
1800,186.4172,802.37,90.0,False
1801,186.5072,865.46,0.0,False
1802,186.509,807.16,0.0,False
1803,186.521,1254.67,0.0,False
1804,186.5459,984.7,0.0,True
1805,186.5578,983.63,0.0,True
1806,186.5771,893.74,0.0,False
1807,186.5883,765.51,0.0,True
1808,186.5938,866.44,0.0,False
1809,186.6681,1175.83,90.0,False
1810,186.6753,904.05,0.0,True
1811,186.7147,883.15,0.0,False
1812,186.7593,916.65,0.0,True
1813,186.7739,863.42,0.0,False
1814,186.7814,1010.99,0.0,False
1815,186.7941,884.12,90.0,False
1816,186.8376,928.11,0.0,False
1817,186.841,782.42,0.0,False
1818,186.8551,1030.22,0.0,False
1819,186.8704,1010.08,0.0,False
1820,186.8804,999.7,0.0,False
1821,186.8818,939.19,0.0,False
1822,186.8847,808.83,0.0,False
1823,186.8952,793.73,90.0,False
1824,186.9306,917.48,0.0,False
1825,186.9647,924.72,90.0,False
1826,187.0215,783.73,12.6667,False
1827,187.029,902.75,0.0,False
1828,187.0685,947.56,0.0,False
1829,187.0858,1098.79,90.0,False
1830,187.0958,905.64,90.0,True
1831,187.1322,849.18,0.0,False
1832,187.1388,950.26,0.0,False
1833,187.1506,904.46,0.0,False
1834,187.172,1025.81,0.0,True
1835,187.1763,972.4,0.0,False
1836,187.2044,857.93,0.0,False
1837,187.2249,888.34,90.0,False
1838,187.2548,898.58,0.0,False
1839,187.297,977.97,0.0,False
1840,187.3068,889.5,0.0,False
1841,187.31,915.87,0.0,False
1842,187.3218,847.87,0.0,False
1843,187.3257,1045.37,90.0,False
1844,187.3484,881.89,0.0,False
1845,187.3594,842.99,0.0,False
1846,187.3851,900.03,0.0,False
1847,187.3869,812.54,0.0,False
1848,187.417,1028.29,0.0,False
1849,187.4241,1037.48,63.3333,False
1850,187.4305,927.03,0.0,False
1851,187.4368,933.3,0.0,False
1852,187.4487,848.05,0.0,False
1853,187.4542,969.82,0.0,False
1854,187.4632,906.68,0.0,False
1855,187.4719,926.14,0.0,False
1856,187.4741,8.72,0.0,False
1857,187.4985,902.81,0.0,False
1858,187.4992,1032.85,90.0,False
1859,187.5211,870.85,0.0,False
1860,187.5406,911.95,0.0,False
1861,187.5552,809.01,0.0,False
1862,187.5565,962.08,90.0,False
1863,187.5639,976.98,0.0,False
1864,187.5901,999.63,0.0,False
1865,187.6081,900.94,90.0,False
1866,187.6098,906.44,0.0,False
1867,187.6245,973.77,0.0,True
1868,187.6273,1027.89,90.0,False
1869,187.628,912.72,90.0,False
1870,187.6479,886.55,0.0,False
1871,187.6627,864.26,0.0,True
1872,187.6777,925.5,63.3333,True
1873,187.6878,956.28,90.0,False
1874,187.6973,935.05,90.0,False
1875,187.7163,1017.47,0.0,False
1876,187.7821,983.92,90.0,False
1877,187.8203,937.35,0.0,False
1878,187.8254,907.34,0.0,True
1879,187.8368,952.81,90.0,False
1880,187.8402,884.07,38.0,False
1881,187.8457,724.44,0.0,False
1882,187.8645,975.58,90.0,False
1883,187.8766,819.8,0.0,False
1884,187.8849,729.14,90.0,False
1885,187.8933,814.16,0.0,False
1886,187.9021,9.91,0.0,True
1887,187.9181,863.69,0.0,False
1888,187.9649,840.88,0.0,False
1889,187.9753,909.88,0.0,False
1890,187.9761,973.14,90.0,False
1891,188.028,860.05,0.0,False
1892,188.0311,1102.84,0.0,False
1893,188.0618,961.54,0.0,False
1894,188.0672,947.24,0.0,False
1895,188.068,967.96,0.0,True
1896,188.0715,860.34,0.0,False
1897,188.0863,868.76,0.0,False
1898,188.0916,879.41,0.0,False
1899,188.173,805.24,90.0,False
1900,188.2409,790.15,0.0,False
1901,188.2492,926.89,0.0,False
1902,188.2531,873.66,90.0,False
1903,188.2546,969.23,0.0,False
1904,188.2576,939.39,0.0,False
1905,188.2576,869.1,0.0,True
1906,188.283,1046.31,90.0,False
1907,188.286,862.06,0.0,False
1908,188.294,836.51,0.0,False
1909,188.3392,947.01,0.0,True
1910,188.3393,950.62,0.0,False
1911,188.3397,832.61,90.0,False
1912,188.3432,984.02,0.0,False
1913,188.351,888.72,0.0,False
1914,188.3777,902.62,90.0,False
1915,188.3871,954.76,0.0,False
1916,188.3999,818.73,0.0,False
1917,188.4236,938.0,0.0,True
1918,188.4483,800.71,0.0,False
1919,188.4553,954.59,0.0,False
1920,188.4608,887.74,0.0,False
1921,188.4741,924.49,90.0,False
1922,188.5077,903.51,38.0,False
1923,188.5086,1041.19,0.0,True
1924,188.5104,936.22,19.0,True
1925,188.5249,878.22,0.0,True
1926,188.5294,855.57,0.0,False
1927,188.5359,869.19,0.0,True
1928,188.5521,1017.68,90.0,False
1929,188.5681,822.48,0.0,True
1930,188.5777,818.26,85.0,False
1931,188.582,968.93,0.0,False
1932,188.5932,820.35,0.0,False
1933,188.6058,906.26,90.0,False
1934,188.612,988.02,0.0,False
1935,188.6438,909.06,0.0,False
1936,188.6634,988.25,0.0,True
1937,188.6651,829.52,90.0,True
1938,188.6715,935.94,0.0,True
1939,188.6756,922.59,0.0,False
1940,188.694,899.51,0.0,True
1941,188.6995,891.74,0.0,False
1942,188.7094,855.4,0.0,False
1943,188.7203,948.36,0.0,False
1944,188.7235,1000.91,0.0,False
1945,188.7303,922.35,0.0,False
1946,188.7613,863.66,0.0,False
1947,188.7659,776.4,0.0,False
1948,188.7997,934.68,0.0,True
1949,188.8126,902.42,0.0,False
1950,188.8206,934.43,0.0,True
1951,188.8361,817.14,0.0,False
1952,188.8632,865.38,0.0,False
1953,188.8838,918.17,0.0,False
1954,188.9052,826.18,0.0,False
1955,188.9065,869.65,0.0,True
1956,188.9259,883.78,0.0,True
1957,188.9383,879.45,0.0,True
1958,188.9521,892.94,0.0,False
1959,188.977,807.16,0.0,False
1960,189.0101,914.93,0.0,True
1961,189.0347,903.75,0.0,False
1962,189.0356,831.18,90.0,True
1963,189.0375,967.35,0.0,False
1964,189.0728,995.33,0.0,False
1965,189.0851,912.8,90.0,True
1966,189.1135,869.32,0.0,False
1967,189.1231,882.55,0.0,False
1968,189.1574,896.5,0.0,False
1969,189.1894,848.74,0.0,False
1970,189.1895,1127.03,0.0,True
1971,189.2145,1063.55,0.0,True
1972,189.2192,829.79,0.0,False
1973,189.244,973.08,85.0,False
1974,189.25,849.56,0.0,False
1975,189.2644,967.39,0.0,False
1976,189.2668,898.42,0.0,False
1977,189.289,843.39,0.0,False
1978,189.3072,957.52,0.0,True
1979,189.3098,1052.04,90.0,False
1980,189.311,923.39,90.0,False
1981,189.3404,916.76,90.0,False
1982,189.3481,985.7,0.0,False
1983,189.3746,873.49,0.0,False
1984,189.3856,866.34,0.0,False
1985,189.435,836.22,0.0,False
1986,189.4435,898.75,0.0,False
1987,189.4538,802.36,0.0,False
1988,189.4555,933.94,0.0,False
1989,189.4574,834.37,90.0,True
1990,189.4728,836.99,0.0,False
1991,189.4911,1038.1,0.0,False
1992,189.5079,890.86,0.0,False
1993,189.5166,872.81,0.0,False
1994,189.5295,832.75,0.0,False
1995,189.5297,874.64,0.0,False
1996,189.5414,835.94,0.0,False
1997,189.5427,927.56,0.0,True
1998,189.5611,727.23,0.0,False
1999,189.5661,1032.02,90.0,False
2000,189.5738,825.26,0.0,False
2001,189.5819,935.89,12.6667,False
2002,189.5952,788.1,0.0,False
2003,189.6223,973.1,85.0,True
2004,189.6313,839.44,0.0,False
2005,189.6361,827.8,0.0,False
2006,189.6381,877.44,90.0,False
2007,189.6433,864.48,90.0,True
2008,189.6587,842.44,0.0,False
2009,189.678,1001.33,0.0,False
2010,189.6964,841.95,0.0,False
2011,189.6995,871.49,0.0,False
2012,189.7352,931.11,0.0,False
2013,189.7425,997.68,0.0,False
2014,189.7595,885.63,0.0,False
2015,189.7623,826.23,0.0,False
2016,189.7656,1052.26,0.0,False
2017,189.848,980.74,0.0,False
2018,189.8529,897.14,0.0,False
2019,189.8599,1115.03,0.0,False
2020,189.8684,820.57,0.0,True
2021,189.8825,875.37,0.0,False
2022,189.8997,884.95,0.0,True
2023,189.9095,1044.72,0.0,False
2024,189.9167,865.38,0.0,False
2025,189.9611,866.6,0.0,True
2026,189.9663,17.65,0.0,False
2027,189.9692,856.51,0.0,True
2028,189.9769,1029.68,0.0,False
2029,190.0137,867.74,0.0,False
2030,190.017,793.39,0.0,False
2031,190.0177,846.52,0.0,False
2032,190.0257,936.63,0.0,False
2033,190.0387,873.1,0.0,True
2034,190.045,787.38,90.0,True
2035,190.0824,956.42,0.0,True
2036,190.11,1018.73,0.0,False
2037,190.1536,930.87,90.0,False
2038,190.1633,985.13,0.0,False
2039,190.1691,852.64,0.0,False
2040,190.1721,934.83,90.0,False
2041,190.1936,865.39,90.0,False
2042,190.206,887.99,0.0,False
2043,190.2174,976.67,0.0,True
2044,190.2268,991.79,90.0,False
2045,190.2317,934.05,0.0,False
2046,190.2319,1052.31,0.0,False
2047,190.2364,995.56,90.0,False
2048,190.2511,844.99,0.0,False
2049,190.2969,933.46,0.0,False
2050,190.3035,990.3,0.0,False
2051,190.3075,908.67,0.0,False
2052,190.3146,889.75,0.0,True
2053,190.3148,985.37,0.0,False
2054,190.3373,883.66,90.0,False
2055,190.3459,814.8,90.0,False
2056,190.3576,896.79,0.0,True
2057,190.3645,847.53,0.0,False
2058,190.3663,940.28,0.0,False
2059,190.3845,785.96,0.0,False
2060,190.3891,973.37,90.0,False
2061,190.4046,799.9,0.0,True
2062,190.4521,891.7,0.0,False
2063,190.4526,852.26,0.0,True
2064,190.4673,18.95,0.0,False
2065,190.4707,872.13,90.0,False
2066,190.4792,892.16,0.0,True
2067,190.4807,821.92,90.0,False
2068,190.4841,815.15,90.0,True
2069,190.5004,1001.72,0.0,False
2070,190.5004,762.78,0.0,False
2071,190.5098,931.99,0.0,False
2072,190.5225,976.01,0.0,True
2073,190.5615,901.51,0.0,False
2074,190.599,884.58,90.0,False
2075,190.6041,919.8,0.0,False
2076,190.6056,836.79,0.0,False
2077,190.6081,847.14,0.0,True
2078,190.6097,907.67,0.0,True
2079,190.6358,959.51,90.0,True
2080,190.6448,957.2,0.0,False
2081,190.6485,913.88,0.0,False
2082,190.6522,878.9,0.0,False
2083,190.6669,948.36,0.0,False
2084,190.6786,863.75,0.0,False
2085,190.6824,1116.67,90.0,False
2086,190.6869,840.35,0.0,False
2087,190.6933,933.52,0.0,False
2088,190.6997,925.49,0.0,True
2089,190.7025,917.13,0.0,False
2090,190.7087,1013.35,0.0,True
2091,190.7144,1042.62,90.0,False
2092,190.7241,18.82,0.0,True
2093,190.7308,952.01,90.0,False
2094,190.7479,903.26,0.0,False
2095,190.7495,933.86,0.0,True
2096,190.7666,872.5,0.0,True
2097,190.7856,967.01,0.0,False
2098,190.7859,905.55,90.0,True
2099,190.7881,932.27,0.0,True
2100,190.7941,981.63,0.0,False
2101,190.7953,773.28,90.0,False
2102,190.8199,904.15,0.0,False
2103,190.8307,875.06,0.0,False
2104,190.8456,692.11,12.6667,False
2105,190.8482,981.45,0.0,False
2106,190.8535,1007.62,0.0,False
2107,190.8595,954.21,90.0,True
2108,190.8702,842.36,90.0,False
2109,190.9026,836.71,0.0,False
2110,190.9081,980.95,0.0,False
2111,190.9792,894.3,90.0,False
2112,190.9795,909.24,0.0,False
2113,190.9916,1140.99,0.0,False
2114,191.0538,815.8,0.0,False
2115,191.0556,805.99,0.0,False
2116,191.0622,909.27,90.0,False
2117,191.0673,948.22,0.0,True
2118,191.0937,765.58,0.0,False
2119,191.0991,847.41,0.0,False
2120,191.1038,1091.42,0.0,True
2121,191.1104,914.53,0.0,False
2122,191.1445,867.71,90.0,False
2123,191.1482,891.24,0.0,True
2124,191.1526,883.06,0.0,False
2125,191.1562,942.72,0.0,False
2126,191.1722,891.6,90.0,True
2127,191.1918,841.68,0.0,True
2128,191.1996,829.56,0.0,False
2129,191.2103,960.74,90.0,False
2130,191.2107,929.6,0.0,False
2131,191.2193,959.27,90.0,False
2132,191.2463,840.69,0.0,False
2133,191.247,855.17,85.0,False
2134,191.2593,1021.66,90.0,True
2135,191.2759,970.62,0.0,False
2136,191.2767,1034.34,0.0,True
2137,191.2889,938.82,0.0,False
2138,191.3182,1082.48,0.0,False
2139,191.3228,834.8,0.0,False
2140,191.3346,834.65,0.0,False
2141,191.3429,830.86,0.0,False
2142,191.3571,911.89,0.0,False
2143,191.363,881.0,0.0,False
2144,191.3685,915.7,0.0,False
2145,191.3764,929.11,90.0,False
2146,191.377,835.88,90.0,False
2147,191.3812,768.84,0.0,False
2148,191.4154,914.19,90.0,False
2149,191.438,1062.1,0.0,False
2150,191.4499,990.84,0.0,True
2151,191.4536,1024.96,0.0,False
2152,191.4855,949.54,0.0,False
2153,191.4975,850.54,0.0,False
2154,191.5085,915.29,0.0,False
2155,191.5117,913.51,0.0,False
2156,191.5282,928.38,0.0,True
2157,191.5491,879.4,0.0,False
2158,191.5509,856.18,0.0,True
2159,191.5622,914.07,0.0,False
2160,191.5634,821.47,0.0,False
2161,191.5833,19.18,90.0,False
2162,191.6051,847.76,0.0,False
2163,191.61,907.25,0.0,False
2164,191.6103,847.28,0.0,False
2165,191.6175,982.41,90.0,True
2166,191.6204,934.36,0.0,False
2167,191.627,860.45,0.0,False
2168,191.6361,966.3,0.0,False
2169,191.6399,786.73,0.0,False
2170,191.6448,754.56,0.0,False
2171,191.6591,845.05,0.0,False
2172,191.6624,977.11,0.0,False
2173,191.672,855.46,0.0,False
2174,191.6742,915.75,90.0,False
2175,191.6809,863.58,0.0,False
2176,191.6912,945.07,25.3333,False
2177,191.6953,1047.13,0.0,False
2178,191.7296,923.56,0.0,True
2179,191.7299,821.59,12.6667,False
2180,191.7324,830.27,90.0,False
2181,191.7455,858.15,90.0,True
2182,191.7464,933.3,0.0,False
2183,191.7644,992.58,90.0,False
2184,191.7809,958.24,0.0,False
2185,191.8032,877.19,0.0,False
2186,191.8278,889.51,90.0,False
2187,191.8323,1026.01,0.0,False
2188,191.8655,974.21,0.0,False
2189,191.8825,885.0,0.0,True
2190,191.8918,926.12,90.0,False
2191,191.9003,933.66,90.0,False
2192,191.9037,924.91,0.0,False
2193,191.9156,905.41,0.0,False
2194,191.932,813.07,0.0,False
2195,191.9326,915.69,90.0,False
2196,191.9344,873.95,90.0,True
2197,192.0447,849.88,90.0,True
2198,192.0463,763.32,0.0,False
2199,192.1111,855.94,0.0,False
2200,192.1451,1017.63,0.0,False
2201,192.1492,919.8,0.0,False
2202,192.1515,889.78,90.0,False
2203,192.1528,931.54,0.0,False
2204,192.1537,819.2,0.0,False
2205,192.1723,973.7,0.0,False
2206,192.1797,967.8,90.0,True
2207,192.185,940.27,0.0,False
2208,192.2101,916.42,0.0,False
2209,192.2193,984.36,90.0,False
2210,192.2414,896.18,0.0,False
2211,192.252,843.97,38.0,False
2212,192.2633,913.94,90.0,False
2213,192.2668,873.03,0.0,True
2214,192.2968,1033.31,0.0,False
2215,192.2987,799.92,0.0,False
2216,192.3011,946.53,0.0,False
2217,192.3032,846.02,90.0,False
2218,192.3033,874.9,0.0,False
2219,192.3189,927.13,90.0,True
2220,192.3283,797.53,90.0,False
2221,192.3415,29.36,0.0,False
2222,192.3569,851.96,90.0,False
2223,192.3899,932.29,0.0,True
2224,192.3911,17.65,90.0,False
2225,192.4061,952.18,90.0,False
2226,192.4196,892.56,0.0,False
2227,192.4394,35.17,90.0,False
2228,192.4693,945.78,0.0,False
2229,192.4772,806.16,0.0,False
2230,192.5049,871.92,0.0,False
2231,192.506,924.73,0.0,True
2232,192.5266,867.07,90.0,False
2233,192.5284,928.27,0.0,False
2234,192.564,1063.92,0.0,False
2235,192.5693,918.29,0.0,False
2236,192.5866,827.51,90.0,False
2237,192.5941,955.97,0.0,True
2238,192.6232,19.85,0.0,True
2239,192.6335,880.17,90.0,False
2240,192.6493,771.13,0.0,False
2241,192.6541,819.89,0.0,False
2242,192.6548,17.36,0.0,False
2243,192.6631,869.97,0.0,False
2244,192.6695,850.92,0.0,False
2245,192.6946,1063.03,0.0,False
2246,192.6992,891.85,0.0,False
2247,192.7049,1000.95,0.0,False
2248,192.7146,995.94,0.0,True
2249,192.7192,960.13,0.0,False
2250,192.7307,1004.53,90.0,False
2251,192.7348,890.42,0.0,False
2252,192.7373,17.54,0.0,True
2253,192.7518,890.26,0.0,False
2254,192.7764,830.49,90.0,False
2255,192.7982,938.1,0.0,False
2256,192.809,945.5,0.0,True
2257,192.8169,9.16,0.0,False
2258,192.817,1013.5,0.0,False
2259,192.8372,833.51,0.0,True
2260,192.8646,962.06,0.0,False
2261,192.9006,999.02,0.0,False
2262,192.9092,972.35,90.0,True
2263,192.9241,948.32,0.0,False
2264,192.9248,809.18,0.0,True
2265,192.9389,804.42,0.0,False
2266,192.9609,1032.57,0.0,False
2267,193.0145,1008.32,90.0,False
2268,193.0169,813.09,0.0,False
2269,193.0219,1030.36,0.0,True
2270,193.0255,1064.87,0.0,False
2271,193.0384,853.02,0.0,False
2272,193.0534,905.78,85.0,False
2273,193.0682,937.47,0.0,True
2274,193.0828,15.19,90.0,False
2275,193.1144,913.43,0.0,False
2276,193.123,17.04,0.0,True
2277,193.1313,50.73,90.0,True
2278,193.1318,955.63,0.0,False
2279,193.1379,17.88,0.0,False
2280,193.1464,1086.17,0.0,False
2281,193.1613,1066.0,0.0,False
2282,193.1632,876.8,0.0,False
2283,193.1758,893.89,0.0,False
2284,193.1816,957.77,0.0,False
2285,193.1835,831.08,90.0,False
2286,193.1888,920.06,0.0,False
2287,193.2056,18.39,90.0,True
2288,193.232,876.77,0.0,True
2289,193.2322,17.54,0.0,False
2290,193.2456,899.58,90.0,True
2291,193.2495,18.98,0.0,False
2292,193.2717,866.15,90.0,False
2293,193.2908,922.45,0.0,False
2294,193.3052,882.54,0.0,False
2295,193.3075,893.01,0.0,True
2296,193.3431,17.1,90.0,True
2297,193.3639,17.84,0.0,False
2298,193.3832,873.86,0.0,False
2299,193.3844,916.96,0.0,True
2300,193.3868,857.0,0.0,False
2301,193.3868,970.57,90.0,True
2302,193.4172,885.03,90.0,False
2303,193.4178,948.91,0.0,False
2304,193.4196,834.32,90.0,True
2305,193.4218,945.66,0.0,True
2306,193.43,935.88,0.0,True
2307,193.4364,945.09,0.0,True
2308,193.4445,871.89,0.0,False
2309,193.4479,909.68,90.0,False
2310,193.4673,859.18,0.0,True
2311,193.5178,944.16,0.0,False
2312,193.5281,776.63,0.0,False
2313,193.5357,21.43,0.0,False
2314,193.5425,934.63,0.0,False
2315,193.5471,985.67,0.0,True
2316,193.5725,18.24,90.0,False
2317,193.5764,995.12,0.0,False
2318,193.5869,17.7,90.0,False
2319,193.5904,922.23,90.0,False
2320,193.5959,738.25,90.0,False
2321,193.6003,933.19,0.0,False
2322,193.601,37.54,90.0,False
2323,193.6198,18.09,0.0,False
2324,193.6222,17.92,90.0,False
2325,193.6341,748.83,0.0,False
2326,193.6698,17.2,0.0,False
2327,193.693,18.79,90.0,True
2328,193.6993,913.61,0.0,True
2329,193.7567,936.24,0.0,False
2330,193.7585,16.39,0.0,False
2331,193.7656,859.98,85.0,False
2332,193.788,964.94,0.0,True
2333,193.7901,19.15,0.0,False
2334,193.7958,793.8,0.0,False
2335,193.8143,770.64,90.0,False
2336,193.8303,865.62,0.0,False
2337,193.8838,910.14,19.0,True
2338,193.8937,17.99,0.0,False
2339,193.8968,921.56,0.0,True
2340,193.9009,964.6,0.0,False
2341,193.9015,18.57,0.0,False
2342,193.9159,835.04,0.0,False
2343,193.9308,818.78,0.0,False
2344,193.95,1035.62,0.0,True
2345,193.9606,956.98,0.0,False
2346,193.9735,961.73,90.0,False
2347,193.975,921.42,90.0,True
2348,193.9768,17.62,0.0,False
2349,194.0009,903.95,0.0,True
2350,194.0197,18.07,0.0,False
2351,194.0198,17.74,0.0,False
2352,194.0582,17.78,0.0,True
2353,194.0666,17.49,90.0,False
2354,194.0766,783.45,85.0,True
2355,194.0866,789.62,90.0,True
2356,194.087,18.75,0.0,False
2357,194.1076,18.17,0.0,False
2358,194.116,786.93,0.0,False
2359,194.133,17.67,0.0,True
2360,194.1632,16.4,0.0,False
2361,194.1696,917.02,90.0,False
2362,194.1759,18.1,90.0,False
2363,194.1763,924.32,0.0,False
2364,194.1798,16.6,0.0,False
2365,194.1816,957.86,0.0,False
2366,194.2001,926.4,0.0,False
2367,194.2134,17.28,0.0,False
2368,194.214,17.09,0.0,False
2369,194.237,18.96,0.0,False
2370,194.2417,19.86,90.0,False
2371,194.2417,946.32,0.0,False
2372,194.2571,29.38,0.0,False
2373,194.2591,964.32,0.0,False
2374,194.2712,886.33,0.0,False
2375,194.2759,964.13,90.0,False
2376,194.3416,16.5,90.0,False
2377,194.3653,891.41,0.0,False
2378,194.3867,948.26,0.0,False
2379,194.396,998.26,90.0,False
2380,194.4057,904.05,85.0,False
2381,194.4224,975.35,0.0,False
2382,194.4388,817.81,0.0,False
2383,194.4937,19.66,90.0,True
2384,194.4979,910.97,19.0,False
2385,194.4989,17.85,0.0,False
2386,194.5232,876.34,0.0,False
2387,194.5559,818.18,0.0,False
2388,194.5823,806.63,0.0,False
2389,194.5856,1080.94,0.0,True
2390,194.6378,950.92,0.0,False
2391,194.6395,928.29,90.0,False
2392,194.6422,880.42,85.0,False
2393,194.6525,19.16,0.0,False
2394,194.6561,799.62,0.0,False
2395,194.6623,19.18,0.0,False
2396,194.6729,859.96,0.0,True
2397,194.6936,18.13,0.0,False
2398,194.7147,794.6,0.0,False
2399,194.7152,977.21,0.0,False
2400,194.792,18.39,90.0,True
2401,194.7942,953.31,0.0,False
2402,194.8161,17.69,0.0,False
2403,194.8681,20.43,0.0,False
2404,194.8768,45.74,0.0,False
2405,194.909,46.53,0.0,False
2406,194.9145,17.75,90.0,True
2407,194.9228,17.61,0.0,False
2408,194.9271,863.75,0.0,False
2409,194.9278,18.01,0.0,False
2410,194.9374,19.52,0.0,False
2411,194.9549,18.8,0.0,False
2412,194.9571,888.02,0.0,True
2413,194.9676,18.67,0.0,False
2414,195.0327,859.24,0.0,False
2415,195.0437,18.15,90.0,False
2416,195.0496,867.56,0.0,False
2417,195.0714,54.5,0.0,False
2418,195.0718,929.93,90.0,False
2419,195.0718,873.23,0.0,False
2420,195.0745,18.39,0.0,True
2421,195.1194,19.12,0.0,False
2422,195.1328,18.0,0.0,False
2423,195.1728,979.44,0.0,False
2424,195.1788,807.54,0.0,False
2425,195.2087,17.68,90.0,False
2426,195.2188,18.17,0.0,False
2427,195.2415,18.79,0.0,True
2428,195.2817,18.07,90.0,False
2429,195.2872,20.54,90.0,False
2430,195.2893,18.18,90.0,False
2431,195.3114,18.45,0.0,False
2432,195.3177,1063.08,0.0,False
2433,195.3314,18.26,25.3333,True
2434,195.3484,848.75,0.0,False
2435,195.3548,927.38,0.0,False
2436,195.357,992.47,0.0,False
2437,195.3601,17.43,0.0,True
2438,195.3623,17.75,0.0,False
2439,195.3797,18.47,90.0,False
2440,195.3956,849.85,0.0,False
2441,195.4015,18.45,0.0,False
2442,195.402,897.5,12.6667,False
2443,195.4099,19.63,0.0,False
2444,195.4204,17.53,0.0,False
2445,195.4493,18.69,0.0,True
2446,195.4588,17.66,0.0,False
2447,195.4633,17.13,0.0,False
2448,195.4637,17.3,0.0,True
2449,195.5044,16.94,90.0,False
2450,195.5078,18.18,0.0,True
2451,195.526,896.07,0.0,True
2452,195.5538,17.57,90.0,False
2453,195.5813,16.96,0.0,False
2454,195.604,17.19,90.0,True
2455,195.6657,1085.18,0.0,False
2456,195.6668,780.7,90.0,True
2457,195.7016,906.83,0.0,False
2458,195.7102,959.68,0.0,True
2459,195.7307,17.55,0.0,False
2460,195.7617,16.62,0.0,False
2461,195.774,11.6,0.0,True
2462,195.7895,858.14,90.0,False
2463,195.7903,19.06,90.0,True
2464,195.7981,7.3,0.0,False
2465,195.7987,972.32,0.0,False
2466,195.8061,1018.58,0.0,False
2467,195.8098,17.53,0.0,False
2468,195.83,18.29,90.0,True
2469,195.8409,17.61,90.0,False
2470,195.844,11.94,90.0,False
2471,195.8449,19.35,0.0,True
2472,195.8646,872.61,90.0,False
2473,195.8875,1034.45,0.0,True
2474,195.8934,962.88,0.0,False
2475,195.8947,17.41,0.0,False
2476,195.9004,17.94,0.0,True
2477,195.9035,17.32,90.0,False
2478,195.9143,19.3,0.0,False
2479,195.9189,16.74,90.0,True
2480,195.9327,19.34,0.0,False
2481,195.9337,17.11,90.0,False
2482,195.9408,17.37,90.0,False
2483,195.9505,18.17,0.0,False
2484,195.9629,953.27,0.0,False
2485,195.9862,826.47,90.0,False
2486,195.9948,24.36,90.0,False
2487,195.9978,870.47,0.0,True
2488,196.0006,29.57,90.0,False
2489,196.017,956.08,90.0,False
2490,196.0247,18.01,0.0,False
2491,196.0602,823.49,0.0,False
2492,196.0637,19.21,0.0,False
2493,196.0646,899.59,0.0,False
2494,196.0882,16.86,90.0,False
2495,196.0958,17.67,0.0,False
2496,196.1088,18.7,0.0,False
2497,196.1136,982.05,0.0,True
2498,196.1153,18.11,0.0,True
2499,196.1168,17.41,0.0,True
2500,196.1204,17.57,0.0,False
2501,196.1333,15.74,0.0,False
2502,196.1336,18.0,0.0,False
2503,196.1485,42.91,90.0,False
2504,196.1647,17.0,0.0,True
2505,196.1912,889.24,0.0,True
2506,196.1965,43.21,0.0,False
2507,196.2172,851.21,0.0,False
2508,196.2249,18.39,90.0,False
2509,196.2721,16.38,0.0,False
2510,196.2812,19.3,0.0,False
2511,196.2845,16.24,85.0,False
2512,196.294,17.43,0.0,False
2513,196.326,18.39,0.0,False
2514,196.3346,16.87,90.0,False
2515,196.3376,17.47,0.0,True
2516,196.3458,1002.69,0.0,False
2517,196.3545,17.52,0.0,False
2518,196.3596,1053.2,0.0,False
2519,196.3759,17.71,0.0,False
2520,196.4047,14.5,0.0,False
2521,196.4052,900.16,90.0,False
2522,196.4208,25.51,90.0,False
2523,196.4214,16.67,90.0,True
2524,196.4487,17.97,0.0,False
2525,196.4554,18.32,0.0,False
2526,196.4659,19.0,0.0,True
2527,196.4679,18.09,90.0,False
2528,196.4718,17.95,19.0,False
2529,196.4796,932.02,0.0,False
2530,196.4797,17.46,0.0,False
2531,196.4907,16.63,0.0,False
2532,196.4925,1016.75,90.0,False
2533,196.4969,22.09,0.0,True
2534,196.5159,20.14,0.0,False
2535,196.5194,927.86,0.0,False
2536,196.5269,19.23,0.0,False
2537,196.5306,14.11,90.0,False
2538,196.5324,16.82,0.0,False
2539,196.5324,18.65,0.0,True
2540,196.5403,21.62,90.0,False
2541,196.5583,887.57,0.0,False
2542,196.5586,20.69,90.0,False
2543,196.5633,17.81,0.0,False
2544,196.5867,21.26,0.0,False
2545,196.5921,1001.01,0.0,False
2546,196.6057,28.66,0.0,False
2547,196.6239,18.34,0.0,False
2548,196.6261,17.72,90.0,False
2549,196.651,15.91,0.0,False
2550,196.6622,40.85,0.0,False
2551,196.6719,17.65,0.0,True
2552,196.6746,18.91,0.0,False
2553,196.6892,15.54,90.0,True
2554,196.6908,18.39,0.0,True
2555,196.6911,18.04,0.0,False
2556,196.6994,18.24,0.0,False
2557,196.7194,18.63,0.0,True
2558,196.7262,17.8,90.0,False
2559,196.729,17.87,0.0,False
2560,196.7377,22.35,0.0,False
2561,196.7466,17.44,0.0,False
2562,196.7706,19.68,0.0,False
2563,196.7741,17.98,0.0,False
2564,196.781,16.93,0.0,False
2565,196.7947,897.35,0.0,False
2566,196.8018,17.39,0.0,False
2567,196.8039,942.75,0.0,True
2568,196.8059,911.86,0.0,True
2569,196.8224,52.39,90.0,True
2570,196.827,17.24,90.0,False
2571,196.8426,854.32,0.0,False
2572,196.8554,18.7,0.0,False
2573,196.8934,16.74,0.0,True
2574,196.8941,17.48,90.0,False
2575,196.9026,18.25,0.0,False
2576,196.9149,19.22,38.0,False
2577,196.9151,18.37,0.0,False
2578,196.9173,19.15,0.0,False
2579,196.922,18.03,90.0,True
2580,196.923,17.79,0.0,False
2581,196.9397,17.48,0.0,True
2582,196.9586,18.78,90.0,False
2583,196.969,17.25,0.0,False
2584,196.9722,18.14,90.0,False
2585,196.984,8.42,90.0,False
2586,197.0077,18.55,0.0,False
2587,197.0209,17.89,0.0,True
2588,197.0229,18.67,0.0,False
2589,197.033,18.82,0.0,False
2590,197.0458,18.04,0.0,True
2591,197.059,18.0,0.0,False
2592,197.0707,17.8,0.0,False
2593,197.0793,18.29,90.0,False
2594,197.0822,851.67,90.0,False
2595,197.084,17.41,90.0,True
2596,197.096,18.73,0.0,False
2597,197.1066,18.52,0.0,False
2598,197.1169,18.6,90.0,False
2599,197.1457,896.32,0.0,False
2600,197.1578,773.64,0.0,False
2601,197.1663,17.47,0.0,False
2602,197.1835,31.36,90.0,False
2603,197.2068,972.4,0.0,False
2604,197.2084,18.5,0.0,False
2605,197.2177,18.46,90.0,True
2606,197.2388,19.77,0.0,False
2607,197.2445,851.27,0.0,True
2608,197.2468,845.8,90.0,False
2609,197.2513,18.06,0.0,False
2610,197.2629,17.36,0.0,False
2611,197.2648,17.28,0.0,False
2612,197.2658,940.32,0.0,True
2613,197.2809,868.81,0.0,False
2614,197.2895,17.13,0.0,False
2615,197.2936,17.86,0.0,False
2616,197.3093,15.88,0.0,True
2617,197.3176,18.39,0.0,True
2618,197.3194,931.18,0.0,True
2619,197.3245,17.66,90.0,False
2620,197.3245,18.32,0.0,True
2621,197.3265,17.79,0.0,True
2622,197.3292,16.73,0.0,False
2623,197.3297,18.01,0.0,False
2624,197.3322,17.56,0.0,False
2625,197.3343,17.74,0.0,False
2626,197.3385,19.29,0.0,False
2627,197.3606,17.52,90.0,False
2628,197.3645,19.59,90.0,False
2629,197.3652,923.91,0.0,False
2630,197.3804,18.63,0.0,False
2631,197.3915,37.74,0.0,False
2632,197.396,18.12,90.0,False
2633,197.4047,17.97,0.0,False
2634,197.4132,17.67,0.0,False
2635,197.4193,35.37,0.0,False
2636,197.4366,19.6,0.0,False
2637,197.4565,18.63,0.0,False
2638,197.4733,17.74,0.0,False
2639,197.4743,68.73,0.0,False
2640,197.5114,32.95,0.0,False
2641,197.5292,19.91,38.0,False
2642,197.5349,18.65,0.0,False
2643,197.5392,17.22,0.0,False
2644,197.5397,17.13,0.0,False
2645,197.5399,17.98,0.0,True
2646,197.566,763.7,0.0,False
2647,197.5724,15.56,0.0,False
2648,197.586,17.44,0.0,False
2649,197.6057,18.67,0.0,True
2650,197.6167,17.69,0.0,False
2651,197.6184,16.49,90.0,False
2652,197.6208,17.13,90.0,False
2653,197.6538,18.02,90.0,False
2654,197.6787,58.62,0.0,False
2655,197.6806,18.15,90.0,False
2656,197.6881,18.25,0.0,False
2657,197.6987,20.04,0.0,True
2658,197.7419,16.79,0.0,False
2659,197.7427,17.33,0.0,False
2660,197.7592,18.59,0.0,False
2661,197.7619,16.94,0.0,False
2662,197.7711,17.43,0.0,False
2663,197.7833,19.28,0.0,False
2664,197.7923,17.38,0.0,True
2665,197.8103,18.02,0.0,False
2666,197.8155,18.44,90.0,False
2667,197.8193,19.13,0.0,False
2668,197.8228,18.43,0.0,False
2669,197.8235,19.52,0.0,False
2670,197.8272,13.61,0.0,False
2671,197.8346,19.06,0.0,True
2672,197.8355,18.72,0.0,False
2673,197.8376,17.53,0.0,False
2674,197.8564,20.86,0.0,True
2675,197.8787,18.13,0.0,True
2676,197.8787,11.88,90.0,True
2677,197.8855,18.0,0.0,False
2678,197.8961,18.27,0.0,False
2679,197.898,18.41,0.0,False
2680,197.8999,17.96,90.0,False
2681,197.9146,908.67,0.0,True
2682,197.9197,17.67,0.0,False
2683,197.9201,28.62,0.0,False
2684,197.9265,17.99,0.0,False
2685,197.9388,18.28,0.0,False
2686,197.9408,18.08,0.0,False
2687,197.9605,18.3,0.0,False
2688,197.9678,1024.98,0.0,False
2689,197.9716,18.38,0.0,False
2690,197.999,19.18,0.0,False
2691,198.0,6.91,90.0,False
2692,198.0076,19.58,0.0,False
2693,198.0155,16.54,0.0,False
2694,198.0215,17.51,90.0,False
2695,198.0247,17.01,90.0,False
2696,198.0294,917.26,90.0,False
2697,198.0435,18.9,0.0,False
2698,198.0495,23.67,90.0,False
2699,198.0499,18.42,0.0,True
2700,198.0718,17.41,0.0,False
2701,198.0734,17.84,0.0,False
2702,198.0735,16.85,90.0,False
2703,198.0793,16.91,0.0,True
2704,198.0969,16.96,0.0,True
2705,198.0997,17.97,0.0,False
2706,198.1131,18.02,0.0,False
2707,198.1363,19.78,0.0,False
2708,198.1375,1087.17,0.0,False
2709,198.1447,18.98,0.0,True
2710,198.157,17.78,0.0,False
2711,198.177,1041.52,0.0,False
2712,198.189,16.55,90.0,False
2713,198.1989,19.11,0.0,True
2714,198.2166,851.28,0.0,False
2715,198.2187,17.0,0.0,False
2716,198.2284,18.94,0.0,False
2717,198.2301,17.34,0.0,False
2718,198.2387,18.7,0.0,False
2719,198.239,17.73,0.0,False
2720,198.2475,18.92,0.0,False
2721,198.2501,906.87,0.0,False
2722,198.2621,17.37,0.0,False
2723,198.2705,18.91,0.0,False
2724,198.2707,16.37,0.0,False
2725,198.2852,17.83,0.0,True
2726,198.3123,17.65,90.0,False
2727,198.3152,45.85,0.0,False
2728,198.3301,18.21,0.0,False
2729,198.3486,16.23,90.0,False
2730,198.3622,30.61,0.0,False
2731,198.3651,33.94,19.0,False
2732,198.3657,17.04,0.0,False
2733,198.3831,948.71,0.0,True
2734,198.3837,63.38,90.0,False
2735,198.3854,921.67,0.0,False
2736,198.3864,17.14,90.0,False
2737,198.3937,16.9,0.0,False
2738,198.4094,19.55,90.0,True
2739,198.4125,18.54,0.0,False
2740,198.4158,18.61,0.0,False
2741,198.4527,17.59,0.0,True
2742,198.4603,19.09,0.0,True
2743,198.4719,18.09,0.0,False
2744,198.4752,19.64,0.0,False
2745,198.4761,17.09,0.0,False
2746,198.4818,21.34,0.0,True
2747,198.4916,17.41,38.0,True
2748,198.5321,17.11,38.0,True
2749,198.5368,16.65,0.0,False
2750,198.5479,38.72,0.0,False
2751,198.5613,11.53,0.0,False
2752,198.5797,18.93,90.0,False
2753,198.5924,17.27,0.0,False
2754,198.5937,18.31,0.0,False
2755,198.6067,15.75,0.0,False
2756,198.6256,31.06,90.0,False
2757,198.6382,17.73,0.0,False
2758,198.6503,22.41,0.0,True
2759,198.6721,18.56,90.0,False
2760,198.6767,877.72,0.0,False
2761,198.6923,18.79,0.0,False
2762,198.6987,17.95,0.0,False
2763,198.7547,17.51,0.0,False
2764,198.7572,13.87,90.0,False
2765,198.7824,18.33,0.0,False
2766,198.7824,18.18,0.0,False
2767,198.7871,15.96,0.0,False
2768,198.7933,17.44,12.6667,True
2769,198.8045,17.84,90.0,False
2770,198.8202,17.45,0.0,False
2771,198.8363,994.63,38.0,False
2772,198.8418,18.62,0.0,False
2773,198.8458,17.3,90.0,False
2774,198.8528,18.32,0.0,True
2775,198.8651,7.95,0.0,True
2776,198.8806,17.28,90.0,False
2777,198.882,19.79,90.0,False
2778,198.884,19.24,0.0,False
2779,198.8965,18.65,0.0,True
2780,198.9055,19.18,90.0,False
2781,198.9255,16.37,90.0,False
2782,198.9257,20.22,0.0,False
2783,198.9356,17.92,0.0,False
2784,198.9507,16.97,90.0,False
2785,198.952,17.84,0.0,False
2786,198.952,18.01,0.0,False
2787,198.9536,17.02,90.0,False
2788,198.954,16.69,90.0,False
2789,198.9702,17.5,0.0,False
2790,198.9723,19.04,0.0,False
2791,198.9899,17.73,90.0,False
2792,198.9909,18.26,0.0,False
2793,198.9994,18.21,0.0,False
2794,199.0055,17.51,0.0,False
2795,199.0127,18.35,90.0,False
2796,199.017,18.04,0.0,False
2797,199.0256,21.63,0.0,False
2798,199.0256,18.72,0.0,False
2799,199.0271,18.09,90.0,True
2800,199.0389,17.41,90.0,False
2801,199.0529,17.18,90.0,True
2802,199.0601,17.53,0.0,False
2803,199.0724,18.25,0.0,False
2804,199.0817,12.69,90.0,False
2805,199.0824,18.29,0.0,False
2806,199.0839,18.13,0.0,False
2807,199.0869,17.89,0.0,False
2808,199.0892,17.0,0.0,True
2809,199.1021,16.98,0.0,False
2810,199.1099,15.23,0.0,False
2811,199.1416,58.19,0.0,False
2812,199.1504,17.52,0.0,False
2813,199.1512,17.11,0.0,False
2814,199.1564,18.43,0.0,False
2815,199.1593,18.61,0.0,True
2816,199.1679,18.59,0.0,False
2817,199.1766,17.34,0.0,False
2818,199.1801,18.84,90.0,False
2819,199.1822,16.17,0.0,False
2820,199.1861,19.63,0.0,False
2821,199.208,18.37,0.0,False
2822,199.2081,18.97,0.0,False
2823,199.2094,18.71,0.0,False
2824,199.2117,18.56,0.0,True
2825,199.2119,29.87,0.0,True
2826,199.214,19.21,0.0,True
2827,199.2262,18.68,90.0,False
2828,199.2295,17.86,0.0,False
2829,199.2389,19.71,90.0,False
2830,199.2418,18.44,0.0,False
2831,199.2674,19.09,90.0,False
2832,199.2729,17.89,90.0,False
2833,199.2735,16.62,0.0,False
2834,199.281,8.34,0.0,False
2835,199.282,19.06,0.0,False
2836,199.3014,17.29,0.0,False
2837,199.3122,887.95,0.0,False
2838,199.3383,16.52,0.0,False
2839,199.3395,16.86,0.0,False
2840,199.3756,16.61,0.0,False
2841,199.3757,803.38,90.0,False
2842,199.3782,22.67,0.0,False
2843,199.3852,17.69,0.0,False
2844,199.3927,18.87,0.0,True
2845,199.3934,17.76,0.0,False
2846,199.3988,17.69,0.0,True
2847,199.4083,17.79,0.0,False
2848,199.4265,27.14,90.0,False
2849,199.4494,17.59,0.0,False
2850,199.4639,17.19,0.0,False
2851,199.4759,19.26,0.0,False
2852,199.5089,19.44,0.0,False
2853,199.5134,18.67,0.0,False
2854,199.5211,18.38,0.0,False
2855,199.5229,16.78,0.0,False
2856,199.5351,9.06,0.0,False
2857,199.5468,17.57,0.0,False
2858,199.5622,19.91,85.0,False
2859,199.5658,17.91,0.0,False
2860,199.5658,20.25,0.0,False
2861,199.573,20.14,0.0,False
2862,199.5807,19.07,90.0,False
2863,199.6238,55.43,90.0,False
2864,199.6288,18.99,0.0,False
2865,199.6365,18.33,0.0,True
2866,199.6479,19.74,0.0,False
2867,199.6662,17.25,90.0,False
2868,199.6708,16.57,0.0,True
2869,199.6718,16.95,0.0,False
2870,199.6916,18.95,0.0,False
2871,199.71,17.63,0.0,True
2872,199.7528,18.15,90.0,False
2873,199.7755,973.19,0.0,False
2874,199.776,18.87,0.0,True
2875,199.7875,18.88,0.0,False
2876,199.7877,18.06,90.0,False
2877,199.8036,17.29,0.0,False
2878,199.8125,15.67,90.0,False
2879,199.813,18.06,85.0,False
2880,199.8197,18.97,0.0,False
2881,199.8286,18.86,90.0,False
2882,199.846,18.42,0.0,True
2883,199.8478,18.41,0.0,False
2884,199.89,18.08,90.0,False
2885,199.9051,16.65,90.0,False
2886,199.9156,17.81,0.0,False
2887,199.9179,22.59,90.0,False
2888,199.9336,19.62,90.0,False
2889,199.9444,18.86,90.0,False
2890,199.9517,17.3,0.0,False
2891,199.9562,17.11,0.0,False
2892,199.961,14.83,90.0,False
2893,199.9629,17.26,0.0,False
2894,199.9729,19.12,0.0,False
2895,199.9863,18.06,90.0,False
2896,199.9965,18.07,0.0,False
2897,199.9987,19.21,0.0,False
2898,200.009,17.66,0.0,False
2899,200.0096,17.63,90.0,True
2900,200.0099,18.51,0.0,False
2901,200.0286,20.42,0.0,False
2902,200.0328,18.08,0.0,True
2903,200.0372,26.86,0.0,False
2904,200.039,19.1,90.0,False
2905,200.0596,38.48,0.0,False
2906,200.072,18.25,90.0,False
2907,200.0797,17.19,0.0,False
2908,200.0908,17.46,90.0,False
2909,200.0999,111.44,90.0,False
2910,200.1217,19.51,0.0,False
2911,200.1261,17.5,0.0,False
2912,200.1384,17.41,90.0,False
2913,200.1557,32.16,90.0,True
2914,200.2,18.85,0.0,False
2915,200.2131,9.05,0.0,False
2916,200.2149,18.64,0.0,False
2917,200.2398,17.59,0.0,False
2918,200.2405,18.01,0.0,False
2919,200.2446,18.61,0.0,True
2920,200.2495,19.18,0.0,True
2921,200.2501,17.24,0.0,False
2922,200.2515,19.22,0.0,False
2923,200.253,16.58,0.0,False
2924,200.2667,17.61,0.0,False
2925,200.2761,17.25,0.0,False
2926,200.2787,18.08,0.0,False
2927,200.2869,18.25,90.0,False
2928,200.2917,32.3,0.0,True
2929,200.3084,970.25,0.0,False
2930,200.3167,18.2,90.0,False
2931,200.3449,17.74,0.0,False
2932,200.3585,24.61,90.0,False
2933,200.3642,18.22,0.0,True
2934,200.3713,39.08,90.0,True
2935,200.3732,16.13,0.0,True
2936,200.3945,17.31,90.0,False
2937,200.3955,17.7,0.0,False
2938,200.4128,18.97,90.0,False
2939,200.4257,19.03,0.0,False
2940,200.4265,18.58,0.0,False
2941,200.427,20.07,0.0,False
2942,200.4355,17.08,19.0,False
2943,200.4532,18.31,90.0,False
2944,200.465,18.92,0.0,False
2945,200.467,17.29,0.0,True
2946,200.4682,18.58,0.0,False
2947,200.4696,19.81,0.0,False
2948,200.482,20.32,0.0,False
2949,200.5144,14.63,0.0,False
2950,200.5339,16.61,90.0,False
2951,200.5397,17.79,90.0,False
2952,200.5646,23.76,90.0,False
2953,200.5829,17.75,0.0,False
2954,200.5888,61.78,0.0,False
2955,200.6435,18.82,0.0,False
2956,200.65,18.64,90.0,False
2957,200.6736,18.31,90.0,False
2958,200.682,17.54,85.0,False
2959,200.6994,23.21,90.0,True
2960,200.7039,19.38,0.0,False
2961,200.7183,17.96,0.0,False
2962,200.7429,17.42,0.0,False
2963,200.7474,17.39,0.0,False
2964,200.7873,19.72,90.0,False
2965,200.7917,18.21,0.0,False
2966,200.7994,18.96,0.0,False
2967,200.8142,16.82,38.0,False
2968,200.8315,16.4,12.6667,False
2969,200.8471,19.75,0.0,False
2970,200.8636,42.38,0.0,True
2971,200.8818,18.45,0.0,False
2972,200.8919,18.35,0.0,False
2973,200.9089,18.04,90.0,False
2974,200.9155,18.16,0.0,False
2975,200.9215,17.67,0.0,False
2976,200.96,17.23,0.0,False
2977,200.9929,18.49,90.0,False
2978,200.998,17.73,0.0,True
2979,201.002,17.3,0.0,False
2980,201.0104,16.66,0.0,False
2981,201.0346,18.73,95.0,False
2982,201.0611,73.97,0.0,False
2983,201.0671,18.55,90.0,False
2984,201.0679,17.95,0.0,False
2985,201.0682,17.71,0.0,True
2986,201.069,17.94,25.3333,False
2987,201.0695,25.2,0.0,False
2988,201.0717,17.88,0.0,False
2989,201.0915,35.23,0.0,False
2990,201.1023,18.0,0.0,False
2991,201.1037,18.76,90.0,False
2992,201.1124,18.78,0.0,True
2993,201.1264,16.91,0.0,False
2994,201.1268,19.29,0.0,False
2995,201.1471,17.03,0.0,False
2996,201.1597,17.83,0.0,False
2997,201.1748,16.49,0.0,False
2998,201.1814,18.53,0.0,False
2999,201.1898,17.44,0.0,False
3000,201.1959,17.82,0.0,True
3001,201.1964,17.8,90.0,False
3002,201.2219,18.13,90.0,False
3003,201.24,19.07,0.0,False
3004,201.2452,15.54,0.0,False
3005,201.2743,18.58,0.0,True
3006,201.2877,17.0,0.0,True
3007,201.2938,17.59,0.0,False
3008,201.3013,19.4,0.0,False
3009,201.304,18.06,90.0,False
3010,201.3218,18.22,0.0,False
3011,201.3238,19.89,0.0,True
3012,201.3383,18.37,0.0,False
3013,201.3472,17.82,0.0,True
3014,201.3558,18.51,0.0,True
3015,201.3836,18.31,0.0,False
3016,201.3913,19.76,0.0,True
3017,201.4137,17.79,0.0,False
3018,201.4226,60.55,90.0,True
3019,201.427,18.08,90.0,False
3020,201.4454,11.09,0.0,False
3021,201.452,31.87,0.0,True
3022,201.4578,37.7,0.0,True
3023,201.4643,19.06,90.0,False
3024,201.4836,18.1,0.0,False
3025,201.5359,18.45,0.0,True
3026,201.5404,19.05,0.0,False
3027,201.5695,16.67,85.0,False
3028,201.5713,16.65,0.0,False
3029,201.5748,17.28,0.0,False
3030,201.5943,71.32,0.0,False
3031,201.5962,17.53,0.0,True
3032,201.5995,16.51,0.0,False
3033,201.6107,1070.95,0.0,True
3034,201.6136,17.16,0.0,False
3035,201.6452,14.12,0.0,False
3036,201.657,26.71,0.0,False
3037,201.6681,17.17,0.0,True
3038,201.6692,17.58,0.0,False
3039,201.6875,18.66,0.0,False
3040,201.7532,24.74,0.0,False
3041,201.7634,18.96,0.0,False
3042,201.8038,19.21,0.0,False
3043,201.8064,17.45,0.0,False
3044,201.8102,17.18,0.0,True
3045,201.8447,16.98,0.0,False
3046,201.8505,19.05,0.0,False
3047,201.8574,17.46,0.0,False
3048,201.8632,19.16,0.0,False
3049,201.866,18.47,0.0,False
3050,201.8905,57.7,0.0,False
3051,201.9325,18.35,0.0,True
3052,201.9638,18.13,0.0,True
3053,201.9883,16.95,0.0,False
3054,202.0189,18.3,0.0,False
3055,202.0189,18.79,0.0,True
3056,202.0404,19.5,0.0,False
3057,202.0446,18.45,0.0,False
3058,202.0655,17.37,0.0,False
3059,202.0918,17.36,12.6667,False
3060,202.0997,19.44,90.0,False
3061,202.1058,16.99,90.0,False
3062,202.1186,17.53,0.0,True
3063,202.1267,17.67,90.0,False
3064,202.1315,20.47,0.0,False
3065,202.1529,17.46,0.0,False
3066,202.1666,18.07,90.0,False
3067,202.1712,18.2,0.0,False
3068,202.1937,17.13,0.0,False
3069,202.1996,18.63,0.0,False
3070,202.2268,20.3,0.0,False
3071,202.2606,18.74,0.0,False
3072,202.289,19.17,90.0,False
3073,202.3026,19.23,0.0,False
3074,202.3478,19.45,90.0,False
3075,202.3969,18.08,0.0,False
3076,202.4216,17.6,0.0,False
3077,202.4236,16.64,0.0,False
3078,202.434,17.61,0.0,False
3079,202.4437,18.04,0.0,False
3080,202.4639,17.19,90.0,False
3081,202.4656,18.3,90.0,False
3082,202.4687,16.66,90.0,False
3083,202.4688,18.11,90.0,False
3084,202.4889,17.35,0.0,False
3085,202.5008,19.13,0.0,False
3086,202.5176,25.18,0.0,True
3087,202.5311,28.84,0.0,False
3088,202.5422,18.95,38.0,False
3089,202.556,17.95,0.0,False
3090,202.5936,17.35,0.0,False
3091,202.6076,17.7,0.0,False
3092,202.6129,24.88,0.0,False
3093,202.6313,18.08,0.0,False
3094,202.649,19.01,0.0,False
3095,202.6491,18.15,0.0,False
3096,202.6669,18.8,0.0,True
3097,202.6805,18.03,0.0,False
3098,202.7371,17.19,0.0,False
3099,202.7609,17.72,0.0,True
3100,202.771,19.4,0.0,True
3101,202.7826,18.72,0.0,False
3102,202.8097,16.42,0.0,False
3103,202.8366,17.76,0.0,False
3104,202.8378,18.19,90.0,False
3105,202.8414,18.02,0.0,False
3106,202.8497,18.62,0.0,False
3107,202.9215,18.43,12.6667,False
3108,202.9296,16.5,0.0,True
3109,202.942,18.55,0.0,False
3110,202.9494,18.13,90.0,False
3111,202.9605,17.36,0.0,False
3112,202.9616,18.0,0.0,False
3113,202.9782,17.53,0.0,False
3114,202.9959,18.38,0.0,False
3115,202.9983,17.99,0.0,False
3116,203.0032,19.22,0.0,True
3117,203.0217,19.05,0.0,True
3118,203.0616,18.53,90.0,False
3119,203.0808,19.38,0.0,False
3120,203.0916,29.24,0.0,False
3121,203.1491,18.67,0.0,False
3122,203.1971,18.04,90.0,True
3123,203.1973,17.98,0.0,False
3124,203.2179,18.87,0.0,False
3125,203.2261,19.58,0.0,True
3126,203.2635,9.69,0.0,False
3127,203.2871,8.81,90.0,False
3128,203.3484,16.43,0.0,False
3129,203.3857,17.09,0.0,False
3130,203.4803,18.44,90.0,False
3131,203.4891,37.78,0.0,False
3132,203.4893,17.18,90.0,False
3133,203.5347,16.85,90.0,False
3134,203.5491,19.01,0.0,False
3135,203.5836,22.77,85.0,False
3136,203.6772,18.02,0.0,False
3137,203.6779,18.88,0.0,False
3138,203.6845,18.03,90.0,False
3139,203.8056,39.16,0.0,False
3140,203.8483,18.31,0.0,False
3141,203.853,15.44,0.0,False
3142,203.869,19.96,95.0,False
3143,203.8811,19.06,0.0,False
3144,203.8935,51.65,0.0,False
3145,203.8972,9.39,0.0,False
3146,203.9107,17.71,0.0,True
3147,203.9277,16.63,0.0,False
3148,204.0255,17.31,0.0,False
3149,204.0322,18.7,0.0,False
3150,204.0907,18.86,90.0,False
3151,204.0972,17.33,90.0,False
3152,204.1305,17.12,0.0,False
3153,204.1605,18.31,90.0,False
3154,204.1845,51.5,90.0,False
3155,204.246,16.97,90.0,False
3156,204.2471,7.25,0.0,False
3157,204.2474,16.99,0.0,False
3158,204.2863,18.28,90.0,False
3159,204.3264,58.36,0.0,False
3160,204.3619,17.35,0.0,True
3161,204.4199,975.9,0.0,False
3162,204.4321,36.36,0.0,False
3163,204.4706,9.12,12.6667,False
3164,204.5082,19.23,0.0,False
3165,204.5347,10.22,0.0,False
3166,204.5483,17.23,0.0,True
3167,204.5542,10.58,0.0,False
3168,204.5671,17.55,0.0,False
3169,204.609,20.21,0.0,True
3170,204.6379,18.4,0.0,False
3171,204.6651,18.7,0.0,True
3172,204.7043,17.93,90.0,False
3173,204.7197,17.86,85.0,False
3174,204.7518,17.35,90.0,False
3175,204.7757,7.43,0.0,False
3176,204.9367,18.66,0.0,True
3177,204.9683,18.63,90.0,False
3178,204.9808,10.31,0.0,True
3179,205.0571,18.75,0.0,False
3180,205.1145,18.71,90.0,False
3181,205.1438,18.08,0.0,False
3182,205.1835,19.11,90.0,False
3183,205.3097,10.65,0.0,False
3184,205.3318,9.63,0.0,False
3185,205.6187,19.25,90.0,False
3186,205.8069,8.2,0.0,False
3187,205.8421,17.98,0.0,False
3188,205.8474,17.14,0.0,False
3189,206.0517,11.51,0.0,False
3190,206.0755,9.55,0.0,True
3191,206.0834,17.68,0.0,True
3192,206.2045,8.45,0.0,True
3193,206.2234,9.16,90.0,False
3194,206.2806,9.63,57.0,False
3195,206.3037,31.07,90.0,False
3196,206.3906,16.86,90.0,True
3197,206.473,8.1,0.0,True
3198,206.6929,17.69,0.0,False
3199,206.8097,7.46,0.0,False
3200,206.8176,18.52,0.0,True
3201,206.8474,8.42,0.0,False
3202,206.8552,10.02,90.0,False
3203,206.9567,9.29,0.0,True
3204,207.0056,9.9,90.0,True
3205,207.0305,9.01,0.0,True
3206,207.0376,8.31,0.0,False
3207,207.0488,18.93,90.0,False
3208,207.2809,9.81,0.0,False
3209,207.3011,8.44,0.0,True
3210,207.335,9.18,0.0,True
3211,207.3515,8.17,0.0,True
3212,207.3943,10.2,90.0,False
3213,207.4358,9.16,0.0,True
3214,207.4556,33.14,0.0,False
3215,207.4774,18.24,90.0,False
3216,207.4847,9.39,0.0,False
3217,207.5377,9.76,90.0,False
3218,207.5918,8.56,0.0,True
3219,207.5988,7.66,0.0,False
3220,207.6085,8.83,0.0,False
3221,207.6902,9.13,0.0,False
3222,207.8625,9.92,0.0,False
3223,207.8632,7.05,0.0,False
3224,207.9105,9.44,25.3333,False
3225,207.9735,18.18,0.0,False
3226,207.9955,9.37,0.0,True
3227,208.0058,10.23,90.0,False
3228,208.0857,9.23,0.0,False
3229,208.2006,8.8,0.0,False
3230,208.266,9.17,0.0,False
3231,208.2867,7.38,0.0,False
3232,208.344,10.11,0.0,False
3233,208.3452,9.65,90.0,False
3234,208.4085,8.38,0.0,False
3235,208.4393,9.61,0.0,False
3236,208.4936,8.4,90.0,False
3237,208.6265,9.01,0.0,False
3238,208.6395,8.98,90.0,False
3239,208.8267,8.03,0.0,False
3240,208.8327,8.45,0.0,True
3241,208.8408,8.67,90.0,False
3242,208.8552,8.78,0.0,False
3243,208.8994,8.69,0.0,False
3244,208.9436,9.29,0.0,False
3245,209.0551,9.66,0.0,False
3246,209.1099,8.07,90.0,False
3247,209.1421,17.67,0.0,True
3248,209.1748,8.25,0.0,False
3249,209.1805,9.31,0.0,False
3250,209.1879,8.69,0.0,False
3251,209.1922,9.49,90.0,False
3252,209.234,9.15,90.0,False
3253,209.2393,8.87,90.0,False
3254,209.2817,9.8,0.0,False
3255,209.3013,8.91,0.0,False
3256,209.3111,10.7,0.0,True
3257,209.3398,8.36,0.0,False
3258,209.3543,8.2,0.0,True
3259,209.3789,10.34,0.0,False
3260,209.3857,9.5,90.0,True
3261,209.3869,9.24,0.0,False
3262,209.4331,8.42,0.0,False
3263,209.4455,8.47,0.0,False
3264,209.4764,8.53,90.0,False
3265,209.5028,8.95,0.0,False
3266,209.5576,8.19,0.0,False
3267,209.6071,7.76,0.0,False
3268,209.6521,9.02,90.0,True
3269,209.7527,8.66,0.0,False
3270,209.7587,9.68,90.0,False
3271,209.7996,9.34,0.0,False
3272,209.9218,9.41,0.0,True
3273,209.9391,11.52,0.0,False
3274,209.9427,10.12,0.0,False
3275,209.9493,10.04,0.0,False
3276,209.9522,9.33,90.0,False
3277,209.9622,10.16,0.0,False
3278,209.9675,9.69,0.0,True
3279,210.0201,10.01,0.0,False
3280,210.0218,9.56,0.0,True
3281,210.0509,9.94,0.0,False
3282,210.0532,9.97,0.0,True
3283,210.0773,9.35,0.0,False
3284,210.0813,10.86,0.0,False
3285,210.0835,10.18,0.0,False
3286,210.1001,9.6,0.0,False
3287,210.1074,9.58,0.0,False
3288,210.1429,10.02,0.0,False
3289,210.1467,9.27,0.0,False
3290,210.1671,9.06,0.0,False
3291,210.1727,9.56,0.0,False
3292,210.2692,8.83,0.0,False
3293,210.3322,8.79,0.0,True
3294,210.3934,9.22,0.0,False
3295,210.4021,7.97,0.0,True
3296,210.4093,9.17,0.0,False
3297,210.4317,10.13,0.0,False
3298,210.5047,10.12,0.0,False
3299,210.5362,9.18,90.0,False
3300,210.5423,9.55,0.0,False
3301,210.5622,9.0,0.0,False
3302,210.5955,9.09,0.0,True
3303,210.5993,9.35,0.0,True
3304,210.6095,10.99,90.0,False
3305,210.6792,9.08,90.0,False
3306,210.6921,9.84,0.0,False
3307,210.6934,9.39,0.0,True
3308,210.713,9.49,90.0,False
3309,210.7204,8.73,0.0,True
3310,210.7228,8.58,0.0,False
3311,210.7351,8.54,0.0,False
3312,210.7486,8.81,0.0,False
3313,210.7506,9.44,0.0,True
3314,210.758,8.77,0.0,False
3315,210.8323,8.92,0.0,False
3316,210.835,9.25,0.0,False
3317,210.8452,9.47,0.0,False
3318,210.8459,9.67,0.0,True
3319,210.9235,8.88,0.0,True
3320,210.9433,8.45,0.0,False
3321,210.9487,9.37,90.0,True
3322,210.9649,10.37,90.0,False
3323,210.9657,8.66,0.0,True
3324,210.9668,10.03,0.0,False
3325,210.9713,9.94,0.0,True
3326,211.0632,10.26,0.0,False
3327,211.0641,8.26,0.0,False
3328,211.0758,9.98,0.0,False
3329,211.0759,9.48,0.0,False
3330,211.0778,8.32,90.0,True
3331,211.0831,8.74,90.0,False
3332,211.0984,9.19,90.0,False
3333,211.0986,9.44,0.0,False
3334,211.1219,8.95,0.0,False
3335,211.1223,9.99,90.0,False
3336,211.1338,8.03,0.0,False
3337,211.1581,7.89,0.0,False
3338,211.1616,9.02,0.0,True
3339,211.1748,100.61,0.0,False
3340,211.1805,8.21,0.0,True
3341,211.2021,9.83,0.0,True
3342,211.2146,10.96,0.0,False
3343,211.2147,9.12,90.0,False
3344,211.2314,7.83,0.0,False
3345,211.2483,9.23,0.0,True
3346,211.2705,9.56,0.0,False
3347,211.272,8.6,90.0,False
3348,211.2822,8.7,0.0,False
3349,211.3014,8.63,0.0,False
3350,211.3088,9.24,90.0,False
3351,211.3094,8.63,0.0,False
3352,211.3185,9.67,12.6667,False
3353,211.3546,9.54,0.0,False
3354,211.3669,9.92,0.0,True
3355,211.3895,9.42,90.0,False
3356,211.4002,9.01,0.0,False
3357,211.442,9.28,0.0,True
3358,211.4452,8.92,0.0,False
3359,211.4479,10.36,0.0,False
3360,211.4753,8.82,90.0,False
3361,211.4787,10.91,90.0,False
3362,211.4791,9.34,90.0,False
3363,211.5017,9.36,0.0,False
3364,211.5156,8.87,0.0,True
3365,211.5181,8.6,90.0,False
3366,211.5345,9.45,0.0,False
3367,211.5464,8.52,0.0,True
3368,211.5476,9.01,90.0,False
3369,211.548,8.7,0.0,False
3370,211.5553,8.6,0.0,False
3371,211.5611,8.48,0.0,False
3372,211.5756,8.55,90.0,False
3373,211.5802,9.59,0.0,True
3374,211.6083,9.2,0.0,True
3375,211.6422,7.25,0.0,False
3376,211.6445,9.7,0.0,False
3377,211.648,8.88,0.0,False
3378,211.6625,10.54,0.0,True
3379,211.7479,10.03,90.0,False
3380,211.7934,9.4,90.0,True
3381,211.7937,9.08,0.0,False
3382,211.8041,8.2,12.6667,False
3383,211.8097,9.46,0.0,False
3384,211.8418,9.88,0.0,False
3385,211.8434,8.38,90.0,False
3386,211.868,9.02,0.0,True
3387,211.8736,8.72,0.0,True
3388,211.8766,8.5,0.0,False
3389,211.8774,9.25,0.0,False
3390,211.8917,9.75,0.0,False
3391,211.9149,8.31,0.0,False
3392,211.9576,9.48,0.0,False
3393,211.9602,8.98,0.0,False
3394,211.9744,9.11,0.0,False
3395,211.9906,9.87,0.0,False
3396,211.9969,8.85,0.0,False
3397,211.9995,8.97,0.0,False
3398,212.0015,8.74,0.0,True
3399,212.0046,9.86,0.0,True
3400,212.0249,9.32,0.0,False
3401,212.0355,10.35,0.0,False
3402,212.0728,9.06,0.0,False
3403,212.0785,9.98,0.0,True
3404,212.0825,8.29,90.0,False
3405,212.088,8.27,0.0,False
3406,212.1226,8.28,0.0,False
3407,212.1468,8.55,0.0,False
3408,212.1513,8.17,0.0,False
3409,212.1559,8.26,0.0,False
3410,212.1621,9.27,0.0,False
3411,212.1852,8.54,0.0,False
3412,212.1987,8.09,0.0,True
3413,212.2049,9.74,0.0,False
3414,212.249,9.4,0.0,False
3415,212.25,7.83,0.0,False
3416,212.2555,9.34,90.0,False
3417,212.2588,8.57,0.0,False
3418,212.2765,9.28,0.0,True
3419,212.2949,8.45,0.0,False
3420,212.3112,8.71,90.0,False
3421,212.3155,8.55,0.0,False
3422,212.3252,8.96,0.0,True
3423,212.3605,8.44,0.0,False
3424,212.3696,8.88,90.0,False
3425,212.3964,8.24,0.0,False
3426,212.3992,7.71,0.0,False
3427,212.4135,10.09,0.0,False
3428,212.4139,8.92,0.0,False
3429,212.4172,7.71,0.0,False
3430,212.4219,8.56,0.0,False
3431,212.4399,8.8,0.0,False
3432,212.4853,8.65,0.0,False
3433,212.4945,9.01,0.0,False
3434,212.5006,10.07,0.0,False
3435,212.5158,8.94,90.0,False
3436,212.5238,8.06,0.0,False
3437,212.5474,9.05,90.0,False
3438,212.5941,10.1,0.0,False
3439,212.5952,9.48,90.0,False
3440,212.5969,8.67,0.0,True
3441,212.6152,8.82,0.0,False
3442,212.6233,10.09,0.0,False
3443,212.6486,7.75,0.0,False
3444,212.6641,9.42,90.0,False
3445,212.6684,9.71,0.0,False
3446,212.6697,8.73,0.0,False
3447,212.675,9.57,0.0,False
3448,212.7052,10.28,0.0,False
3449,212.7115,8.63,0.0,False
3450,212.7182,8.73,0.0,False
3451,212.7191,9.03,0.0,True
3452,212.7304,9.8,0.0,False
3453,212.7335,9.65,0.0,False
3454,212.7494,10.07,0.0,False
3455,212.7641,8.02,0.0,False
3456,212.7794,9.44,0.0,False
3457,212.8077,10.39,90.0,False
3458,212.8216,8.64,0.0,True
3459,212.8693,9.81,0.0,False
3460,212.8795,9.21,90.0,False
3461,212.8889,9.92,0.0,False
3462,212.8902,9.86,0.0,False
3463,212.8916,10.26,90.0,False
3464,212.8922,8.78,0.0,False
3465,212.9261,9.1,0.0,False
3466,212.929,10.08,0.0,False
3467,212.9329,9.14,0.0,False
3468,212.9337,9.86,90.0,False
3469,212.937,9.02,0.0,False
3470,212.9581,8.19,0.0,False
3471,212.9602,9.84,90.0,True
3472,212.961,9.85,0.0,True
3473,212.9768,9.8,90.0,False
3474,212.9785,8.95,0.0,False
3475,212.9951,8.53,0.0,False
3476,213.003,9.47,0.0,True
3477,213.0086,8.82,0.0,False
3478,213.0303,9.13,90.0,False
3479,213.0347,8.72,90.0,False
3480,213.0462,8.39,90.0,False
3481,213.0492,9.67,0.0,False
3482,213.0632,9.86,0.0,False
3483,213.0643,9.65,0.0,True
3484,213.0673,8.34,0.0,False
3485,213.096,9.37,0.0,False
3486,213.1039,10.01,90.0,True
3487,213.1224,7.98,0.0,False
3488,213.1477,8.79,90.0,False
3489,213.1524,7.5,0.0,True
3490,213.1539,8.41,0.0,False
3491,213.1647,8.59,0.0,False
3492,213.1724,9.68,90.0,False
3493,213.1846,8.41,0.0,False
3494,213.1989,8.48,0.0,False
3495,213.2061,8.38,90.0,False
3496,213.2121,11.33,90.0,True
3497,213.2266,8.75,0.0,False
3498,213.2396,8.99,0.0,False
3499,213.2486,9.29,0.0,False
3500,213.2509,11.87,0.0,False
3501,213.2605,7.88,0.0,False
3502,213.2904,8.34,0.0,False
3503,213.3041,8.75,0.0,True
3504,213.308,9.35,90.0,False
3505,213.3104,9.41,90.0,False
3506,213.3139,9.35,0.0,False
3507,213.3382,9.14,0.0,False
3508,213.3411,8.04,0.0,False
3509,213.3543,9.96,0.0,False
3510,213.3545,8.81,90.0,False
3511,213.359,8.01,0.0,False
3512,213.3594,9.13,0.0,False
3513,213.3633,9.62,0.0,True
3514,213.3746,8.95,0.0,True
3515,213.3797,9.18,0.0,False
3516,213.3857,9.71,90.0,True
3517,213.3918,9.14,85.0,False
3518,213.4025,10.49,0.0,False
3519,213.4107,8.74,0.0,False
3520,213.4131,9.66,90.0,False
3521,213.4277,8.85,90.0,False
3522,213.4405,8.07,0.0,False
3523,213.4458,10.02,0.0,False
3524,213.4462,8.73,0.0,False
3525,213.45,9.57,0.0,False
3526,213.4538,8.36,90.0,False
3527,213.4644,8.1,0.0,True
3528,213.4688,10.5,0.0,True
3529,213.4696,9.06,0.0,False
3530,213.4878,9.38,0.0,False
3531,213.5189,9.06,0.0,False
3532,213.5469,9.47,90.0,False
3533,213.5562,8.39,90.0,True
3534,213.5802,7.97,0.0,False
3535,213.5807,9.39,0.0,False
3536,213.5813,10.1,0.0,False
3537,213.5969,8.87,0.0,False
3538,213.6044,7.66,90.0,False
3539,213.6075,8.07,0.0,False
3540,213.6349,8.4,0.0,False
3541,213.644,9.93,0.0,False
3542,213.6534,9.2,19.0,False
3543,213.663,7.94,0.0,False
3544,213.6702,9.19,90.0,False
3545,213.7002,8.55,0.0,False
3546,213.7138,7.84,0.0,False
3547,213.7235,10.04,0.0,False
3548,213.7262,9.63,0.0,False
3549,213.7611,9.64,0.0,False
3550,213.77,8.82,90.0,False
3551,213.7722,8.73,0.0,False
3552,213.854,9.55,0.0,False
3553,213.8673,7.9,38.0,False
3554,213.8724,9.99,0.0,True
3555,213.8753,8.83,19.0,False
3556,213.8838,9.54,0.0,False
3557,213.8924,10.27,0.0,True
3558,213.9075,8.19,0.0,False
3559,213.9125,9.82,0.0,False
3560,213.9318,10.5,0.0,False
3561,213.9543,8.93,90.0,False
3562,213.9743,9.23,90.0,False
3563,213.9795,9.09,90.0,False
3564,213.9872,7.76,90.0,False
3565,214.0084,10.21,0.0,False
3566,214.0235,8.98,90.0,False
3567,214.0251,9.04,90.0,False
3568,214.0312,9.07,90.0,False
3569,214.032,8.51,0.0,False
3570,214.0428,8.94,0.0,True
3571,214.0476,8.47,0.0,False
3572,214.0544,8.79,0.0,False
3573,214.0653,9.36,0.0,False
3574,214.0661,10.08,0.0,False
3575,214.0754,8.07,0.0,True
3576,214.094,9.72,0.0,False
3577,214.1004,8.81,0.0,False
3578,214.1074,10.29,0.0,False
3579,214.1213,9.13,0.0,False
3580,214.1287,8.75,90.0,False
3581,214.1474,7.63,90.0,False
3582,214.152,11.18,0.0,True
3583,214.162,8.09,0.0,False
3584,214.1734,9.68,0.0,True
3585,214.1842,9.74,0.0,False
3586,214.2082,10.2,0.0,False
3587,214.2084,9.54,0.0,False
3588,214.2181,9.9,90.0,False
3589,214.2216,9.25,0.0,False
3590,214.2354,9.54,0.0,False
3591,214.2371,9.47,0.0,False
3592,214.2403,7.8,0.0,False
3593,214.2455,9.36,0.0,False
3594,214.2579,10.44,12.6667,True
3595,214.2593,9.07,0.0,False
3596,214.2781,9.13,90.0,True
3597,214.2847,9.4,90.0,False
3598,214.2855,8.21,0.0,False
3599,214.302,8.75,90.0,False
3600,214.3029,9.92,90.0,False
3601,214.3092,8.77,0.0,False
3602,214.3232,9.45,90.0,False
3603,214.3386,9.45,0.0,False
3604,214.3404,8.95,90.0,False
3605,214.3456,8.97,0.0,False
3606,214.3486,8.81,0.0,False
3607,214.3551,9.43,90.0,False
3608,214.3595,9.17,90.0,False
3609,214.3666,9.5,90.0,False
3610,214.3876,9.1,0.0,False
3611,214.3982,10.31,38.0,False
3612,214.401,9.16,90.0,False
3613,214.418,8.37,0.0,True
3614,214.4261,10.05,0.0,True
3615,214.4308,9.57,0.0,False
3616,214.4354,9.95,0.0,True
3617,214.4535,9.71,12.6667,False
3618,214.4633,9.84,0.0,True
3619,214.4692,10.18,90.0,True
3620,214.4721,9.75,0.0,False
3621,214.4798,8.65,0.0,True
3622,214.5021,8.58,0.0,False
3623,214.5116,9.58,0.0,False
3624,214.5303,11.08,0.0,False
3625,214.5308,8.46,0.0,False
3626,214.5668,8.62,0.0,True
3627,214.5756,8.17,0.0,False
3628,214.5777,9.15,90.0,False
3629,214.6063,9.15,0.0,False
3630,214.6172,8.99,0.0,False
3631,214.632,10.24,90.0,False
3632,214.638,9.36,0.0,False
3633,214.6384,9.71,90.0,False
3634,214.6385,9.23,0.0,False
3635,214.6497,9.56,0.0,False
3636,214.6542,9.87,0.0,True
3637,214.6736,9.33,0.0,False
3638,214.6867,8.48,0.0,False
3639,214.6997,8.66,0.0,False
3640,214.7041,8.43,0.0,False
3641,214.7066,10.6,0.0,True
3642,214.7297,37.03,90.0,True
3643,214.737,9.28,0.0,False
3644,214.7375,9.2,0.0,False
3645,214.7386,8.12,0.0,True
3646,214.7392,7.57,0.0,False
3647,214.7536,8.99,0.0,False
3648,214.7669,9.72,0.0,False
3649,214.7723,9.91,0.0,False
3650,214.7893,10.32,0.0,True
3651,214.7923,9.13,0.0,False
3652,214.8135,10.52,0.0,False
3653,214.8252,7.87,0.0,False
3654,214.8589,9.54,0.0,False
3655,214.8651,9.94,0.0,False
3656,214.8656,10.31,0.0,False
3657,214.8713,9.34,90.0,False
3658,214.8757,9.84,0.0,True
3659,214.8845,7.66,90.0,False
3660,214.9083,8.47,0.0,False
3661,214.9093,2311.91,85.0,False
3662,214.9135,9.96,0.0,False
3663,214.9323,9.05,90.0,False
3664,214.9341,8.63,90.0,False
3665,214.9341,9.85,0.0,False
3666,214.94,8.78,0.0,False
3667,214.9425,10.02,90.0,False
3668,214.9446,9.3,0.0,False
3669,214.9518,7.9,0.0,False
3670,214.9533,10.26,90.0,True
3671,214.9537,8.46,0.0,False
3672,214.9538,8.76,0.0,True
3673,214.9593,8.83,0.0,False
3674,214.9698,8.31,90.0,True
3675,214.9758,9.63,0.0,False
3676,214.9819,9.45,0.0,False
3677,214.9853,9.26,0.0,True
3678,214.9913,10.56,90.0,True
3679,215.0236,9.36,90.0,False
3680,215.0268,10.19,0.0,False
3681,215.0327,9.54,0.0,False
3682,215.0394,9.5,0.0,False
3683,215.0417,9.84,0.0,False
3684,215.078,8.68,0.0,False
3685,215.0863,9.18,0.0,False
3686,215.0918,9.74,0.0,False
3687,215.0944,8.46,0.0,False
3688,215.1051,9.16,0.0,False
3689,215.1066,9.01,0.0,True
3690,215.116,8.04,12.6667,False
3691,215.132,9.51,0.0,False
3692,215.134,8.69,0.0,False
3693,215.1384,8.32,90.0,False
3694,215.1465,9.79,0.0,False
3695,215.148,9.26,0.0,False
3696,215.1738,10.2,0.0,False
3697,215.1749,9.11,90.0,False
3698,215.1774,8.08,90.0,False
3699,215.1806,10.26,90.0,True
3700,215.1847,9.07,90.0,False
3701,215.2009,8.77,0.0,False
3702,215.2018,8.69,0.0,False
3703,215.2169,9.47,0.0,False
3704,215.2219,9.83,0.0,False
3705,215.2232,9.75,0.0,True
3706,215.2257,8.99,0.0,False
3707,215.2413,9.63,90.0,False
3708,215.2415,9.4,0.0,True
3709,215.2418,9.47,0.0,False
3710,215.2633,10.71,0.0,True
3711,215.2671,9.62,0.0,False
3712,215.2712,9.88,0.0,False
3713,215.2865,10.07,90.0,False
3714,215.2903,8.76,0.0,False
3715,215.2963,9.26,90.0,False
3716,215.3021,9.66,0.0,False
3717,215.3236,9.07,0.0,False
3718,215.3351,8.11,95.0,True
3719,215.3393,10.04,0.0,True
3720,215.3396,8.67,0.0,False
3721,215.3468,9.32,0.0,False
3722,215.3782,8.96,90.0,False
3723,215.4231,9.6,0.0,False
3724,215.424,9.28,0.0,False
3725,215.4288,10.34,95.0,False
3726,215.4525,9.16,90.0,True
3727,215.456,9.73,0.0,False
3728,215.4616,11.12,90.0,True
3729,215.4735,9.57,0.0,False
3730,215.4793,9.52,90.0,False
3731,215.4843,10.51,0.0,True
3732,215.4854,9.75,90.0,True
3733,215.4855,10.32,0.0,False
3734,215.4856,8.32,90.0,True
3735,215.4916,9.09,90.0,False
3736,215.5173,8.53,0.0,False
3737,215.5354,9.13,0.0,False
3738,215.5432,8.81,90.0,False
3739,215.5466,9.19,0.0,False
3740,215.5529,8.68,0.0,True
3741,215.5715,8.8,85.0,False
3742,215.5831,11.14,0.0,False
3743,215.5878,8.14,0.0,True
3744,215.6029,9.56,0.0,False
3745,215.619,2.4,0.0,False
3746,215.6214,4.83,0.0,False
3747,215.6421,9.45,0.0,True
3748,215.6422,9.0,0.0,False
3749,215.6509,9.78,0.0,False
3750,215.6586,8.58,0.0,False
3751,215.6761,9.73,0.0,False
3752,215.6782,8.21,0.0,False
3753,215.6884,10.47,90.0,True
3754,215.7154,7.94,90.0,False
3755,215.7195,7.38,90.0,True
3756,215.7268,9.24,0.0,False
3757,215.7273,4.7,90.0,False
3758,215.7478,8.86,0.0,False
3759,215.751,8.86,0.0,True
3760,215.7577,9.38,0.0,True
3761,215.7609,9.16,85.0,False
3762,215.7613,10.66,90.0,False
3763,215.7846,9.38,0.0,True
3764,215.7985,8.73,90.0,False
3765,215.8292,10.13,0.0,False
3766,215.8648,9.91,0.0,True
3767,215.8843,8.75,0.0,False
3768,215.888,8.39,0.0,True
3769,215.8906,10.41,90.0,True
3770,215.9043,8.74,12.6667,True
3771,215.9106,10.91,90.0,False
3772,215.9162,9.97,0.0,False
3773,215.9201,8.51,0.0,False
3774,215.9216,9.73,90.0,True
3775,215.9246,9.56,90.0,False
3776,215.9305,7.77,0.0,False
3777,215.9469,9.36,0.0,True
3778,215.9539,8.52,0.0,False
3779,215.9541,8.06,90.0,True
3780,215.9581,9.93,0.0,False
3781,215.9584,9.56,0.0,False
3782,215.9611,8.36,0.0,False
3783,215.9809,9.44,0.0,False
3784,215.9907,9.63,0.0,False
3785,216.0052,9.92,90.0,False
3786,216.0056,9.21,0.0,True
3787,216.0184,9.33,0.0,False
3788,216.0197,7.73,0.0,False
3789,216.0214,11.83,0.0,False
3790,216.0331,193.41,90.0,False
3791,216.0377,10.32,0.0,False
3792,216.0416,11.14,38.0,False
3793,216.0452,10.33,0.0,False
3794,216.0629,8.57,90.0,False
3795,216.0691,10.42,0.0,False
3796,216.0729,9.68,90.0,True
3797,216.0799,8.4,0.0,True
3798,216.08,9.23,90.0,False
3799,216.0815,9.17,0.0,False
3800,216.082,8.55,12.6667,False
3801,216.0911,9.81,0.0,False
3802,216.0995,9.93,0.0,False
3803,216.1041,8.38,90.0,False
3804,216.1107,8.96,0.0,False
3805,216.151,10.03,90.0,False
3806,216.1566,8.47,90.0,False
3807,216.1592,9.79,0.0,False
3808,216.1643,9.17,0.0,True
3809,216.1726,8.57,0.0,False
3810,216.1855,604.28,0.0,False
3811,216.2054,8.98,0.0,False
3812,216.2055,8.69,90.0,True
3813,216.212,8.97,0.0,False
3814,216.2148,9.7,0.0,False
3815,216.2399,10.1,0.0,False
3816,216.2436,8.69,0.0,True
3817,216.2509,8.97,0.0,True
3818,216.2526,9.44,0.0,False
3819,216.259,9.55,0.0,False
3820,216.2592,11.18,0.0,False
3821,216.2615,9.47,0.0,False
3822,216.2743,9.2,0.0,False
3823,216.2755,9.41,38.0,True
3824,216.2803,9.72,0.0,False
3825,216.3128,8.89,0.0,False
3826,216.3193,9.24,90.0,False
3827,216.3207,9.55,90.0,False
3828,216.3209,10.78,0.0,False
3829,216.3219,8.95,0.0,False
3830,216.3271,10.0,0.0,False
3831,216.3368,8.38,90.0,False
3832,216.38,10.09,0.0,False
3833,216.3844,9.96,0.0,True
3834,216.3848,9.36,0.0,False
3835,216.3938,9.17,0.0,False
3836,216.4222,8.94,0.0,True
3837,216.4354,8.41,0.0,True
3838,216.4493,9.73,0.0,False
3839,216.4583,8.31,0.0,False
3840,216.4743,8.47,12.6667,False
3841,216.4753,8.87,0.0,False
3842,216.4819,9.59,0.0,False
3843,216.4849,9.59,0.0,False
3844,216.504,8.91,0.0,False
3845,216.5067,9.02,0.0,False
3846,216.5161,8.99,0.0,False
3847,216.5186,9.77,0.0,True
3848,216.5329,8.96,90.0,True
3849,216.5563,8.18,0.0,False
3850,216.5907,8.74,0.0,False
3851,216.5979,9.41,90.0,False
3852,216.6048,8.63,90.0,False
3853,216.6058,8.08,0.0,False
3854,216.6087,8.96,0.0,False
3855,216.6169,9.21,0.0,True
3856,216.6206,8.8,90.0,True
3857,216.6244,8.63,90.0,False
3858,216.629,8.93,0.0,False
3859,216.6472,63.24,0.0,True
3860,216.6508,10.21,0.0,False
3861,216.6522,8.81,0.0,False
3862,216.661,8.83,0.0,False
3863,216.6648,6.36,90.0,False
3864,216.6688,9.16,0.0,False
3865,216.6837,7.99,90.0,False
3866,216.704,9.03,0.0,True
3867,216.7075,9.3,0.0,False
3868,216.7166,8.04,0.0,False
3869,216.7233,7.05,0.0,False
3870,216.7342,10.38,0.0,True
3871,216.7418,8.35,90.0,False
3872,216.7455,9.25,0.0,False
3873,216.7495,9.33,90.0,False
3874,216.7621,8.1,0.0,False
3875,216.7628,7.76,0.0,False
3876,216.7775,4.16,0.0,False
3877,216.7887,9.06,0.0,False
3878,216.7972,7.65,90.0,False
3879,216.8455,8.8,90.0,False
3880,216.8714,6.48,0.0,False
3881,216.9416,8.35,0.0,False
3882,216.943,9.14,0.0,False
3883,216.9504,7.98,90.0,False
3884,216.9653,8.31,0.0,False
3885,216.9671,9.41,0.0,False
3886,216.9687,9.72,90.0,False
3887,216.9705,7.91,0.0,False
3888,216.9909,8.38,90.0,False
3889,216.9951,8.68,0.0,False
3890,216.9969,11.18,38.0,False
3891,217.0024,8.39,0.0,True
3892,217.0109,8.82,0.0,False
3893,217.0164,8.05,0.0,False
3894,217.0186,11.0,0.0,False
3895,217.0204,8.86,0.0,False
3896,217.0229,10.14,0.0,False
3897,217.027,8.94,0.0,False
3898,217.0292,9.01,12.6667,False
3899,217.0393,9.03,0.0,True
3900,217.0432,8.38,0.0,False
3901,217.045,692.74,0.0,False
3902,217.0458,9.04,0.0,False
3903,217.049,8.39,90.0,False
3904,217.0543,9.02,0.0,False
3905,217.0549,8.92,0.0,False
3906,217.0595,9.61,90.0,False
3907,217.0615,9.39,0.0,False
3908,217.068,4.21,0.0,False
3909,217.069,7.97,90.0,False
3910,217.075,8.2,90.0,False
3911,217.0808,9.85,0.0,False
3912,217.0861,204.87,0.0,False
3913,217.0954,8.21,12.6667,False
3914,217.0985,8.38,0.0,True
3915,217.1041,1050.47,0.0,False
3916,217.1101,9.62,0.0,False
3917,217.1134,9.19,0.0,False
3918,217.1173,7.24,90.0,False
3919,217.1297,9.16,0.0,False
3920,217.1421,9.87,0.0,False
3921,217.1435,8.47,0.0,True
3922,217.1588,9.8,0.0,False
3923,217.159,7.83,0.0,False
3924,217.1867,8.79,0.0,False
3925,217.196,9.57,0.0,False
3926,217.2053,8.89,0.0,True
3927,217.2084,9.39,0.0,False
3928,217.2143,8.62,0.0,False
3929,217.2371,8.51,90.0,False
3930,217.2428,8.33,0.0,False
3931,217.2613,8.06,90.0,True
3932,217.2791,107.26,0.0,True
3933,217.2857,8.49,0.0,False
3934,217.2929,8.19,90.0,False
3935,217.3095,8.79,0.0,True
3936,217.3326,8.59,90.0,False
3937,217.3349,9.69,0.0,False
3938,217.3404,4.8,0.0,False
3939,217.3587,9.77,0.0,True
3940,217.3624,8.77,0.0,False
3941,217.3697,9.63,90.0,True
3942,217.3702,9.67,0.0,False
3943,217.372,9.41,90.0,True
3944,217.3854,9.92,0.0,False
3945,217.3895,9.58,90.0,False
3946,217.4317,10.28,0.0,False
3947,217.4385,8.78,90.0,False
3948,217.4508,8.47,0.0,False
3949,217.4532,8.29,90.0,False
3950,217.4563,8.95,0.0,True
3951,217.4882,9.93,63.3333,False
3952,217.4914,8.99,0.0,True
3953,217.5052,7.2,0.0,False
3954,217.5087,2.63,0.0,False
3955,217.51,4.84,90.0,False
3956,217.5172,9.83,90.0,True
3957,217.5209,9.57,12.6667,False
3958,217.5391,9.32,19.0,True
3959,217.5523,10.27,0.0,False
3960,217.5557,378.1,0.0,False
3961,217.5573,8.68,0.0,False
3962,217.5843,8.6,0.0,False
3963,217.5883,8.77,0.0,True
3964,217.5899,8.93,63.3333,False
3965,217.6135,9.21,0.0,False
3966,217.6136,9.04,0.0,False
3967,217.6251,10.78,85.0,False
3968,217.6339,9.48,0.0,False
3969,217.6403,9.06,0.0,False
3970,217.6451,117.27,0.0,False
3971,217.65,9.34,0.0,False
3972,217.6624,10.53,90.0,True
3973,217.6658,8.42,90.0,False
3974,217.6755,9.49,90.0,False
3975,217.676,189.75,19.0,False
3976,217.6832,9.96,12.6667,False
3977,217.6871,10.48,0.0,True
3978,217.6967,3.26,90.0,False
3979,217.7181,9.32,0.0,False
3980,217.7181,8.35,0.0,False
3981,217.7191,6.38,90.0,False
3982,217.7224,9.56,0.0,False
3983,217.7234,6.47,0.0,False
3984,217.7294,7.72,0.0,True
3985,217.7382,9.12,0.0,False
3986,217.7411,8.72,90.0,False
3987,217.7565,9.87,0.0,False
3988,217.7651,9.36,0.0,False
3989,217.7721,8.77,0.0,True
3990,217.7754,235.07,0.0,False
3991,217.7767,7.8,90.0,True
3992,217.7873,9.58,90.0,False
3993,217.7978,9.57,0.0,False
3994,217.8051,9.33,0.0,False
3995,217.8051,9.58,0.0,False
3996,217.827,6.27,90.0,False
3997,217.8273,10.49,0.0,False
3998,217.835,9.47,90.0,False
3999,217.8512,7.7,0.0,False
4000,217.8517,9.56,0.0,False
4001,217.8613,8.17,0.0,False
4002,217.8662,3.48,0.0,False
4003,217.8743,9.56,0.0,False
4004,217.8778,8.45,0.0,False
4005,217.882,3.19,0.0,True
4006,217.9012,9.74,0.0,False
4007,217.9083,9.99,0.0,False
4008,217.9084,9.23,12.6667,False
4009,217.912,9.64,0.0,False
4010,217.9153,9.01,90.0,False
4011,217.918,9.61,0.0,True
4012,217.9391,9.4,90.0,False
4013,217.9514,8.86,90.0,False
4014,217.9558,7.72,0.0,False
4015,217.9651,236.54,90.0,False
4016,217.9846,143.2,0.0,False
4017,217.9916,347.33,0.0,False
4018,217.9974,8.87,0.0,False
4019,218.0039,9.09,0.0,True
4020,218.0042,9.69,0.0,False
4021,218.0086,1.93,0.0,False
4022,218.0094,4.6,90.0,True
4023,218.0097,2.86,0.0,False
4024,218.0153,9.19,0.0,False
4025,218.0316,9.12,85.0,False
4026,218.0354,135.29,0.0,False
4027,218.0405,10.03,0.0,False
4028,218.0409,5.41,0.0,True
4029,218.0613,8.98,90.0,False
4030,218.0843,4.92,0.0,True
4031,218.1005,3.89,0.0,False
4032,218.1019,10.2,0.0,True
4033,218.107,8.75,0.0,False
4034,218.1292,8.83,90.0,False
4035,218.1365,9.1,0.0,False
4036,218.1438,9.1,0.0,False
4037,218.1546,8.98,90.0,False
4038,218.1589,7.53,0.0,False
4039,218.1595,8.86,90.0,True
4040,218.1656,805.03,0.0,False
4041,218.1775,4.66,90.0,True
4042,218.1964,5.37,0.0,False
4043,218.1971,8.31,0.0,False
4044,218.2004,9.11,0.0,False
4045,218.2104,3.61,0.0,False
4046,218.2105,5.61,0.0,False
4047,218.2194,8.52,0.0,False
4048,218.222,361.29,0.0,False
4049,218.2236,3.78,90.0,False
4050,218.2417,9.28,0.0,False
4051,218.2524,8.94,0.0,False
4052,218.2636,36.54,0.0,False
4053,218.2686,8.4,90.0,False
4054,218.2722,8.42,90.0,False
4055,218.2772,4.93,0.0,True
4056,218.2855,10.58,0.0,False
4057,218.3031,6.18,0.0,True
4058,218.3085,8.94,0.0,True
4059,218.3145,8.53,0.0,False
4060,218.3157,7.54,0.0,False
4061,218.3172,4.18,90.0,False
4062,218.3285,7.81,0.0,True
4063,218.3348,8.46,90.0,False
4064,218.3387,8.33,0.0,False
4065,218.3427,8.15,0.0,False
4066,218.3547,9.54,0.0,True
4067,218.3636,9.49,90.0,False
4068,218.3795,8.83,0.0,False
4069,218.3972,10.37,90.0,False
4070,218.4247,9.69,0.0,False
4071,218.4321,10.26,0.0,False
4072,218.4399,9.75,90.0,False
4073,218.4525,9.82,0.0,False
4074,218.4711,9.42,0.0,False
4075,218.49,9.0,90.0,False
4076,218.4934,9.41,90.0,True
4077,218.4961,6.86,0.0,False
4078,218.5011,9.43,0.0,False
4079,218.5092,8.72,0.0,False
4080,218.5103,167.42,0.0,False
4081,218.512,10.11,0.0,True
4082,218.5391,1130.96,0.0,False
4083,218.5438,8.83,0.0,False
4084,218.5504,2.57,0.0,False
4085,218.5835,3.73,0.0,False
4086,218.6127,9.18,0.0,True
4087,218.6243,507.65,0.0,True
4088,218.6299,9.77,0.0,True
4089,218.6476,10.48,0.0,False
4090,218.6477,3.83,0.0,False
4091,218.652,9.33,90.0,False
4092,218.654,5.57,0.0,False
4093,218.6822,9.79,90.0,False
4094,218.6961,10.15,0.0,True
4095,218.7021,9.31,95.0,False
4096,218.7092,774.99,0.0,False
4097,218.7112,8.49,90.0,True
4098,218.7137,9.84,0.0,False
4099,218.7172,5.2,0.0,True
4100,218.7247,8.69,0.0,True
4101,218.7341,9.82,0.0,False
4102,218.7405,4.42,0.0,False
4103,218.7443,3.75,90.0,False
4104,218.7489,9.11,0.0,False
4105,218.7519,809.97,0.0,True
4106,218.7527,9.2,0.0,False
4107,218.7567,484.07,90.0,False
4108,218.7584,9.12,0.0,False
4109,218.7585,10.12,90.0,False
4110,218.7657,2.61,0.0,True
4111,218.7658,4.0,0.0,False
4112,218.7787,370.72,0.0,False
4113,218.7853,394.53,0.0,False
4114,218.7866,8.78,0.0,False
4115,218.796,8.57,0.0,False
4116,218.8025,9.59,90.0,False
4117,218.8157,9.55,0.0,False
4118,218.8416,3.36,0.0,False
4119,218.8516,10.53,0.0,True
4120,218.8576,6.4,0.0,False
4121,218.8645,173.1,0.0,False
4122,218.8655,9.13,0.0,False
4123,218.8783,7.15,90.0,False
4124,218.8797,9.13,90.0,False
4125,218.8852,1288.96,90.0,True
4126,218.8932,8.66,0.0,True
4127,218.8941,73.51,0.0,False
4128,218.8957,9.35,90.0,False
4129,218.9077,8.73,90.0,False
4130,218.9095,7.2,90.0,False
4131,218.9165,5.27,0.0,False
4132,218.9387,9.27,0.0,False
4133,218.9434,9.69,0.0,True
4134,218.9479,80.96,0.0,True
4135,218.9861,140.0,0.0,False
4136,218.9972,10.34,0.0,False
4137,219.0106,9.99,0.0,False
4138,219.0149,6.1,0.0,False
4139,219.0244,9.24,0.0,False
4140,219.0268,10.05,0.0,False
4141,219.033,6.59,0.0,True
4142,219.0494,8.91,0.0,True
4143,219.0526,9.75,0.0,False
4144,219.0558,8.86,0.0,False
4145,219.0667,9.35,0.0,False
4146,219.0924,8.57,0.0,False
4147,219.0929,731.77,0.0,False
4148,219.0982,9.32,0.0,True
4149,219.0988,188.55,0.0,True
4150,219.1069,8.06,0.0,False
4151,219.1143,5.6,0.0,True
4152,219.1158,68.06,0.0,False
4153,219.1185,10.69,0.0,False
4154,219.1332,8.83,0.0,False
4155,219.1417,8.17,0.0,False
4156,219.1482,1233.86,0.0,False
4157,219.149,518.07,90.0,False
4158,219.1514,9.7,0.0,False
4159,219.1561,91.24,90.0,False
4160,219.1802,10.5,0.0,False
4161,219.1829,8.84,0.0,False
4162,219.1861,9.32,0.0,False
4163,219.1951,9.49,0.0,True
4164,219.1989,8.72,0.0,False
4165,219.2045,10.01,0.0,False
4166,219.2166,9.29,0.0,False
4167,219.2265,378.14,0.0,False
4168,219.2565,100.67,0.0,False
4169,219.2766,9.22,90.0,False
4170,219.2784,9.82,0.0,False
4171,219.2812,10.66,0.0,True
4172,219.2849,3.69,90.0,False
4173,219.3017,2421.62,0.0,False
4174,219.3061,8.41,0.0,False
4175,219.3132,8.58,0.0,False
4176,219.3319,5.98,0.0,True
4177,219.3462,628.65,0.0,False
4178,219.3521,491.36,0.0,False
4179,219.3634,9.51,0.0,False
4180,219.3732,8.28,0.0,False
4181,219.3752,9.33,0.0,False
4182,219.3954,10.19,0.0,True
4183,219.3959,8.59,0.0,False
4184,219.4446,1010.56,0.0,False
4185,219.4475,3.01,0.0,False
4186,219.4551,5.37,0.0,False
4187,219.4573,9.38,0.0,False
4188,219.4581,1649.76,90.0,False
4189,219.4638,9.5,38.0,True
4190,219.4638,9.09,0.0,False
4191,219.4775,8.76,0.0,False
4192,219.5,2.5,90.0,False
4193,219.5139,9.13,90.0,False
4194,219.5268,8.61,0.0,False
4195,219.528,854.88,0.0,False
4196,219.54,9.24,0.0,False
4197,219.5431,237.45,90.0,False
4198,219.5663,81.35,90.0,True
4199,219.5665,8.91,0.0,False
4200,219.5856,8.71,0.0,False
4201,219.5916,9.71,0.0,False
4202,219.597,8.82,12.6667,False
4203,219.6071,8.82,90.0,True
4204,219.6122,105.43,90.0,False
4205,219.6125,3.29,0.0,False
4206,219.6233,9.6,0.0,False
4207,219.6245,7.31,0.0,False
4208,219.6271,213.48,85.0,False
4209,219.6403,8.28,90.0,False
4210,219.6405,4.03,90.0,False
4211,219.649,63.14,0.0,False
4212,219.6491,9.19,90.0,False
4213,219.6547,3.97,12.6667,False
4214,219.6687,280.7,0.0,True
4215,219.6753,9.74,90.0,True
4216,219.6908,8.73,0.0,True
4217,219.7183,2.63,90.0,False
4218,219.7236,156.37,0.0,False
4219,219.7262,17.41,90.0,False
4220,219.7345,2.5,0.0,False
4221,219.7346,6.14,90.0,False
4222,219.741,448.48,0.0,False
4223,219.7421,8.23,0.0,False
4224,219.7718,4.54,0.0,False
4225,219.7779,3.39,0.0,False
4226,219.7785,10.21,0.0,False
4227,219.782,1512.2,0.0,True
4228,219.8145,337.65,0.0,False
4229,219.8184,7.09,0.0,False
4230,219.8342,183.08,0.0,False
4231,219.847,199.18,0.0,False
4232,219.8652,10.07,90.0,False
4233,219.8656,892.04,0.0,False
4234,219.8697,8.99,0.0,False
4235,219.8737,9.08,0.0,False
4236,219.8761,3.4,90.0,False
4237,219.8966,9.55,0.0,False
4238,219.9013,215.95,0.0,False
4239,219.9196,10.11,0.0,False
4240,219.9223,307.63,90.0,False
4241,219.9295,5.79,0.0,False
4242,219.9355,8.89,0.0,False
4243,219.9381,9.36,0.0,False
4244,219.9484,445.21,0.0,False
4245,219.9498,10.32,0.0,False
4246,219.9525,3.88,0.0,False
4247,219.9559,7.42,90.0,True
4248,219.9667,4.11,0.0,False
4249,219.9694,9.72,0.0,False
4250,219.9802,9.4,0.0,False
4251,219.9812,9.04,0.0,False
4252,219.9962,10.47,90.0,False
4253,220.0081,9.83,0.0,False
4254,220.0137,8.43,0.0,False
4255,220.0221,10.19,0.0,True
4256,220.0384,3.16,0.0,False
4257,220.0556,4.4,90.0,False
4258,220.0629,2.6,0.0,True
4259,220.0681,86.2,0.0,False
4260,220.0704,6.36,0.0,False
4261,220.0742,522.11,0.0,False
4262,220.079,8.45,0.0,False
4263,220.0847,10.12,0.0,False
4264,220.0983,349.15,90.0,False
4265,220.0992,555.48,12.6667,False
4266,220.1074,132.27,0.0,True
4267,220.1078,5.2,0.0,False
4268,220.1174,7.74,0.0,False
4269,220.1334,7.0,90.0,True
4270,220.135,6.63,90.0,False
4271,220.1356,9.08,0.0,False
4272,220.1423,3.12,0.0,False
4273,220.1467,337.96,0.0,True
4274,220.163,775.57,90.0,False
4275,220.1681,4.16,0.0,False
4276,220.1863,217.51,90.0,True
4277,220.2057,4.31,0.0,False
4278,220.2065,1193.13,0.0,False
4279,220.2082,220.92,90.0,False
4280,220.2127,496.9,0.0,False
4281,220.2143,235.57,0.0,False
4282,220.2223,2344.33,0.0,False
4283,220.2314,9.05,0.0,False
4284,220.2323,10.22,0.0,False
4285,220.2324,8.88,90.0,False
4286,220.2325,5.12,0.0,False
4287,220.2377,66.08,0.0,False
4288,220.2381,4.69,0.0,False
4289,220.2465,5.06,90.0,False
4290,220.2491,7.86,0.0,False
4291,220.2529,8.88,0.0,True
4292,220.264,2.21,90.0,False
4293,220.2661,9.29,90.0,False
4294,220.2976,3929.46,0.0,True
4295,220.3021,8.53,90.0,False
4296,220.3179,8.2,0.0,False
4297,220.3335,4.59,0.0,False
4298,220.3349,9.13,0.0,True
4299,220.3367,43.04,0.0,False
4300,220.3525,96.44,0.0,False
4301,220.36,460.2,0.0,True
4302,220.362,3.99,0.0,True
4303,220.3629,1130.81,0.0,True
4304,220.3649,6.4,0.0,True
4305,220.3679,1119.8,90.0,False
4306,220.3745,10.18,0.0,True
4307,220.3836,447.37,0.0,False
4308,220.3868,444.09,0.0,False
4309,220.3901,9.56,90.0,False
4310,220.397,369.37,0.0,False
4311,220.4062,101.13,90.0,False
4312,220.4197,7.71,0.0,False
4313,220.4236,5.86,90.0,False
4314,220.4296,2.81,0.0,True
4315,220.4327,3.52,0.0,False
4316,220.4416,8.14,0.0,False
4317,220.4433,5.27,0.0,False
4318,220.4498,5.67,0.0,False
4319,220.4502,405.27,0.0,False
4320,220.4551,3.3,0.0,True
4321,220.4628,5.63,0.0,False
4322,220.4688,9.91,0.0,False
4323,220.4747,4.9,38.0,True
4324,220.4762,10.25,0.0,False
4325,220.4829,2.6,0.0,False
4326,220.4845,2.97,0.0,False
4327,220.4888,5.7,0.0,False
4328,220.4895,158.65,90.0,False
4329,220.5069,118.75,0.0,False
4330,220.5074,9.11,90.0,False
4331,220.5165,4.22,0.0,False
4332,220.518,8.97,0.0,False
4333,220.5196,8.7,0.0,False
4334,220.5206,9.19,0.0,True
4335,220.5327,99.97,90.0,False
4336,220.5348,6.69,0.0,False
4337,220.5471,9.42,0.0,False
4338,220.5709,340.46,0.0,False
4339,220.5728,9.17,90.0,False
4340,220.5856,1507.0,0.0,False
4341,220.5955,5.65,0.0,False
4342,220.6109,10.29,0.0,False
4343,220.6133,10.18,0.0,False
4344,220.6153,7.52,0.0,False
4345,220.6382,6.13,0.0,True
4346,220.6417,6.12,90.0,True
4347,220.65,5.76,90.0,False
4348,220.654,5.04,0.0,False
4349,220.6587,5.6,0.0,False
4350,220.6807,395.7,0.0,False
4351,220.6818,9.73,0.0,False
4352,220.6846,940.41,90.0,False
4353,220.6867,5.52,0.0,False
4354,220.6928,265.48,0.0,False
4355,220.7082,10.0,0.0,False
4356,220.721,4.27,0.0,False
4357,220.7228,9.0,19.0,False
4358,220.7238,121.53,90.0,False
4359,220.7405,4.81,0.0,True
4360,220.7608,462.85,90.0,False
4361,220.7632,8.95,0.0,False
4362,220.7746,4.53,0.0,False
4363,220.7781,7.62,0.0,False
4364,220.7867,4.09,0.0,False
4365,220.7959,319.07,0.0,False
4366,220.8246,9.07,0.0,False
4367,220.8283,3.45,19.0,False
4368,220.8805,341.91,0.0,False
4369,220.8978,108.79,0.0,True
4370,220.8981,9.79,0.0,True
4371,220.8987,363.41,0.0,False
4372,220.9196,8.25,12.6667,False
4373,220.9299,1288.95,0.0,True
4374,220.9349,674.11,0.0,False
4375,220.9365,633.0,0.0,False
4376,220.9436,3.46,0.0,False
4377,220.9593,5.4,0.0,False
4378,220.9672,3.58,90.0,False
4379,220.9719,883.33,90.0,True
4380,220.9856,4.19,0.0,False
4381,220.9916,106.6,0.0,False
4382,221.0107,10.16,0.0,True
4383,221.0165,3.28,0.0,False
4384,221.0195,628.66,90.0,False
4385,221.0344,937.79,0.0,True
4386,221.0353,5.67,90.0,False
4387,221.0361,333.38,0.0,False
4388,221.0513,6.19,90.0,False
4389,221.0526,63.82,0.0,True
4390,221.0603,4.99,0.0,False
4391,221.0603,692.66,0.0,False
4392,221.0701,168.4,0.0,False
4393,221.0803,2.36,0.0,False
4394,221.0867,244.83,90.0,True
4395,221.0891,5.27,0.0,False
4396,221.0906,1510.12,90.0,False
4397,221.0946,6.95,90.0,False
4398,221.1188,2.82,0.0,True
4399,221.1307,1930.69,90.0,False
4400,221.1377,8.72,90.0,False
4401,221.1391,137.16,0.0,False
4402,221.1451,267.49,0.0,False
4403,221.1498,75.3,0.0,False
4404,221.1584,1096.22,0.0,True
4405,221.1589,9.08,90.0,True
4406,221.1729,49.38,0.0,False
4407,221.1736,612.4,0.0,False
4408,221.1814,9.33,0.0,False
4409,221.1874,3.68,90.0,True
4410,221.1901,4.64,90.0,False
4411,221.1936,9.03,0.0,False
4412,221.1969,3.87,0.0,False
4413,221.2008,8.78,0.0,False
4414,221.2085,4.11,0.0,True
4415,221.2262,8.63,0.0,False
4416,221.2376,1462.49,0.0,False
4417,221.2547,9.13,0.0,False
4418,221.2762,9.64,0.0,False
4419,221.288,6.52,0.0,False
4420,221.2958,4.67,0.0,True
4421,221.2966,9.03,0.0,False
4422,221.2993,10.06,0.0,False
4423,221.3082,378.28,0.0,False
4424,221.3089,9.33,90.0,True
4425,221.3247,4.32,0.0,False
4426,221.3274,403.1,0.0,False
4427,221.3416,261.35,0.0,False
4428,221.3513,150.65,0.0,False
4429,221.3665,4.35,0.0,False
4430,221.3758,8.6,90.0,False
4431,221.3807,144.74,0.0,True
4432,221.3814,50.19,12.6667,False
4433,221.392,113.61,0.0,True
4434,221.404,8.42,0.0,False
4435,221.4101,9.0,90.0,False
4436,221.4234,453.97,0.0,False
4437,221.4291,7.97,0.0,False
4438,221.4459,4.35,90.0,False
4439,221.4464,4.56,0.0,False
4440,221.4551,81.96,0.0,False
4441,221.4551,9.77,0.0,False
4442,221.462,466.79,0.0,False
4443,221.4635,3.02,90.0,True
4444,221.4665,512.38,0.0,True
4445,221.467,5.91,0.0,False
4446,221.4858,3.37,63.3333,False
4447,221.5283,4.39,0.0,False
4448,221.5378,9.21,0.0,False
4449,221.5469,147.1,0.0,False
4450,221.5523,3.58,90.0,False
4451,221.5553,9.25,90.0,False
4452,221.5617,5.11,0.0,True
4453,221.5636,1090.05,90.0,False
4454,221.5828,876.89,0.0,True
4455,221.5912,189.0,0.0,False
4456,221.5985,3.51,0.0,False
4457,221.6113,8.73,0.0,False
4458,221.6281,683.35,0.0,False
4459,221.6297,6.73,90.0,True
4460,221.6337,8.56,0.0,False
4461,221.6382,10.22,90.0,False
4462,221.6607,8.54,0.0,False
4463,221.6706,8.4,0.0,False
4464,221.671,523.86,0.0,False
4465,221.6736,472.73,0.0,False
4466,221.6761,7.99,0.0,False
4467,221.6803,433.94,0.0,False
4468,221.6806,2.18,0.0,True
4469,221.7127,400.6,0.0,True
4470,221.7131,243.77,0.0,False
4471,221.7203,8.84,0.0,True
4472,221.7238,89.3,0.0,True
4473,221.7251,76.38,0.0,True
4474,221.7413,500.01,0.0,False
4475,221.7446,450.82,0.0,False
4476,221.7475,2.2,90.0,False
4477,221.7868,4.02,0.0,False
4478,221.7961,419.28,90.0,False
4479,221.7965,4.64,0.0,False
4480,221.7986,2729.38,0.0,False
4481,221.8128,850.69,0.0,False
4482,221.8143,130.55,0.0,False
4483,221.8188,52.33,90.0,False
4484,221.8322,360.6,0.0,False
4485,221.839,238.48,90.0,False
4486,221.8656,10.22,0.0,False
4487,221.8706,91.86,0.0,False
4488,221.8831,251.01,0.0,True
4489,221.8855,4.78,0.0,True
4490,221.9002,104.9,90.0,True
4491,221.9012,5.33,90.0,False
4492,221.9097,785.73,90.0,False
4493,221.9099,9.35,0.0,True
4494,221.9266,7.52,0.0,False
4495,221.9281,4.86,0.0,False
4496,221.9331,6.35,90.0,False
4497,221.9649,9.18,90.0,False
4498,221.9665,3181.47,0.0,True
4499,221.9673,4.3,0.0,True
4500,221.9821,7.61,0.0,False
4501,221.9917,9.68,0.0,False
4502,222.0014,204.12,90.0,True
4503,222.0083,6.11,0.0,False
4504,222.0084,3.72,0.0,False
4505,222.021,236.56,0.0,False
4506,222.0332,8.76,0.0,False
4507,222.0352,333.4,0.0,True
4508,222.0434,160.98,0.0,True
4509,222.0464,453.62,0.0,False
4510,222.0596,5.32,90.0,False
4511,222.0626,4.57,0.0,False
4512,222.0664,193.85,90.0,False
4513,222.0752,245.48,90.0,False
4514,222.0815,1091.05,90.0,False
4515,222.0956,456.52,0.0,False
4516,222.0963,7.0,90.0,False
4517,222.0997,9.7,90.0,True
4518,222.1087,5.5,90.0,True
4519,222.1109,2.64,0.0,False
4520,222.1117,5.15,90.0,False
4521,222.127,7.15,0.0,False
4522,222.1351,1006.78,0.0,False
4523,222.1408,1126.53,90.0,False
4524,222.1475,5.68,0.0,False
4525,222.1506,7.15,90.0,False
4526,222.151,2.4,0.0,True
4527,222.1516,103.6,0.0,False
4528,222.1622,79.17,12.6667,False
4529,222.1653,4.22,90.0,False
4530,222.1656,4.69,12.6667,False
4531,222.167,459.38,0.0,False
4532,222.1671,367.23,0.0,True
4533,222.1726,8.54,0.0,True
4534,222.1745,262.19,0.0,False
4535,222.1868,645.5,90.0,False
4536,222.1902,111.7,0.0,False
4537,222.1949,5.92,90.0,False
4538,222.2048,604.42,90.0,False
4539,222.2074,8.36,0.0,False
4540,222.2123,97.22,0.0,False
4541,222.2342,5.44,90.0,False
4542,222.2382,390.6,0.0,True
4543,222.2386,7.48,0.0,True
4544,222.2422,8.99,0.0,True
4545,222.2464,34.57,90.0,False
4546,222.2517,54.0,0.0,False
4547,222.2535,133.39,0.0,False
4548,222.2579,5.99,0.0,False
4549,222.2657,6.54,90.0,False
4550,222.272,13.41,12.6667,False
4551,222.2744,5.51,90.0,False
4552,222.3074,4.09,90.0,True
4553,222.3307,2.55,0.0,False
4554,222.3351,1151.53,0.0,False
4555,222.3353,6.29,0.0,False
4556,222.3371,6.0,0.0,True
4557,222.3383,371.41,0.0,False
4558,222.3508,8.19,0.0,True
4559,222.3578,211.43,90.0,False
4560,222.3658,3.45,90.0,False
4561,222.3711,3.37,0.0,True
4562,222.3731,297.13,0.0,True
4563,222.3781,4.98,0.0,False
4564,222.3785,3.45,0.0,False
4565,222.3837,4.66,90.0,False
4566,222.3866,7.19,90.0,False
4567,222.3915,7.75,0.0,True
4568,222.3983,86.68,0.0,False
4569,222.4053,373.54,0.0,False
4570,222.4083,6.67,0.0,False
4571,222.4113,323.11,90.0,False
4572,222.4147,60.61,0.0,False
4573,222.4213,6.0,0.0,True
4574,222.4262,528.18,0.0,False
4575,222.4406,320.2,90.0,False
4576,222.4412,2.65,0.0,False
4577,222.4545,4.76,0.0,False
4578,222.4568,4.48,0.0,False
4579,222.4588,10.89,0.0,False
4580,222.4664,5.49,90.0,False
4581,222.4669,415.11,0.0,False
4582,222.4706,8.61,0.0,True
4583,222.4852,4.6,0.0,False
4584,222.4964,369.95,0.0,False
4585,222.5165,8.39,0.0,False
4586,222.5246,240.85,0.0,False
4587,222.5303,10.09,0.0,False
4588,222.5369,4.62,0.0,False
4589,222.5446,132.68,0.0,False
4590,222.5538,2.83,0.0,False
4591,222.5538,167.56,0.0,False
4592,222.5546,218.76,0.0,False
4593,222.5557,5.62,0.0,True
4594,222.5625,5.11,0.0,False
4595,222.5662,4.34,0.0,True
4596,222.5689,133.55,19.0,False
4597,222.5892,545.21,0.0,False
4598,222.5906,71.68,0.0,True
4599,222.5927,5.15,0.0,False
4600,222.5941,6.08,0.0,False
4601,222.6041,168.32,0.0,False
4602,222.613,665.46,0.0,False
4603,222.6299,18.44,90.0,False
4604,222.6309,256.13,90.0,False
4605,222.6365,4.71,0.0,False
4606,222.6443,5.34,0.0,False
4607,222.6449,8.41,0.0,False
4608,222.6499,384.68,0.0,False
4609,222.6601,2.55,0.0,False
4610,222.6607,659.0,0.0,True
4611,222.6616,58.98,0.0,False
4612,222.6618,92.63,0.0,False
4613,222.6623,2251.61,0.0,True
4614,222.6625,4.15,0.0,False
4615,222.6652,3.82,0.0,False
4616,222.6669,6.25,0.0,False
4617,222.6677,9.55,63.3333,False
4618,222.6683,4.06,90.0,False
4619,222.6687,823.35,0.0,False
4620,222.6732,189.96,90.0,False
4621,222.683,4.53,0.0,False
4622,222.6903,3447.36,0.0,True
4623,222.7156,5.1,0.0,True
4624,222.722,4.75,0.0,True
4625,222.7237,3.39,0.0,False
4626,222.7249,3.11,0.0,True
4627,222.7438,2.7,90.0,False
4628,222.7616,1711.68,0.0,False
4629,222.7696,71.7,0.0,False
4630,222.7834,5.01,0.0,True
4631,222.8095,689.87,0.0,False
4632,222.821,4.75,0.0,True
4633,222.8219,9.7,0.0,False
4634,222.8223,8.55,0.0,False
4635,222.8224,5.07,0.0,False
4636,222.8263,4.21,0.0,False
4637,222.827,87.82,85.0,True
4638,222.8324,5.99,0.0,False
4639,222.8357,7.92,0.0,True
4640,222.8386,819.26,90.0,False
4641,222.8495,100.87,0.0,True
4642,222.8554,178.81,0.0,True
4643,222.8591,5.14,0.0,False
4644,222.8621,163.03,0.0,False
4645,222.8749,1263.53,0.0,False
4646,222.8751,49.07,0.0,False
4647,222.8869,105.78,38.0,False
4648,222.8942,4.61,0.0,False
4649,222.8961,1357.55,0.0,False
4650,222.9004,186.63,0.0,False
4651,222.9041,4.26,0.0,False
4652,222.9107,4.62,0.0,False
4653,222.9115,3.22,0.0,False
4654,222.9274,3.62,90.0,False
4655,222.9312,362.31,0.0,False
4656,222.9325,293.91,90.0,False
4657,222.9338,6.86,0.0,False
4658,222.9404,7.46,0.0,False
4659,222.9451,869.87,0.0,False
4660,222.9456,9.46,0.0,False
4661,222.9457,3.25,0.0,True
4662,222.9614,5.56,90.0,False
4663,222.9689,422.13,0.0,False
4664,222.9763,8.5,38.0,False
4665,222.9801,4.44,0.0,False
4666,222.9824,228.69,0.0,False
4667,222.9875,3.37,90.0,True
4668,222.9907,146.56,0.0,False
4669,223.002,6.44,90.0,True
4670,223.0057,4.84,0.0,False
4671,223.0065,4.72,0.0,True
4672,223.0068,128.58,0.0,False
4673,223.0135,9.77,0.0,False
4674,223.0208,4.39,0.0,True
4675,223.0248,3.38,0.0,False
4676,223.0256,776.24,0.0,False
4677,223.0313,8.05,0.0,True
4678,223.0368,6.46,0.0,False
4679,223.057,4.89,0.0,False
4680,223.0603,352.29,0.0,False
4681,223.0685,4.39,90.0,True
4682,223.076,3.07,90.0,False
4683,223.1049,149.68,0.0,False
4684,223.1059,7.21,0.0,False
4685,223.1233,209.53,0.0,False
4686,223.126,3.79,38.0,False
4687,223.1285,6.56,90.0,False
4688,223.1329,5.62,90.0,False
4689,223.1341,5.91,0.0,False
4690,223.137,106.49,12.6667,False
4691,223.1521,4.36,90.0,True
4692,223.158,3.23,0.0,False
4693,223.1636,101.63,90.0,True
4694,223.1697,5.75,0.0,False
4695,223.1741,441.61,90.0,True
4696,223.1764,5.52,0.0,False
4697,223.1863,2062.43,0.0,False
4698,223.1963,284.91,90.0,False
4699,223.1984,7.55,0.0,True
4700,223.2031,6.82,0.0,True
4701,223.2077,3.68,0.0,False
4702,223.2117,2.95,0.0,False
4703,223.2172,131.24,0.0,False
4704,223.2202,470.36,90.0,False
4705,223.226,3.67,0.0,False
4706,223.2351,184.28,0.0,False
4707,223.2395,3.92,0.0,True
4708,223.2448,187.62,90.0,False
4709,223.2449,8.29,0.0,True
4710,223.2493,6.97,0.0,False
4711,223.2536,188.55,0.0,False
4712,223.2544,4.85,90.0,True
4713,223.2587,413.5,0.0,False
4714,223.2748,4.44,90.0,False
4715,223.2784,5.63,0.0,True
4716,223.2891,5.39,0.0,True
4717,223.2952,5.64,0.0,False
4718,223.2955,4.21,0.0,False
4719,223.3059,6.21,0.0,False
4720,223.3104,44.73,0.0,False
4721,223.3139,8.22,0.0,False
4722,223.3172,6.22,0.0,True
4723,223.32,5.66,0.0,False
4724,223.3361,3.25,0.0,False
4725,223.3456,3.38,0.0,False
4726,223.3552,4.29,0.0,True
4727,223.3579,9.29,0.0,False
4728,223.3772,852.67,0.0,True
4729,223.3941,4.81,0.0,False
4730,223.3996,9.18,0.0,False
4731,223.4024,7.17,0.0,False
4732,223.4027,842.62,0.0,False
4733,223.4092,560.9,0.0,False
4734,223.4093,3.37,0.0,False
4735,223.4116,2.78,0.0,False
4736,223.4164,4.08,0.0,True
4737,223.426,3.79,0.0,False
4738,223.4517,7.58,0.0,False
4739,223.4543,392.81,0.0,False
4740,223.4557,702.89,0.0,False
4741,223.4565,4.36,0.0,True
4742,223.4608,5.17,12.6667,False
4743,223.4644,4.04,0.0,False
4744,223.4762,179.21,90.0,False
4745,223.4875,98.71,0.0,False
4746,223.4903,5.01,0.0,False
4747,223.4999,212.79,0.0,False
4748,223.5082,4.49,0.0,True
4749,223.5199,3.34,0.0,True
4750,223.5247,387.45,0.0,False
4751,223.526,2.61,90.0,True
4752,223.5265,4.92,90.0,False
4753,223.5277,2387.51,0.0,False
4754,223.5527,203.05,0.0,False
4755,223.5578,5.44,0.0,False
4756,223.5616,363.1,0.0,False
4757,223.5763,2.81,0.0,False
4758,223.5809,1.93,0.0,False
4759,223.5867,1125.98,0.0,False
4760,223.5954,8.76,90.0,False
4761,223.5967,399.6,0.0,False
4762,223.612,4.81,0.0,True
4763,223.614,6.24,0.0,False
4764,223.6248,90.21,0.0,True
4765,223.626,76.52,0.0,True
4766,223.6399,822.76,0.0,False
4767,223.6639,4.29,0.0,True
4768,223.6644,3.06,0.0,False
4769,223.6811,3.47,0.0,False
4770,223.6829,8.41,0.0,True
4771,223.6864,4.19,0.0,False
4772,223.69,4.6,90.0,False
4773,223.6924,4.16,0.0,False
4774,223.6952,131.94,0.0,True
4775,223.7027,10.0,0.0,False
4776,223.7176,3.63,0.0,False
4777,223.7194,4.96,0.0,False
4778,223.7231,4.13,0.0,False
4779,223.7239,4.53,90.0,False
4780,223.7382,2.49,0.0,False
4781,223.7509,146.6,90.0,False
4782,223.7604,9.64,0.0,False
4783,223.7605,6.01,0.0,False
4784,223.7649,514.92,0.0,False
4785,223.7671,573.34,90.0,True
4786,223.7692,4.52,0.0,False
4787,223.7853,4.68,0.0,False
4788,223.805,603.37,90.0,False
4789,223.8092,1143.72,0.0,False
4790,223.8202,725.25,0.0,True
4791,223.8207,968.46,0.0,False
4792,223.8212,150.43,0.0,True
4793,223.8234,5.73,0.0,False
4794,223.8247,137.12,25.3333,False
4795,223.8281,543.43,0.0,False
4796,223.8377,3.88,0.0,False
4797,223.8484,163.66,90.0,True
4798,223.8652,2.69,0.0,False
4799,223.8716,4.91,0.0,False
4800,223.8788,2.34,0.0,False
4801,223.881,10.48,0.0,False
4802,223.922,437.25,90.0,False
4803,223.9261,7.0,0.0,False
4804,223.9415,4.77,0.0,True
4805,223.9461,521.03,0.0,False
4806,223.9463,58.44,0.0,False
4807,223.9471,640.82,90.0,True
4808,223.9521,8.61,0.0,False
4809,223.957,3.67,0.0,False
4810,223.9593,4.68,90.0,False
4811,223.961,6.32,0.0,False
4812,223.9694,201.42,12.6667,False
4813,223.9725,9.95,90.0,False
4814,223.9818,267.05,90.0,False
4815,223.9823,5.06,90.0,False
4816,223.9835,9.42,0.0,False
4817,223.9858,394.38,0.0,False
4818,223.9887,602.68,90.0,True
4819,224.0018,442.31,0.0,False
4820,224.0117,173.63,0.0,False
4821,224.0122,400.65,90.0,True
4822,224.0215,3.6,0.0,False
4823,224.025,1072.07,0.0,False
4824,224.0315,7.39,0.0,False
4825,224.048,439.09,90.0,False
4826,224.0611,4.58,0.0,False
4827,224.0741,84.69,0.0,False
4828,224.0904,266.3,0.0,False
4829,224.0912,5.05,0.0,False
4830,224.1125,3.19,0.0,False
4831,224.1177,8.16,0.0,False
4832,224.1183,61.19,0.0,False
4833,224.1197,9.27,90.0,False
4834,224.1276,5.69,0.0,False
4835,224.1337,9.11,90.0,True
4836,224.1422,10.86,0.0,False
4837,224.1453,171.47,0.0,False
4838,224.1528,4.54,0.0,False
4839,224.1584,2.28,90.0,False
4840,224.1761,65.89,90.0,False
4841,224.1762,26.43,0.0,False
4842,224.1799,5.39,90.0,True
4843,224.1911,220.85,0.0,False
4844,224.1929,2.48,0.0,False
4845,224.1971,717.44,0.0,True
4846,224.2055,5.1,0.0,False
4847,224.2059,70.43,0.0,False
4848,224.2127,365.23,0.0,False
4849,224.2154,221.42,90.0,False
4850,224.2176,5.84,0.0,False
4851,224.2226,965.65,0.0,False
4852,224.2265,554.56,0.0,False
4853,224.231,280.12,0.0,False
4854,224.2314,613.56,0.0,True
4855,224.2462,4.44,0.0,False
4856,224.248,537.19,0.0,False
4857,224.2661,320.25,0.0,False
4858,224.271,439.67,0.0,True
4859,224.2776,1061.74,90.0,False
4860,224.2833,45.42,0.0,False
4861,224.2986,4.22,0.0,True
4862,224.3012,271.95,0.0,False
4863,224.3066,3.33,90.0,False
4864,224.3118,207.56,90.0,False
4865,224.3141,5.92,0.0,False
4866,224.3177,3.8,0.0,False
4867,224.3338,9.84,90.0,False
4868,224.3391,287.83,0.0,False
4869,224.3394,222.96,0.0,True
4870,224.3406,144.08,0.0,False
4871,224.3486,2.89,0.0,False
4872,224.3558,5.38,0.0,False
4873,224.373,4.9,0.0,False
4874,224.3733,302.23,0.0,True
4875,224.3929,499.62,0.0,True
4876,224.3935,4.89,0.0,False
4877,224.398,126.85,0.0,False
4878,224.4036,3.45,90.0,False
4879,224.4087,6.07,90.0,False
4880,224.4153,154.58,0.0,False
4881,224.4254,412.27,0.0,True
4882,224.4312,318.65,0.0,False
4883,224.4338,3.39,90.0,False
4884,224.4405,1020.22,0.0,True
4885,224.4406,2.57,0.0,True
4886,224.4582,86.27,0.0,False
4887,224.4707,510.6,0.0,False
4888,224.4718,597.4,0.0,False
4889,224.4721,1489.9,0.0,False
4890,224.4727,4.11,0.0,False
4891,224.4735,333.48,0.0,False
4892,224.481,7.13,12.6667,False
4893,224.4841,6.19,0.0,False
4894,224.4881,6.79,0.0,False
4895,224.4916,84.31,90.0,True
4896,224.5082,4.51,90.0,False
4897,224.5117,320.3,0.0,False
4898,224.5139,10.29,0.0,False
4899,224.5195,422.68,0.0,False
4900,224.5198,284.78,0.0,False
4901,224.5277,4.06,0.0,False
4902,224.5389,228.11,0.0,False
4903,224.546,2.72,0.0,False
4904,224.546,6.11,95.0,False
4905,224.5496,445.55,0.0,True
4906,224.5556,3127.06,0.0,False
4907,224.5557,5.51,90.0,False
4908,224.5571,6.72,0.0,False
4909,224.56,5.97,0.0,False
4910,224.5783,4.25,0.0,False
4911,224.5851,3.84,0.0,False
4912,224.5872,8.74,90.0,False
4913,224.5932,6.9,0.0,False
4914,224.5996,5.0,0.0,False
4915,224.6092,248.24,0.0,False
4916,224.6116,3.89,0.0,False
4917,224.6184,2302.41,0.0,False
4918,224.6306,125.56,0.0,True
4919,224.6394,129.39,0.0,False
4920,224.6446,220.93,0.0,False
4921,224.6495,3.94,90.0,False
4922,224.651,581.8,0.0,False
4923,224.6618,791.46,0.0,False
4924,224.6688,5.28,0.0,False
4925,224.6694,5.8,0.0,False
4926,224.6748,4.25,0.0,False
4927,224.6786,4.75,0.0,False
4928,224.6829,241.92,90.0,False
4929,224.6867,7.1,0.0,False
4930,224.687,259.46,0.0,False
4931,224.6939,4.94,0.0,True
4932,224.7034,4.6,0.0,False
4933,224.7049,5.3,0.0,False
4934,224.7185,4.24,0.0,False
4935,224.7213,6.15,0.0,False
4936,224.7218,9.66,0.0,False
4937,224.7636,63.68,0.0,False
4938,224.7673,5.58,90.0,True
4939,224.769,364.26,0.0,False
4940,224.7822,7.93,0.0,False
4941,224.7882,125.6,0.0,False
4942,224.7906,5.8,90.0,False
4943,224.7927,473.21,0.0,False
4944,224.802,6.74,90.0,False
4945,224.8059,743.21,0.0,True
4946,224.81,436.61,0.0,False
4947,224.8237,156.79,0.0,True
4948,224.8286,3.41,90.0,False
4949,224.8357,2.55,90.0,False
4950,224.8381,6.15,90.0,True
4951,224.8412,164.69,0.0,False
4952,224.8491,597.99,90.0,True
4953,224.8514,1404.96,19.0,False
4954,224.8618,5.51,0.0,False
4955,224.8622,4.15,0.0,False
4956,224.8624,83.17,0.0,False
4957,224.8642,310.03,0.0,False
4958,224.8652,5.16,90.0,False
4959,224.8719,106.95,90.0,False
4960,224.8733,3.72,0.0,False
4961,224.8807,4.44,0.0,False
4962,224.8881,263.96,0.0,False
4963,224.8902,4.36,0.0,False
4964,224.8986,4.95,90.0,True
4965,224.9041,67.23,0.0,True
4966,224.9075,382.28,0.0,False
4967,224.9099,288.98,0.0,True
4968,224.9106,2.46,85.0,False
4969,224.9125,2686.84,0.0,False
4970,224.9274,3.87,90.0,False
4971,224.9383,3.85,0.0,False
4972,224.9417,10.17,0.0,False
4973,224.9469,549.55,90.0,False
4974,224.9525,277.84,90.0,False
4975,224.9533,4.28,0.0,False
4976,224.9556,3.57,0.0,True
4977,224.959,5.82,90.0,True
4978,224.9704,1873.38,90.0,True
4979,224.9781,9.36,0.0,True
4980,224.9801,3.57,0.0,False
4981,224.9946,5.44,0.0,False
4982,224.9969,675.92,0.0,False
4983,225.0206,697.31,0.0,False
4984,225.0308,5.55,0.0,False
4985,225.0363,136.49,0.0,False
4986,225.0395,291.28,90.0,False
4987,225.0407,3.94,90.0,True
4988,225.0617,340.51,0.0,False
4989,225.0669,7.77,90.0,False
4990,225.0732,577.93,0.0,False
4991,225.0798,4.61,0.0,False
4992,225.089,5.25,0.0,True
4993,225.1103,593.93,0.0,False
4994,225.1186,84.16,0.0,False
4995,225.1306,9.01,0.0,False
4996,225.1418,6.69,90.0,False
4997,225.15,4.5,0.0,True
4998,225.157,105.69,0.0,False
4999,225.1711,4.5,90.0,True
5000,225.192,190.84,0.0,False
5001,225.2013,4.48,90.0,False
5002,225.2026,218.69,90.0,False
5003,225.209,160.85,0.0,False
5004,225.2114,124.86,0.0,False
5005,225.2157,416.99,0.0,False
5006,225.2356,4.38,0.0,False
5007,225.2588,37.24,0.0,True
5008,225.2769,169.37,0.0,False
5009,225.2877,1509.67,0.0,False
5010,225.3017,5.99,0.0,True
5011,225.3031,193.73,0.0,False
5012,225.3033,4.36,0.0,False
5013,225.3098,2.78,0.0,False
5014,225.3123,5.31,0.0,False
5015,225.3144,5.23,0.0,False
5016,225.3209,3.5,90.0,False
5017,225.3222,3.63,0.0,False
5018,225.3324,7.78,0.0,False
5019,225.34,44.29,0.0,False
5020,225.3465,416.28,90.0,True
5021,225.3569,802.94,0.0,True
5022,225.3823,97.47,0.0,False
5023,225.3825,690.96,0.0,False
5024,225.3916,5.18,0.0,False
5025,225.3952,5.19,0.0,False
5026,225.4109,4.35,90.0,False
5027,225.4165,5.42,90.0,False
5028,225.4267,1332.67,0.0,False
5029,225.429,9.57,0.0,False
5030,225.4305,8.53,0.0,False
5031,225.4314,1256.61,90.0,False
5032,225.4353,300.89,0.0,False
5033,225.4384,6.75,0.0,False
5034,225.4394,6.51,0.0,False
5035,225.4451,4.0,19.0,False
5036,225.4624,203.9,0.0,False
5037,225.4714,272.26,0.0,True
5038,225.4816,135.91,0.0,False
5039,225.4946,8.32,0.0,False
5040,225.4962,984.57,0.0,False
5041,225.5064,233.81,90.0,False
5042,225.5347,609.7,0.0,True
5043,225.5357,335.88,95.0,False
5044,225.5398,172.15,0.0,False
5045,225.5402,6.42,85.0,True
5046,225.5441,3.43,0.0,False
5047,225.5447,161.33,0.0,False
5048,225.552,8.15,0.0,False
5049,225.5578,4.36,0.0,True
5050,225.5701,298.08,0.0,False
5051,225.58,7.29,0.0,False
5052,225.5967,4.25,0.0,False
5053,225.5973,3.63,0.0,True
5054,225.6038,5.76,0.0,False
5055,225.6039,556.35,0.0,False
5056,225.6079,9.28,0.0,False
5057,225.6217,4.37,0.0,True
5058,225.636,952.95,0.0,False
5059,225.6386,389.43,0.0,False
5060,225.6398,4.2,0.0,False
5061,225.6493,3.29,0.0,True
5062,225.6586,2.77,0.0,False
5063,225.6635,179.93,90.0,False
5064,225.6834,168.65,0.0,False
5065,225.6844,74.21,0.0,True
5066,225.6923,5.91,19.0,False
5067,225.6952,191.3,0.0,False
5068,225.7032,583.83,0.0,True
5069,225.7087,5.32,90.0,True
5070,225.7141,4.92,90.0,False
5071,225.7199,1400.54,90.0,False
5072,225.7317,7.21,0.0,False
5073,225.7355,4.52,0.0,False
5074,225.748,4.16,0.0,False
5075,225.7488,358.88,90.0,False
5076,225.7558,3.38,0.0,False
5077,225.767,148.58,0.0,True
5078,225.77,238.15,0.0,False
5079,225.7817,3.38,0.0,False
5080,225.7907,5.91,0.0,False
5081,225.7944,131.17,0.0,False
5082,225.798,2712.01,0.0,False
5083,225.8027,374.82,0.0,False
5084,225.8034,246.75,0.0,False
5085,225.823,6.96,90.0,False
5086,225.8306,718.26,0.0,False
5087,225.8312,2.71,0.0,False
5088,225.8443,113.07,90.0,False
5089,225.8457,7.61,0.0,False
5090,225.8464,6.22,90.0,True
5091,225.8503,183.46,0.0,False
5092,225.8883,3.07,0.0,False
5093,225.9187,3.22,90.0,True
5094,225.9261,867.5,0.0,False
5095,225.9261,394.56,90.0,False
5096,225.9327,4.05,0.0,False
5097,225.9452,8.05,0.0,False
5098,225.9477,220.97,0.0,False
5099,225.9481,4.74,0.0,False
5100,225.9672,3.59,0.0,False
5101,225.986,257.26,0.0,False
5102,225.9908,4.9,0.0,True
5103,225.9978,6.07,0.0,False
5104,226.0087,213.42,90.0,True
5105,226.0271,4.64,90.0,False
5106,226.0474,4.69,0.0,False
5107,226.0475,830.23,0.0,False
5108,226.0733,767.13,0.0,False
5109,226.0748,5.21,0.0,False
5110,226.0868,5.07,90.0,True
5111,226.0981,6.58,90.0,False
5112,226.0999,6.86,0.0,False
5113,226.1038,117.58,0.0,False
5114,226.1441,136.11,0.0,False
5115,226.1456,2.89,0.0,False
5116,226.1524,169.74,0.0,True
5117,226.161,8.03,0.0,False
5118,226.1837,4.78,95.0,False
5119,226.1866,812.24,0.0,False
5120,226.2126,3.18,90.0,False
5121,226.2162,364.71,90.0,True
5122,226.2211,1963.72,90.0,False
5123,226.2288,365.28,0.0,False
5124,226.2292,70.56,90.0,True
5125,226.2301,39.39,0.0,True
5126,226.2394,5.26,0.0,False
5127,226.241,2.76,0.0,False
5128,226.2424,5.41,0.0,False
5129,226.2497,286.79,0.0,True
5130,226.2529,4.9,0.0,False
5131,226.2746,70.94,0.0,False
5132,226.3008,388.7,95.0,False
5133,226.3058,6.29,0.0,False
5134,226.3203,65.46,0.0,False
5135,226.3385,454.36,0.0,False
5136,226.3421,330.81,0.0,False
5137,226.3563,5.97,0.0,False
5138,226.3723,585.32,0.0,True
5139,226.3755,3.14,90.0,False
5140,226.3847,2.77,85.0,False
5141,226.4002,182.57,0.0,True
5142,226.4144,3.19,0.0,False
5143,226.4319,2.51,0.0,False
5144,226.4481,7.77,0.0,True
5145,226.4486,7.91,0.0,False
5146,226.4487,1413.87,0.0,False
5147,226.4643,4.46,0.0,False
5148,226.5092,3.1,0.0,False
5149,226.5247,1234.1,0.0,False
5150,226.5441,588.47,0.0,True
5151,226.5474,4.74,0.0,False
5152,226.5476,215.85,0.0,True
5153,226.5794,150.1,0.0,True
5154,226.5817,97.19,0.0,False
5155,226.5844,88.74,90.0,False
5156,226.593,5.61,90.0,False
5157,226.5981,3.23,0.0,False
5158,226.5981,4.44,90.0,True
5159,226.6224,234.62,0.0,True
5160,226.6426,8.17,0.0,False
5161,226.645,1964.07,90.0,False
5162,226.69,240.95,90.0,False
5163,226.6981,260.33,0.0,False
5164,226.7,9.58,0.0,False
5165,226.713,5.48,0.0,False
5166,226.7172,163.01,0.0,False
5167,226.7259,117.12,0.0,False
5168,226.7283,4.13,0.0,True
5169,226.7319,5.78,0.0,False
5170,226.7528,164.51,90.0,False
5171,226.7623,1011.55,90.0,False
5172,226.7661,203.5,0.0,False
5173,226.7683,404.48,0.0,False
5174,226.774,5.93,90.0,True
5175,226.7764,5.69,0.0,False
5176,226.7772,2.78,90.0,False
5177,226.7943,110.78,0.0,False
5178,226.8351,7.63,90.0,False
5179,226.8406,535.71,0.0,False
5180,226.8505,198.98,0.0,False
5181,226.8614,5.43,0.0,False
5182,226.8703,99.22,0.0,False
5183,226.8776,32.17,0.0,False
5184,226.8779,2.8,0.0,True
5185,226.8857,358.87,0.0,False
5186,226.8945,5.5,90.0,False
5187,226.897,4.09,90.0,False
5188,226.9314,288.09,90.0,False
5189,226.936,2.55,0.0,False
5190,226.9399,181.23,0.0,True
5191,226.9407,83.57,90.0,False
5192,226.9514,8.05,90.0,False
5193,226.9528,11.05,0.0,True
5194,226.9584,4.71,0.0,False
5195,226.965,300.77,0.0,True
5196,226.9756,2.64,0.0,False
5197,226.9879,1071.63,0.0,False
5198,226.989,7.59,0.0,False
5199,227.0075,2.61,90.0,False
5200,227.0185,417.84,90.0,False
5201,227.0191,7.41,0.0,False
5202,227.0246,6.58,0.0,False
5203,227.0282,7.1,90.0,False
5204,227.0396,9.95,90.0,False
5205,227.1248,5.45,0.0,False
5206,227.1358,500.69,0.0,False
5207,227.1436,5.49,90.0,False
5208,227.1746,1064.14,0.0,False
5209,227.1833,221.74,0.0,False
5210,227.2247,127.12,90.0,False
5211,227.2472,6.08,0.0,False
5212,227.2616,6.74,0.0,False
5213,227.266,110.16,0.0,False
5214,227.2729,5.42,0.0,False
5215,227.2751,972.64,90.0,False
5216,227.2885,214.45,0.0,True
5217,227.3222,6.12,0.0,False
5218,227.3266,926.2,0.0,False
5219,227.3533,7.57,0.0,True
5220,227.3962,1630.9,90.0,False
5221,227.3983,4.56,0.0,False
5222,227.4079,1646.1,0.0,False
5223,227.411,272.79,90.0,False
5224,227.4173,205.82,85.0,False
5225,227.4334,8.16,85.0,False
5226,227.4376,200.43,90.0,False
5227,227.447,1.96,0.0,False
5228,227.4681,3.36,0.0,True
5229,227.4784,4.3,0.0,False
5230,227.4915,7.18,0.0,False
5231,227.4954,5.45,0.0,False
5232,227.5288,232.94,0.0,False
5233,227.5621,339.38,0.0,True
5234,227.5692,355.35,0.0,True
5235,227.5911,216.89,0.0,True
5236,227.5923,453.13,0.0,False
5237,227.609,8.12,0.0,False
5238,227.6443,394.74,0.0,True
5239,227.6471,476.59,0.0,False
5240,227.6619,291.56,0.0,True
5241,227.6746,5.42,90.0,False
5242,227.6751,3.01,90.0,False
5243,227.684,8.56,0.0,False
5244,227.7283,45.35,90.0,False
5245,227.7455,127.06,90.0,True
5246,227.747,120.17,0.0,False
5247,227.7589,53.28,90.0,True
5248,227.7593,1374.54,0.0,False
5249,227.7943,1546.51,0.0,False
5250,227.8155,397.03,0.0,False
5251,227.8344,7.15,90.0,False
5252,227.838,4.77,90.0,False
5253,227.849,24153.42,0.0,False
5254,227.853,188.26,90.0,False
5255,227.8564,4.31,90.0,False
5256,227.8924,6.21,0.0,False
5257,227.9206,8.47,0.0,True
5258,227.9263,390.58,0.0,False
5259,227.9371,1013.61,90.0,False
5260,227.9627,4.47,90.0,False
5261,227.9834,3.5,0.0,True
5262,227.9889,7.07,19.0,False
5263,227.9914,4.19,0.0,False
5264,228.0311,264.2,0.0,False
5265,228.0317,547.78,0.0,False
5266,228.0337,4.1,0.0,False
5267,228.0505,2.86,0.0,False
5268,228.0539,4.86,0.0,False
5269,228.0696,10.57,0.0,True
5270,228.0881,89.67,90.0,False
5271,228.0947,7.22,0.0,False
5272,228.1045,5.72,0.0,True
5273,228.1053,761.52,0.0,False
5274,228.1055,4.11,0.0,False
5275,228.109,3.27,0.0,False
5276,228.1368,8.11,0.0,False
5277,228.1675,708.83,0.0,False
5278,228.1675,4.23,0.0,False
5279,228.1692,3.4,0.0,True
5280,228.2716,536.51,0.0,True
5281,228.3074,135.65,90.0,False
5282,228.3129,3.98,0.0,False
5283,228.3293,46.18,0.0,False
5284,228.3468,3.78,0.0,False
5285,228.3516,5.68,0.0,True
5286,228.3557,3.12,0.0,False
5287,228.3581,3.24,90.0,False
5288,228.364,4.15,0.0,True
5289,228.3681,155.41,0.0,False
5290,228.3812,8.44,0.0,False
5291,228.4234,5.49,0.0,True
5292,228.4266,447.11,0.0,False
5293,228.4365,71.87,0.0,False
5294,228.4558,4.21,0.0,False
5295,228.4562,541.87,90.0,False
5296,228.4692,22.85,0.0,True
5297,228.4808,6.28,0.0,False
5298,228.4861,62.24,0.0,False
5299,228.4967,3.34,0.0,False
5300,228.5,46.45,0.0,False
5301,228.513,9.18,90.0,False
5302,228.5139,4.66,90.0,True
5303,228.5203,163.59,90.0,False
5304,228.5618,294.74,90.0,False
5305,228.5955,37.45,0.0,False
5306,228.6197,5.29,0.0,True
5307,228.6553,181.4,0.0,False
5308,228.6587,4.48,0.0,False
5309,228.6609,27.75,0.0,False
5310,228.6618,344.44,90.0,False
5311,228.6661,4.52,90.0,False
5312,228.6987,3.82,0.0,False
5313,228.7133,3.64,0.0,False
5314,228.7209,2.39,0.0,False
5315,228.728,4.94,0.0,False
5316,228.7361,314.58,0.0,False
5317,228.7365,5.06,0.0,False
5318,228.7828,29.35,19.0,False
5319,228.899,4.49,90.0,False
5320,228.902,192.9,0.0,False
5321,228.9068,5.42,0.0,False
5322,228.9309,581.63,0.0,False
5323,228.9379,49.49,0.0,True
5324,228.9402,4.63,0.0,False
5325,228.9596,3.4,0.0,False
5326,228.9971,8.96,90.0,False
5327,229.0529,485.36,90.0,False
5328,229.0694,8.88,90.0,True
5329,229.1009,23313.31,0.0,True
5330,229.1206,4.0,90.0,False
5331,229.1331,5.39,90.0,False
5332,229.153,8.56,0.0,False
5333,229.1601,5.57,0.0,False
5334,229.1986,13.65,0.0,False
5335,229.2124,3.3,0.0,False
5336,229.2152,10.68,90.0,False
5337,229.2894,3.62,90.0,False
5338,229.3125,220.09,0.0,False
5339,229.3347,870.09,0.0,False
5340,229.347,9.22,90.0,False
5341,229.3895,11.86,0.0,False
5342,229.4287,176.82,0.0,True
5343,229.4625,4.65,0.0,False
5344,229.4817,321.02,0.0,False
5345,229.4822,254.63,0.0,True
5346,229.4825,3.18,90.0,True
5347,229.4945,24165.3,90.0,False
5348,229.5587,9.4,0.0,False
5349,229.5706,14.81,0.0,False
5350,229.5782,39.53,90.0,False
5351,229.6348,528.13,0.0,False
5352,229.7217,2.74,90.0,False
5353,229.7919,23753.12,0.0,False
5354,229.8154,4.16,0.0,False
5355,229.8245,7.94,0.0,False
5356,229.8336,17.12,90.0,False
5357,229.9087,105.96,90.0,False
5358,229.9393,6.34,0.0,False
5359,229.9511,23942.56,90.0,True
5360,229.9784,180.75,0.0,False
5361,229.9912,845.32,0.0,False
5362,229.9951,17.95,0.0,False
5363,230.0074,4.32,0.0,False
5364,230.0347,314.8,90.0,False
5365,230.0494,3.49,0.0,False
5366,230.0771,8.4,0.0,False
5367,230.0917,572.86,0.0,False
5368,230.0921,8.28,0.0,False
5369,230.1047,24.97,0.0,False
5370,230.1092,3.11,90.0,False
5371,230.136,1165.43,0.0,False
5372,230.1373,4.55,0.0,False
5373,230.1429,8.6,0.0,False
5374,230.1528,25.44,0.0,False
5375,230.189,10.79,0.0,False
5376,230.3239,38.44,0.0,False
5377,230.4227,7.98,0.0,False
5378,230.4604,433.19,90.0,False
5379,230.4895,337.21,0.0,False
5380,230.5094,821.75,90.0,False
5381,230.5493,8.8,50.6667,False
5382,230.5781,35.29,0.0,False
5383,230.6697,27.27,0.0,False
5384,230.7287,6.58,0.0,False
5385,230.7422,33.67,90.0,False
5386,230.8939,15.41,0.0,True
5387,230.934,62.28,0.0,False
5388,230.9483,24.03,0.0,True
5389,230.9559,41.28,0.0,False
5390,230.9756,10.0,0.0,False
5391,230.9879,96.25,12.6667,False
5392,231.0088,14.54,90.0,False
5393,231.027,43.94,0.0,False
5394,231.1495,9.01,0.0,True
5395,231.1504,8.27,0.0,False
5396,231.167,48.28,0.0,False
5397,231.2384,498.6,0.0,False
5398,231.254,25250.51,90.0,True
5399,231.3641,18.13,0.0,False
5400,231.3992,13.52,0.0,False
5401,231.4853,15.6,0.0,True
5402,231.5036,10.34,0.0,True
5403,231.5179,24009.26,0.0,True
5404,231.5207,49.36,0.0,False
5405,231.5661,9.94,0.0,False
5406,231.6004,7.64,90.0,False
5407,231.6126,21.37,90.0,False
5408,231.6456,28.02,0.0,False
5409,231.647,566.99,0.0,True
5410,231.6558,24283.66,0.0,False
5411,231.6604,43.96,90.0,True
5412,231.6729,10.73,90.0,False
5413,231.6754,11.59,90.0,False
5414,231.6871,9.92,90.0,False
5415,231.6876,9.32,0.0,False
5416,231.7291,9.04,0.0,False
5417,231.7327,55.63,90.0,False
5418,231.824,21.68,90.0,False
5419,231.8463,40.59,90.0,False
5420,231.8486,28.75,0.0,False
5421,231.9143,8.9,0.0,False
5422,231.9252,9.18,0.0,False
5423,231.9399,23699.65,0.0,False
5424,232.0241,19.4,0.0,False
5425,232.0488,27.44,0.0,True
5426,232.0767,9.72,0.0,False
5427,232.0838,8.28,0.0,False
5428,232.1023,24190.49,90.0,False
5429,232.1941,22.68,0.0,True
5430,232.2091,20.24,0.0,False
5431,232.2258,23603.27,0.0,False
5432,232.2297,25.02,0.0,True
5433,232.2571,23808.85,19.0,True
5434,232.2671,13.21,90.0,False
5435,232.2788,24.19,90.0,False
5436,232.3346,19.2,0.0,False
5437,232.3441,24.2,0.0,True
5438,232.3458,23777.11,0.0,False
5439,232.3491,35.58,0.0,False
5440,232.3854,22.13,0.0,False
5441,232.4021,6.48,90.0,False
5442,232.4259,23689.9,0.0,False
5443,232.4303,8.69,0.0,False
5444,232.4649,38.37,0.0,False
5445,232.4716,16.13,0.0,False
5446,232.4716,12.43,0.0,False
5447,232.4837,9.59,90.0,False
5448,232.4917,23968.91,0.0,True
5449,232.496,23.37,0.0,False
5450,232.5107,23824.51,0.0,False
5451,232.5131,9.73,90.0,False
5452,232.5148,8.73,0.0,False
5453,232.5544,29.85,90.0,False
5454,232.5637,23926.64,90.0,False
5455,232.5645,7.94,90.0,False
5456,232.5676,28.91,0.0,False
5457,232.6072,8.29,0.0,False
5458,232.6424,12.95,0.0,False
5459,232.6561,8.91,0.0,False
5460,232.6891,41.75,0.0,False
5461,232.6966,12.79,0.0,False
5462,232.6976,35.15,0.0,False
5463,232.7048,10.44,0.0,True
5464,232.7129,11.85,0.0,False
5465,232.7228,55.98,0.0,False
5466,232.7361,75.62,0.0,False
5467,232.7388,23.98,90.0,False
5468,232.7513,19.9,0.0,True
5469,232.7829,38.42,0.0,False
5470,232.802,17.63,0.0,False
5471,232.8091,9.45,0.0,False
5472,232.8156,35.38,0.0,False
5473,232.8262,26.66,0.0,False
5474,232.8282,25390.27,0.0,True
5475,232.8804,18.68,0.0,True
5476,232.8848,9.76,0.0,True
5477,232.8862,7.83,0.0,False
5478,232.9064,25050.55,90.0,False
5479,232.9246,89.09,0.0,False
5480,232.9639,33.82,0.0,True
5481,232.9712,8.96,0.0,True
5482,232.9786,23.36,0.0,False
5483,232.9971,8.41,0.0,True
5484,233.0065,31.86,0.0,False
5485,233.0069,29.79,90.0,True
5486,233.0076,10.72,90.0,False
5487,233.026,17.48,90.0,True
5488,233.0356,25.4,0.0,True
5489,233.0876,16.89,0.0,True
5490,233.0877,24904.82,0.0,False
5491,233.089,31.17,90.0,True
5492,233.094,9.97,90.0,False
5493,233.1166,22.07,0.0,False
5494,233.1417,22.94,90.0,False
5495,233.1475,8.92,0.0,False
5496,233.1919,21.57,0.0,False
5497,233.2048,25.7,0.0,False
5498,233.2088,38.88,0.0,False
5499,233.2288,95.89,0.0,True
5500,233.2377,9.16,90.0,False
5501,233.2534,10.12,0.0,True
5502,233.2583,39.31,90.0,False
5503,233.2589,20.21,0.0,False
5504,233.2627,11.28,0.0,True
5505,233.2723,15.85,0.0,False
5506,233.3113,43.66,0.0,False
5507,233.3189,33.52,0.0,False
5508,233.3235,9.4,90.0,False
5509,233.3574,13.46,0.0,False
5510,233.3575,9.72,0.0,False
5511,233.379,9.03,0.0,True
5512,233.3808,8.46,0.0,False
5513,233.3812,8.62,90.0,True
5514,233.397,9.2,0.0,False
5515,233.4019,9.65,90.0,False
5516,233.4118,26.18,90.0,True
5517,233.4311,31.78,0.0,False
5518,233.4397,9.4,0.0,False
5519,233.4551,11.11,0.0,True
5520,233.4551,20.89,0.0,False
5521,233.4583,51.18,0.0,False
5522,233.4631,16.73,0.0,True
5523,233.4999,20.62,0.0,True
5524,233.5002,10.13,0.0,False
5525,233.519,39.48,0.0,False
5526,233.5486,32.09,0.0,False
5527,233.5626,19.47,0.0,False
5528,233.5874,56.9,0.0,True
5529,233.5901,48.66,0.0,False
5530,233.6115,15.42,0.0,False
5531,233.6147,30.66,0.0,True
5532,233.6642,16.13,90.0,False
5533,233.6768,12.49,0.0,False
5534,233.6978,20.54,19.0,False
5535,233.7078,25.5,0.0,False
5536,233.7098,23.59,0.0,True
5537,233.7216,21.07,90.0,False
5538,233.7715,10.11,0.0,False
5539,233.7739,68.71,0.0,True
5540,233.8101,7.5,12.6667,False
5541,233.8238,22591.21,0.0,False
5542,233.8238,29.87,0.0,False
5543,233.8259,26.54,0.0,False
5544,233.8301,67.37,0.0,False
5545,233.8807,8.0,90.0,False
5546,233.8886,15.64,0.0,False
5547,233.899,12.59,90.0,False
5548,233.9679,8.28,0.0,False
5549,233.9825,8.65,0.0,False
5550,233.996,9.19,90.0,True
5551,234.0014,10.15,90.0,False
5552,234.0122,10.31,90.0,False
5553,234.0191,40.65,90.0,False
5554,234.0264,21.36,0.0,False
5555,234.0326,8.41,0.0,False
5556,234.0495,25.9,0.0,False
5557,234.066,42.14,90.0,False
5558,234.0753,23.84,0.0,False
5559,234.1263,9.06,0.0,False
5560,234.1264,50.8,0.0,False
5561,234.1295,8.81,0.0,True
5562,234.1383,21.45,0.0,False
5563,234.1411,22.17,0.0,False
5564,234.1577,25.22,90.0,False
5565,234.1581,31.14,0.0,False
5566,234.1584,9.49,0.0,False
5567,234.1712,10.27,0.0,True
5568,234.1771,8.72,0.0,False
5569,234.2145,7.92,0.0,False
5570,234.2187,24029.32,0.0,False
5571,234.2191,9.23,0.0,False
5572,234.2236,8.86,0.0,True
5573,234.2245,29.99,25.3333,False
5574,234.2308,9.2,0.0,False
5575,234.2429,10.23,0.0,False
5576,234.263,25379.76,0.0,False
5577,234.3145,9.18,0.0,True
5578,234.3153,6.2,0.0,True
5579,234.3448,55.95,0.0,False
5580,234.3517,9.5,90.0,True
5581,234.3541,64.89,0.0,False
5582,234.3629,31.03,90.0,False
5583,234.3877,13.33,19.0,False
5584,234.3984,20.3,0.0,False
5585,234.4001,35.5,0.0,False
5586,234.4045,15.33,0.0,False
5587,234.41,10.27,0.0,False
5588,234.4132,8.99,0.0,False
5589,234.4246,40.42,0.0,False
5590,234.449,23100.55,0.0,False
5591,234.4496,26.4,0.0,False
5592,234.4623,7.31,0.0,False
5593,234.475,29.75,0.0,False
5594,234.4798,24959.61,0.0,True
5595,234.4909,53.44,0.0,False
5596,234.4935,28.87,90.0,False
5597,234.4995,33.65,90.0,False
5598,234.4998,21.13,0.0,False
5599,234.5051,23867.6,0.0,False
5600,234.5056,11.9,0.0,True
5601,234.5059,25242.51,95.0,True
5602,234.5151,15.93,0.0,False
5603,234.5307,13.34,0.0,False
5604,234.5375,16.67,90.0,False
5605,234.5384,25.21,0.0,False
5606,234.5507,23.14,0.0,False
5607,234.5645,10.9,0.0,True
5608,234.574,36.15,0.0,True
5609,234.5799,16.69,0.0,False
5610,234.5815,13.76,0.0,True
5611,234.6127,13.27,90.0,False
5612,234.6136,19.92,0.0,True
5613,234.6146,24.26,0.0,False
5614,234.6147,22330.31,0.0,False
5615,234.6292,8.41,0.0,True
5616,234.6387,17.71,0.0,False
5617,234.6512,7.81,0.0,False
5618,234.6774,9.09,90.0,False
5619,234.6931,28.98,0.0,True
5620,234.6935,17.14,0.0,False
5621,234.6964,8.41,0.0,False
5622,234.6978,12.43,90.0,False
5623,234.7028,24126.84,0.0,True
5624,234.7371,28.41,0.0,False
5625,234.7438,32.07,0.0,False
5626,234.7469,102.91,0.0,True
5627,234.7568,16.42,90.0,False
5628,234.7584,25368.66,0.0,False
5629,234.7626,42.22,0.0,False
5630,234.7672,9.57,90.0,False
5631,234.7684,19.79,0.0,False
5632,234.7697,23.21,0.0,False
5633,234.7746,24416.56,0.0,False
5634,234.78,9.69,90.0,False
5635,234.7813,52.03,90.0,False
5636,234.7839,15.78,0.0,False
5637,234.797,8.44,0.0,True
5638,234.8081,38.92,0.0,False
5639,234.8089,37.75,0.0,False
5640,234.8258,29.45,0.0,True
5641,234.8293,24722.92,0.0,False
5642,234.8588,22.18,90.0,False
5643,234.8739,9.04,0.0,False
5644,234.8889,15.94,0.0,True
5645,234.9043,9.22,12.6667,False
5646,234.9057,16.42,0.0,False
5647,234.913,41.89,0.0,False
5648,234.9255,8.91,0.0,False
5649,234.9289,49.53,0.0,False
5650,234.9409,24.75,0.0,False
5651,234.9429,15.66,0.0,False
5652,234.9437,14.64,0.0,False
5653,234.9477,43.28,90.0,False
5654,234.9624,45.79,90.0,False
5655,234.9693,8.46,0.0,False
5656,234.9841,16.78,0.0,True
5657,234.9849,9.37,0.0,False
5658,234.9861,22.89,38.0,True
5659,234.9906,37.71,90.0,False
5660,234.9956,9.3,90.0,False
5661,234.9982,8.8,0.0,True
5662,235.0137,10.0,90.0,True
5663,235.024,23929.35,0.0,False
5664,235.0593,25.98,0.0,False
5665,235.0685,9.71,0.0,False
5666,235.0785,12.35,90.0,True
5667,235.0817,32.88,0.0,False
5668,235.0881,29.18,0.0,False
5669,235.0931,25706.82,0.0,False
5670,235.11,10.4,0.0,True
5671,235.1357,45.38,0.0,False
5672,235.1384,26.4,19.0,False
5673,235.1538,9.36,0.0,False
5674,235.1556,23994.33,0.0,False
5675,235.1641,17.61,95.0,False
5676,235.1956,58.95,0.0,False
5677,235.1995,8.16,19.0,True
5678,235.2138,12.82,90.0,False
5679,235.235,29.44,0.0,False
5680,235.2426,8.76,0.0,False
5681,235.2495,8.67,0.0,False
5682,235.2538,9.15,0.0,False
5683,235.2619,29.45,0.0,True
5684,235.2654,43.48,85.0,False
5685,235.2694,40.72,19.0,False
5686,235.2757,8.18,0.0,False
5687,235.2816,14.27,0.0,False
5688,235.2903,23732.7,0.0,False
5689,235.2989,16.36,0.0,False
5690,235.3025,24599.2,90.0,False
5691,235.3042,37.96,90.0,False
5692,235.3084,10.05,0.0,False
5693,235.3161,8.67,90.0,False
5694,235.3328,9.38,0.0,False
5695,235.3435,8.53,38.0,False
5696,235.3519,33.73,0.0,True
5697,235.362,24880.45,0.0,False
5698,235.3749,26.42,0.0,False
5699,235.3756,8.31,0.0,False
5700,235.3757,21.62,90.0,False
5701,235.3773,30.29,0.0,False
5702,235.3795,17.58,0.0,True
5703,235.3848,9.83,90.0,False
5704,235.3865,8.85,90.0,True
5705,235.3986,8.9,90.0,False
5706,235.406,44.78,0.0,False
5707,235.4164,20.96,0.0,False
5708,235.4263,40.69,0.0,False
5709,235.4317,9.83,0.0,False
5710,235.4409,20.47,90.0,False
5711,235.4413,7.44,0.0,False
5712,235.4517,35.19,0.0,True
5713,235.4539,9.88,12.6667,True
5714,235.4548,8.58,0.0,False
5715,235.4636,11.93,0.0,False
5716,235.4671,8.1,0.0,False
5717,235.4672,7.72,0.0,False
5718,235.4762,25319.95,0.0,True
5719,235.4786,32.62,0.0,False
5720,235.4805,23679.48,0.0,False
5721,235.4902,7.58,90.0,False
5722,235.4991,25.72,0.0,False
5723,235.5056,24434.81,0.0,False
5724,235.5088,9.38,0.0,True
5725,235.5097,35.12,90.0,True
5726,235.5202,46.31,0.0,False
5727,235.5227,31.14,0.0,False
5728,235.527,27.24,0.0,False
5729,235.5659,9.52,0.0,False
5730,235.5755,20.77,0.0,False
5731,235.5805,22.54,0.0,False
5732,235.5823,46.37,0.0,False
5733,235.5904,26718.71,0.0,False
5734,235.5947,9.08,0.0,True
5735,235.5987,9.71,0.0,False
5736,235.6141,9.54,90.0,False
5737,235.6353,8.91,90.0,False
5738,235.6383,10.21,0.0,True
5739,235.6439,23.75,0.0,False
5740,235.6465,17.93,90.0,True
5741,235.6525,18.5,90.0,False
5742,235.6544,15.84,0.0,False
5743,235.6618,9.2,19.0,False
5744,235.6621,30.13,90.0,False
5745,235.7019,9.67,0.0,False
5746,235.7157,18.35,0.0,False
5747,235.7498,9.43,90.0,False
5748,235.7518,8.73,0.0,True
5749,235.7558,23.91,0.0,True
5750,235.7566,20.72,0.0,False
5751,235.759,30.18,0.0,True
5752,235.7614,50.49,0.0,False
5753,235.77,25.17,0.0,False
5754,235.7753,9.49,0.0,False
5755,235.7975,28.21,0.0,False
5756,235.8111,10.3,90.0,False
5757,235.8163,8.5,90.0,False
5758,235.8195,10.24,0.0,True
5759,235.8205,41.77,0.0,False
5760,235.8384,10.21,0.0,False
5761,235.8397,16.35,0.0,False
5762,235.8447,908.37,0.0,True
5763,235.8528,8.72,0.0,False
5764,235.864,16.76,0.0,False
5765,235.8661,9.27,19.0,True
5766,235.8682,29.42,0.0,False
5767,235.8704,9.14,90.0,False
5768,235.8896,38.81,0.0,False
5769,235.8896,6.17,90.0,False
5770,235.9106,9.82,0.0,False
5771,235.9121,12.07,0.0,False
5772,235.9227,23.55,0.0,False
5773,235.9403,19.5,0.0,False
5774,235.9844,9.94,0.0,False
5775,235.9921,23442.59,0.0,True
5776,235.9949,23.46,90.0,False
5777,236.0,43.55,0.0,False
5778,236.0184,9.16,90.0,False
5779,236.0312,9.22,0.0,False
5780,236.0364,50.54,0.0,False
5781,236.0546,14.55,0.0,False
5782,236.0581,8.62,0.0,False
5783,236.0612,43.39,0.0,True
5784,236.0771,9.31,90.0,False
5785,236.089,11.45,0.0,True
5786,236.0899,859.82,0.0,False
5787,236.099,10.08,0.0,True
5788,236.107,8.89,0.0,False
5789,236.1087,9.07,0.0,False
5790,236.1327,50.48,0.0,False
5791,236.1439,9.45,0.0,False
5792,236.1454,24.48,0.0,False
5793,236.1489,810.61,90.0,False
5794,236.1532,7.32,0.0,False
5795,236.1635,24.78,0.0,False
5796,236.1648,83.22,0.0,False
5797,236.1656,36.7,90.0,False
5798,236.1835,23796.56,0.0,True
5799,236.1838,9.13,0.0,False
5800,236.1883,24064.76,0.0,False
5801,236.189,17.92,0.0,False
5802,236.1952,9.47,0.0,False
5803,236.1971,9.28,90.0,False
5804,236.205,35.9,90.0,False
5805,236.2074,12.19,90.0,True
5806,236.2141,9.04,12.6667,False
5807,236.2147,10.42,90.0,False
5808,236.2266,1081.06,0.0,True
5809,236.2281,8.13,0.0,False
5810,236.2372,11.75,90.0,False
5811,236.2454,24.25,0.0,False
5812,236.2477,42.75,0.0,False
5813,236.2575,31.02,0.0,False
5814,236.2588,26.2,0.0,False
5815,236.2589,10.06,0.0,True
5816,236.2645,12.69,90.0,False
5817,236.2659,11.92,0.0,True
5818,236.2685,95.69,0.0,False
5819,236.273,9.24,90.0,False
5820,236.2822,21.18,0.0,False
5821,236.2827,8.76,0.0,True
5822,236.2835,6.92,0.0,False
5823,236.2893,26.29,0.0,False
5824,236.2897,9.84,0.0,True
5825,236.2973,8.1,0.0,False
5826,236.301,953.71,0.0,False
5827,236.3069,24572.84,0.0,False
5828,236.3156,31.01,90.0,False
5829,236.3202,26.25,12.6667,False
5830,236.3278,16.76,0.0,False
5831,236.3291,27.87,0.0,False
5832,236.3292,9.12,0.0,True
5833,236.3321,10.18,0.0,True
5834,236.3367,8.11,0.0,False
5835,236.3435,8.93,0.0,False
5836,236.345,13.23,0.0,True
5837,236.3599,24963.84,90.0,False
5838,236.3658,43.45,0.0,False
5839,236.3673,37.49,0.0,False
5840,236.3711,9.25,0.0,False
5841,236.3714,15.31,0.0,False
5842,236.3745,905.35,90.0,True
5843,236.3832,26.46,0.0,False
5844,236.3884,52.76,0.0,False
5845,236.3891,9.53,90.0,False
5846,236.4052,30.95,0.0,False
5847,236.4078,9.01,0.0,True
5848,236.4129,9.33,0.0,False
5849,236.4165,21.01,0.0,False
5850,236.4248,38.57,0.0,False
5851,236.4254,36.22,0.0,True
5852,236.4267,18.04,0.0,False
5853,236.441,38.62,0.0,False
5854,236.4555,30.11,90.0,False
5855,236.4574,11.3,90.0,False
5856,236.4659,10.1,0.0,False
5857,236.4722,9.45,0.0,True
5858,236.4794,40.59,0.0,True
5859,236.5071,17.28,90.0,False
5860,236.5134,35.75,90.0,False
5861,236.5156,22.43,0.0,False
5862,236.5258,9.52,0.0,False
5863,236.5379,22.03,0.0,False
5864,236.5381,8.98,90.0,False
5865,236.5401,15.22,90.0,False
5866,236.5529,9.18,0.0,False
5867,236.558,38.03,0.0,False
5868,236.5653,54.32,85.0,True
5869,236.5656,11.59,0.0,False
5870,236.5752,24.49,0.0,False
5871,236.5897,18.66,0.0,False
5872,236.5908,8.99,90.0,False
5873,236.5972,15.48,90.0,False
5874,236.6023,9.65,0.0,False
5875,236.6081,47.94,90.0,False
5876,236.6117,12.38,0.0,False
5877,236.6142,9.72,90.0,True
5878,236.6147,12.05,90.0,False
5879,236.6283,8.89,0.0,False
5880,236.6435,19.02,90.0,False
5881,236.6535,13.6,0.0,False
5882,236.6612,20.38,90.0,False
5883,236.6698,23.63,0.0,False
5884,236.6804,10.91,0.0,True
5885,236.6818,40.01,0.0,False
5886,236.6863,9.34,90.0,False
5887,236.6902,19.72,0.0,True
5888,236.6914,23262.63,0.0,False
5889,236.7055,7.45,0.0,False
5890,236.7058,10.73,0.0,False
5891,236.7108,16.32,90.0,True
5892,236.7144,32.51,0.0,True
5893,236.7153,24688.16,90.0,False
5894,236.7173,8.86,0.0,True
5895,236.7235,25.52,0.0,False
5896,236.735,24.92,0.0,False
5897,236.7356,39.68,0.0,False
5898,236.7405,53.36,0.0,False
5899,236.7503,9.21,90.0,False
5900,236.7525,23.69,0.0,True
5901,236.7549,74.26,90.0,False
5902,236.7577,27.45,0.0,False
5903,236.7603,16.46,0.0,False
5904,236.7612,10.1,0.0,False
5905,236.7841,13.79,0.0,False
5906,236.8152,8.72,90.0,True
5907,236.8213,9.62,90.0,False
5908,236.8248,906.8,0.0,False
5909,236.8291,33.37,0.0,False
5910,236.8295,25.84,90.0,False
5911,236.839,8.85,0.0,False
5912,236.8464,10.51,90.0,False
5913,236.8476,36.08,0.0,True
5914,236.8567,32.09,0.0,False
5915,236.8603,15.67,0.0,True
5916,236.8619,20.9,12.6667,False
5917,236.8627,8.42,0.0,False
5918,236.8761,9.28,0.0,False
5919,236.882,28.63,0.0,False
5920,236.8865,22770.15,0.0,False
5921,236.8866,9.29,0.0,False
5922,236.8981,9.05,0.0,False
5923,236.9013,74.36,0.0,False
5924,236.9073,8.71,0.0,False
5925,236.9122,9.26,90.0,True
5926,236.9125,37.01,0.0,True
5927,236.9126,9.21,90.0,False
5928,236.9232,12.01,0.0,True
5929,236.926,8.2,0.0,True
5930,236.9311,59.4,0.0,False
5931,236.9335,65.3,0.0,False
5932,236.9386,9.56,0.0,False
5933,236.9449,25.33,90.0,True
5934,236.9472,18.17,90.0,False
5935,236.9499,25.97,0.0,True
5936,236.9599,28.26,0.0,False
5937,236.9603,9.09,0.0,False
5938,236.9667,23328.89,0.0,False
5939,236.975,13.32,0.0,True
5940,236.982,14.0,90.0,False
5941,236.9837,24.13,0.0,False
5942,236.9902,9.85,90.0,False
5943,236.9943,19.25,0.0,False
5944,237.0006,9.98,0.0,False
5945,237.0128,9.66,0.0,False
5946,237.0296,30.36,0.0,False
5947,237.0339,818.18,0.0,False
5948,237.0365,8.6,90.0,True
5949,237.0444,8.81,0.0,True
5950,237.0453,26.58,95.0,True
5951,237.0511,61.89,0.0,False
5952,237.0624,25369.56,90.0,False
5953,237.074,8.55,0.0,False
5954,237.0908,81.5,0.0,False
5955,237.0911,13.86,90.0,False
5956,237.0938,48.36,90.0,False
5957,237.1016,14.1,0.0,False
5958,237.1059,9.74,0.0,True
5959,237.1092,11.47,0.0,False
5960,237.1121,19.01,90.0,False
5961,237.116,9.33,0.0,False
5962,237.1186,8.91,90.0,False
5963,237.1189,11.84,0.0,False
5964,237.1227,8.48,90.0,True
5965,237.1272,9.47,0.0,True
5966,237.1317,916.38,0.0,False
5967,237.1447,17.62,90.0,True
5968,237.1473,8.89,0.0,False
5969,237.1554,16.14,0.0,True
5970,237.1658,20.32,0.0,False
5971,237.1725,885.53,90.0,False
5972,237.182,13.66,90.0,False
5973,237.1833,23299.09,0.0,False
5974,237.198,38.14,0.0,False
5975,237.202,16.24,90.0,False
5976,237.2058,8.46,0.0,False
5977,237.2223,12.28,85.0,False
5978,237.238,24926.43,0.0,False
5979,237.2438,21.89,90.0,True
5980,237.2505,35.33,0.0,False
5981,237.26,8.4,0.0,False
5982,237.261,43.14,0.0,False
5983,237.2614,937.4,0.0,False
5984,237.2682,44.33,0.0,True
5985,237.273,51.56,0.0,False
5986,237.2761,14.85,0.0,True
5987,237.2875,820.66,0.0,True
5988,237.2892,7.25,0.0,True
5989,237.2967,8.42,0.0,False
5990,237.3013,15.43,0.0,False
5991,237.3186,27.59,90.0,False
5992,237.3208,9.98,0.0,False
5993,237.3212,24.67,0.0,False
5994,237.3238,9.35,90.0,False
5995,237.3334,27.34,0.0,False
5996,237.3338,51.39,0.0,False
5997,237.3371,11.43,0.0,False
5998,237.341,10.36,0.0,False
5999,237.3607,821.74,0.0,True
6000,237.3639,64.48,0.0,False
6001,237.374,10.55,0.0,False
6002,237.3838,9.02,0.0,False
6003,237.3864,8.44,0.0,False
6004,237.39,16.26,90.0,False
6005,237.3945,15.75,90.0,True
6006,237.3985,11.03,0.0,False
6007,237.4053,9.02,90.0,True
6008,237.4116,9.06,0.0,False
6009,237.416,54.25,12.6667,False
6010,237.4171,54.53,90.0,True
6011,237.4455,44.14,0.0,True
6012,237.4564,896.92,90.0,True
6013,237.4584,47.58,0.0,False
6014,237.4617,9.04,0.0,False
6015,237.4653,18.14,85.0,False
6016,237.4735,37.5,0.0,True
6017,237.4747,23133.17,0.0,False
6018,237.4775,9.05,0.0,True
6019,237.4954,9.77,57.0,False
6020,237.5115,21.25,0.0,True
6021,237.5143,9.06,90.0,False
6022,237.523,9.15,90.0,False
6023,237.5245,13.03,0.0,False
6024,237.536,54.84,0.0,True
6025,237.5377,9.14,0.0,False
6026,237.5387,8.84,0.0,False
6027,237.5552,22736.53,0.0,True
6028,237.5665,52.51,0.0,False
6029,237.5679,9.19,0.0,False
6030,237.5686,9.19,0.0,False
6031,237.5721,23.4,0.0,False
6032,237.5755,10.86,0.0,False
6033,237.5764,19.01,90.0,False
6034,237.5785,17.35,90.0,False
6035,237.5829,8.87,0.0,False
6036,237.5851,9.0,0.0,False
6037,237.5865,14.6,0.0,False
6038,237.5868,24789.1,0.0,True
6039,237.593,9.16,0.0,False
6040,237.5956,22673.87,90.0,False
6041,237.5957,14.11,0.0,False
6042,237.5961,8.98,0.0,False
6043,237.6068,18.29,0.0,False
6044,237.6138,9.48,0.0,False
6045,237.6164,23.36,0.0,False
6046,237.6237,10.07,90.0,False
6047,237.6297,8.14,0.0,False
6048,237.6347,76.54,90.0,False
6049,237.6442,883.64,90.0,True
6050,237.6453,49.98,90.0,False
6051,237.6593,36.81,0.0,False
6052,237.6647,8.75,0.0,True
6053,237.6649,11.23,0.0,True
6054,237.6822,16.3,0.0,False
6055,237.685,11.49,0.0,False
6056,237.6894,863.55,0.0,False
6057,237.6905,943.02,0.0,False
6058,237.6979,8.7,90.0,False
6059,237.7011,27.36,0.0,False
6060,237.7104,12.87,0.0,False
6061,237.7108,44.07,0.0,True
6062,237.7143,10.4,90.0,False
6063,237.7182,37.71,90.0,False
6064,237.7218,8.28,90.0,False
6065,237.7221,34.01,90.0,False
6066,237.7431,24125.78,0.0,False
6067,237.7446,20.82,90.0,True
6068,237.7457,7.79,0.0,False
6069,237.7464,9.4,90.0,False
6070,237.75,18.89,90.0,True
6071,237.7515,12.43,0.0,True
6072,237.7597,9.43,0.0,False
6073,237.7613,49.13,90.0,False
6074,237.7775,19.33,90.0,False
6075,237.7801,7.94,90.0,False
6076,237.7813,31.23,0.0,False
6077,237.785,9.05,0.0,False
6078,237.7993,10.58,0.0,False
6079,237.8125,24239.74,12.6667,True
6080,237.8146,22.43,90.0,True
6081,237.8268,8.88,0.0,False
6082,237.8294,26.47,0.0,False
6083,237.8346,42.89,0.0,False
6084,237.8398,46.09,0.0,False
6085,237.8473,10.74,0.0,False
6086,237.8475,22.84,19.0,False
6087,237.8578,10.99,0.0,False
6088,237.8587,39.41,0.0,True
6089,237.8794,793.23,0.0,False
6090,237.8831,23.19,0.0,False
6091,237.8834,62.83,0.0,True
6092,237.8887,40.45,90.0,True
6093,237.8888,25308.2,90.0,False
6094,237.8997,47.69,90.0,False
6095,237.9003,11.45,0.0,False
6096,237.9107,15.85,0.0,False
6097,237.9155,21.54,0.0,False
6098,237.9162,8.93,0.0,False
6099,237.9196,12.83,0.0,False
6100,237.9208,8.89,0.0,True
6101,237.9218,9.24,0.0,False
6102,237.9243,24493.22,0.0,False
6103,237.9248,10.77,0.0,False
6104,237.9278,49.13,0.0,False
6105,237.9323,46.59,0.0,False
6106,237.9339,8.23,90.0,False
6107,237.9344,34.42,0.0,True
6108,237.9465,22.19,12.6667,False
6109,237.9469,24.56,0.0,False
6110,237.9499,20.62,0.0,False
6111,237.9536,41.29,0.0,False
6112,237.9613,29.63,0.0,False
6113,237.9734,8.79,38.0,False
6114,237.9978,23.43,90.0,False
6115,238.0039,10.05,0.0,False
6116,238.0063,25225.9,0.0,False
6117,238.0199,7.53,0.0,False
6118,238.024,23747.37,0.0,True
6119,238.04,34.08,38.0,True
6120,238.0555,8.69,0.0,False
6121,238.0671,10.28,90.0,False
6122,238.0685,24.79,90.0,False
6123,238.0749,24.72,0.0,False
6124,238.0826,8.57,0.0,False
6125,238.0848,29.5,0.0,True
6126,238.0862,864.96,90.0,False
6127,238.0877,29.01,0.0,False
6128,238.0942,28.43,0.0,False
6129,238.1103,30.74,90.0,False
6130,238.1127,9.78,0.0,False
6131,238.1159,13.6,0.0,False
6132,238.1334,38.55,0.0,False
6133,238.137,31.31,0.0,False
6134,238.1422,9.13,0.0,False
6135,238.1458,13.55,0.0,False
6136,238.1515,9.14,0.0,False
6137,238.1623,23690.98,90.0,False
6138,238.1691,42.7,0.0,True
6139,238.1695,8.09,0.0,False
6140,238.1957,24.56,90.0,False
6141,238.1976,8.96,0.0,False
6142,238.203,7.31,0.0,False
6143,238.2363,26.53,90.0,False
6144,238.239,987.46,0.0,False
6145,238.2396,7.91,0.0,False
6146,238.2443,54.76,0.0,False
6147,238.2669,16.33,90.0,False
6148,238.2703,16.87,90.0,False
6149,238.2778,8.37,0.0,False
6150,238.2841,52.64,0.0,False
6151,238.2988,15.29,0.0,False
6152,238.313,21.21,0.0,False
6153,238.3245,934.55,0.0,False
6154,238.3247,20.25,0.0,False
6155,238.3258,18.71,0.0,False
6156,238.3297,8.25,0.0,False
6157,238.3475,848.57,0.0,False
6158,238.3479,33.28,0.0,False
6159,238.3605,6.19,0.0,False
6160,238.3623,10.66,0.0,False
6161,238.3643,12.59,90.0,False
6162,238.367,903.45,0.0,False
6163,238.3773,8.46,0.0,True
6164,238.388,929.78,0.0,False
6165,238.4003,20.51,0.0,True
6166,238.4103,31.86,90.0,False
6167,238.4159,14.25,0.0,False
6168,238.4373,19.4,0.0,False
6169,238.449,12.93,90.0,False
6170,238.4507,9.53,0.0,False
6171,238.4581,9.41,0.0,False
6172,238.4614,7.42,0.0,False
6173,238.4625,9.04,90.0,False
6174,238.4635,62.18,0.0,False
6175,238.469,917.95,90.0,False
6176,238.4727,40.7,0.0,False
6177,238.473,31.68,90.0,False
6178,238.4877,8.22,0.0,False
6179,238.4879,36.47,0.0,False
6180,238.4931,9.62,0.0,False
6181,238.494,31.96,0.0,False
6182,238.5287,943.48,0.0,False
6183,238.5289,828.82,0.0,False
6184,238.5303,955.88,19.0,False
6185,238.5336,994.04,0.0,False
6186,238.5336,84.19,0.0,False
6187,238.5372,25356.65,0.0,False
6188,238.5588,9.88,0.0,False
6189,238.5665,19.02,0.0,False
6190,238.571,37.49,0.0,False
6191,238.5715,8.22,0.0,True
6192,238.5773,21.8,90.0,False
6193,238.5836,994.86,0.0,False
6194,238.5859,6.48,0.0,False
6195,238.5909,22.84,0.0,True
6196,238.5919,20.24,0.0,False
6197,238.5925,24518.63,90.0,False
6198,238.5938,8.61,90.0,False
6199,238.5971,13.32,90.0,True
6200,238.6033,38.53,0.0,False
6201,238.6264,830.86,0.0,False
6202,238.6322,20.88,0.0,True
6203,238.6579,8.97,0.0,False
6204,238.6601,8.36,0.0,False
6205,238.6648,9.13,0.0,False
6206,238.6669,23398.81,90.0,False
6207,238.6671,24.36,90.0,False
6208,238.6808,26.3,0.0,False
6209,238.6835,24.02,0.0,True
6210,238.688,9.0,0.0,False
6211,238.6882,10.62,0.0,False
6212,238.6941,813.63,0.0,True
6213,238.6956,18.73,0.0,False
6214,238.7105,16.55,0.0,False
6215,238.7346,23945.58,0.0,False
6216,238.7367,15.53,90.0,False
6217,238.7401,11.85,90.0,False
6218,238.7408,7.8,0.0,False
6219,238.7511,28.26,0.0,False
6220,238.7664,9.03,0.0,True
6221,238.7689,9.71,90.0,True
6222,238.7692,33.32,0.0,False
6223,238.7749,26.42,0.0,True
6224,238.778,17.66,95.0,False
6225,238.7804,8.87,0.0,False
6226,238.7897,17.43,90.0,False
6227,238.7919,9.58,0.0,False
6228,238.7958,18.71,0.0,False
6229,238.8059,25.25,90.0,True
6230,238.8092,24350.62,0.0,False
6231,238.8185,25184.45,0.0,True
6232,238.8203,9.33,90.0,False
6233,238.8297,8.2,90.0,False
6234,238.8541,22.8,12.6667,False
6235,238.8606,8.7,0.0,False
6236,238.8704,26.12,0.0,False
6237,238.8747,859.9,0.0,False
6238,238.8924,9.27,90.0,False
6239,238.9008,9.03,0.0,False
6240,238.9143,40.83,0.0,False
6241,238.9186,25.86,0.0,True
6242,238.9258,15.75,90.0,False
6243,238.9264,35.51,0.0,False
6244,238.9293,21.83,0.0,False
6245,238.9294,10.97,38.0,False
6246,238.9313,40.56,0.0,True
6247,238.9369,23047.1,0.0,False
6248,238.9528,32.31,90.0,False
6249,238.9543,23.25,0.0,False
6250,238.9593,18.48,0.0,False
6251,238.9659,9.09,0.0,True
6252,238.9663,8.62,0.0,False
6253,238.9675,23229.24,90.0,False
6254,238.9712,8.79,0.0,False
6255,238.9734,53.42,0.0,False
6256,238.9882,76.33,0.0,False
6257,238.9886,9.25,0.0,False
6258,238.9921,853.28,0.0,False
6259,238.9941,9.98,0.0,False
6260,238.9976,21.17,0.0,False
6261,239.0002,44.13,90.0,False
6262,239.0096,975.4,0.0,False
6263,239.0188,36.88,0.0,False
6264,239.0235,849.08,0.0,False
6265,239.0239,14.85,0.0,False
6266,239.0273,9.09,0.0,False
6267,239.0411,29.92,0.0,True
6268,239.0527,9.34,90.0,False
6269,239.0605,44.71,0.0,False
6270,239.0658,25.7,0.0,False
6271,239.0682,1002.17,90.0,True
6272,239.0801,907.58,90.0,False
6273,239.0848,72.84,0.0,True
6274,239.0967,873.17,0.0,False
6275,239.1017,48.73,0.0,False
6276,239.1018,29.33,0.0,False
6277,239.1066,24926.5,0.0,False
6278,239.1083,1030.13,0.0,False
6279,239.1102,20.62,90.0,False
6280,239.1199,978.68,0.0,True
6281,239.1229,30.31,0.0,False
6282,239.1385,31.66,0.0,False
6283,239.1444,47.43,0.0,False
6284,239.1454,7.65,0.0,False
6285,239.1479,13.83,0.0,False
6286,239.1487,20.14,0.0,False
6287,239.1493,23386.21,90.0,True
6288,239.1624,28.98,0.0,True
6289,239.1638,8.28,90.0,False
6290,239.1855,8.12,0.0,True
6291,239.1926,17.86,0.0,False
6292,239.1989,25.16,0.0,False
6293,239.1991,20.18,0.0,False
6294,239.2014,24.46,0.0,False
6295,239.2097,10.25,0.0,True
6296,239.2226,16.26,0.0,False
6297,239.232,21.54,0.0,False
6298,239.2327,25355.87,0.0,False
6299,239.2404,9.2,0.0,False
6300,239.2437,36.29,90.0,False
6301,239.253,1107.4,0.0,False
6302,239.2544,37.88,0.0,True
6303,239.2556,35.2,0.0,False
6304,239.3027,18.33,0.0,False
6305,239.3058,18.3,0.0,True
6306,239.3159,9.15,0.0,False
6307,239.3337,965.22,0.0,True
6308,239.3464,943.74,90.0,True
6309,239.3568,7.94,0.0,False
6310,239.3639,8.71,0.0,False
6311,239.3702,860.09,0.0,False
6312,239.3762,840.93,90.0,False
6313,239.3839,20.56,0.0,False
6314,239.3866,904.24,0.0,False
6315,239.3909,862.07,0.0,True
6316,239.3921,16.77,0.0,False
6317,239.3935,9.6,0.0,False
6318,239.4016,31.35,0.0,True
6319,239.4177,817.86,0.0,False
6320,239.4177,1074.67,0.0,False
6321,239.4314,45.15,0.0,True
6322,239.4327,9.11,0.0,False
6323,239.4558,46.24,0.0,False
6324,239.4591,15.63,0.0,True
6325,239.4706,26152.37,0.0,False
6326,239.4807,920.55,0.0,False
6327,239.4881,35.07,0.0,True
6328,239.503,9.31,0.0,False
6329,239.5045,8.92,0.0,True
6330,239.5117,853.95,0.0,False
6331,239.5151,41.26,0.0,False
6332,239.5252,25.14,90.0,False
6333,239.5289,793.15,90.0,False
6334,239.5387,70.94,90.0,False
6335,239.5498,9.16,0.0,False
6336,239.5501,10.47,90.0,False
6337,239.5869,9.51,0.0,False
6338,239.5904,11.28,0.0,False
6339,239.6024,17.92,0.0,False
6340,239.6085,23752.95,90.0,False
6341,239.6141,885.03,0.0,False
6342,239.6144,24362.99,0.0,False
6343,239.6177,1029.22,0.0,False
6344,239.6206,888.78,0.0,False
6345,239.6596,8.62,0.0,False
6346,239.6729,33.96,90.0,False
6347,239.6902,893.98,0.0,False
6348,239.6975,963.09,90.0,False
6349,239.702,23993.36,0.0,False
6350,239.7023,25705.16,0.0,True
6351,239.7074,873.52,0.0,False
6352,239.7197,929.65,0.0,False
6353,239.7217,776.68,0.0,True
6354,239.7233,22.55,90.0,False
6355,239.7333,52.59,0.0,False
6356,239.7382,25.75,12.6667,False
6357,239.7386,16.63,63.3333,True
6358,239.7414,8.98,0.0,False
6359,239.7451,28.59,0.0,False
6360,239.7453,942.78,0.0,False
6361,239.7454,1039.33,0.0,False
6362,239.747,32.51,0.0,True
6363,239.761,9.54,0.0,False
6364,239.7638,40.45,0.0,False
6365,239.7661,10.24,0.0,True
6366,239.7714,22.72,0.0,False
6367,239.7738,10.34,0.0,False
6368,239.7804,29.47,90.0,True
6369,239.7833,833.28,0.0,False
6370,239.7859,9.02,0.0,False
6371,239.7872,9.57,90.0,True
6372,239.79,31.9,95.0,True
6373,239.8027,20.76,90.0,False
6374,239.8043,16.03,0.0,False
6375,239.8043,9.23,0.0,False
6376,239.8107,978.14,0.0,False
6377,239.8173,8.93,0.0,False
6378,239.8179,16.29,0.0,False
6379,239.8443,17.13,0.0,True
6380,239.8453,23740.6,90.0,False
6381,239.8481,13.85,0.0,False
6382,239.849,9.91,0.0,False
6383,239.8538,1007.45,0.0,False
6384,239.8636,9.09,0.0,True
6385,239.8684,20.64,0.0,False
6386,239.8755,43.29,0.0,False
6387,239.8886,10.9,0.0,False
6388,239.9083,25.86,90.0,False
6389,239.9109,878.9,0.0,True
6390,239.9208,15.66,0.0,False
6391,239.9327,28.91,0.0,False
6392,239.9438,9.36,0.0,False
6393,239.9444,27.23,0.0,True
6394,239.9498,7.99,0.0,False
6395,239.9556,986.22,0.0,False
6396,239.9712,8.81,25.3333,False
6397,239.9763,22.5,0.0,False
6398,239.9851,898.1,0.0,False
6399,239.9947,9.42,0.0,False
6400,240.0178,19.13,0.0,False
6401,240.0309,24477.44,90.0,True
6402,240.0311,857.27,0.0,False
6403,240.037,39.86,0.0,False
6404,240.0432,10.53,0.0,True
6405,240.0492,54.41,0.0,True
6406,240.05,844.64,90.0,True
6407,240.0547,866.43,0.0,False
6408,240.0732,16.32,0.0,True
6409,240.0807,8.48,0.0,True
6410,240.103,909.46,0.0,False
6411,240.1098,909.77,0.0,False
6412,240.1186,24443.96,90.0,False
6413,240.1491,21.7,0.0,False
6414,240.156,19.56,0.0,False
6415,240.1565,25.6,0.0,False
6416,240.1576,24750.1,0.0,True
6417,240.1832,30.39,25.3333,False
6418,240.1929,28.15,0.0,False
6419,240.1931,922.9,0.0,False
6420,240.1931,26.67,0.0,False
6421,240.194,9.71,0.0,False
6422,240.1967,1029.39,0.0,False
6423,240.1999,27.91,90.0,False
6424,240.2016,730.9,90.0,True
6425,240.2199,1011.33,0.0,False
6426,240.2202,1003.5,0.0,False
6427,240.2231,41.0,90.0,False
6428,240.2233,1001.87,90.0,True
6429,240.2358,16.0,0.0,True
6430,240.2373,24541.34,0.0,False
6431,240.2375,926.61,0.0,False
6432,240.2408,964.43,0.0,False
6433,240.2491,25.29,0.0,False
6434,240.2495,884.24,0.0,False
6435,240.2601,957.61,90.0,False
6436,240.2644,9.5,0.0,False
6437,240.2653,788.07,0.0,False
6438,240.2668,21.69,0.0,False
6439,240.2871,951.59,0.0,False
6440,240.2928,852.76,0.0,False
6441,240.2935,958.57,0.0,False
6442,240.2954,23194.24,90.0,False
6443,240.3019,776.12,0.0,False
6444,240.3023,8.45,90.0,False
6445,240.3063,25.66,90.0,True
6446,240.314,10.57,90.0,False
6447,240.3148,21.08,0.0,True
6448,240.3168,833.62,0.0,False
6449,240.3187,23255.86,0.0,False
6450,240.3243,22.97,0.0,True
6451,240.3333,22.97,0.0,False
6452,240.3339,872.89,0.0,True
6453,240.3351,1114.47,90.0,True
6454,240.3359,922.46,0.0,True
6455,240.3366,57.78,90.0,False
6456,240.339,15.0,0.0,False
6457,240.3409,9.24,0.0,False
6458,240.3487,50.16,0.0,False
6459,240.3527,951.41,0.0,False
6460,240.3545,1014.7,0.0,False
6461,240.3577,979.8,0.0,True
6462,240.3597,900.68,0.0,False
6463,240.3631,35.15,90.0,False
6464,240.3782,950.64,0.0,False
6465,240.3803,809.71,0.0,False
6466,240.3803,38.71,0.0,False
6467,240.3869,908.32,12.6667,False
6468,240.3915,71.08,0.0,False
6469,240.3988,34.8,0.0,True
6470,240.4433,957.2,0.0,False
6471,240.4522,23.01,0.0,False
6472,240.4532,8.76,0.0,False
6473,240.4571,814.5,0.0,False
6474,240.4634,32.16,0.0,False
6475,240.474,1004.15,0.0,False
6476,240.4744,1035.69,90.0,False
6477,240.4793,39.25,90.0,False
6478,240.4817,966.93,0.0,False
6479,240.4842,758.22,0.0,False
6480,240.4915,14.81,0.0,False
6481,240.4981,960.44,90.0,False
6482,240.4995,56.05,0.0,False
6483,240.5047,937.87,90.0,False
6484,240.511,803.78,90.0,False
6485,240.5236,18.21,0.0,False
6486,240.5389,889.73,0.0,True
6487,240.544,858.11,0.0,False
6488,240.5443,862.2,0.0,True
6489,240.5536,20.94,0.0,False
6490,240.5643,997.5,0.0,False
6491,240.5773,12.93,0.0,True
6492,240.5858,9.85,90.0,False
6493,240.5983,961.69,0.0,True
6494,240.6003,897.37,0.0,False
6495,240.6189,920.59,0.0,False
6496,240.6317,8.68,0.0,False
6497,240.6318,9.2,0.0,False
6498,240.6371,88.8,0.0,False
6499,240.6428,26.72,0.0,False
6500,240.6478,22.11,0.0,False
6501,240.6485,21.64,0.0,False
6502,240.6501,9.7,0.0,False
6503,240.6528,18.27,0.0,False
6504,240.6542,970.04,0.0,False
6505,240.6639,941.16,0.0,False
6506,240.665,18.01,0.0,False
6507,240.6697,17.93,0.0,False
6508,240.6705,13.05,90.0,False
6509,240.6805,18.5,0.0,False
6510,240.6851,894.98,38.0,False
6511,240.6858,41.48,0.0,False
6512,240.6878,13.42,0.0,False
6513,240.6905,12.47,0.0,False
6514,240.691,8.64,0.0,True
6515,240.7023,8.26,0.0,False
6516,240.7048,820.56,90.0,False
6517,240.7089,23882.89,90.0,False
6518,240.7096,812.69,90.0,False
6519,240.7128,938.44,0.0,False
6520,240.7146,901.05,0.0,True
6521,240.718,35.43,0.0,False
6522,240.7275,928.71,0.0,False
6523,240.7359,17.54,95.0,False
6524,240.7393,933.66,0.0,False
6525,240.7448,849.4,0.0,False
6526,240.7681,935.49,0.0,False
6527,240.7761,32.46,0.0,True
6528,240.7797,17.73,0.0,False
6529,240.7804,21.86,90.0,True
6530,240.7892,890.63,0.0,False
6531,240.7958,910.72,90.0,False
6532,240.8065,821.61,0.0,False
6533,240.8114,20.56,0.0,False
6534,240.8118,24703.68,0.0,False
6535,240.8209,851.48,90.0,False
6536,240.8236,8.92,0.0,False
6537,240.8428,836.73,0.0,True
6538,240.8438,914.04,0.0,False
6539,240.8462,872.48,0.0,False
6540,240.8523,26.61,0.0,True
6541,240.8553,916.34,38.0,False
6542,240.856,15.69,0.0,False
6543,240.8612,8.8,0.0,True
6544,240.8653,9.48,0.0,True
6545,240.8656,1024.11,0.0,False
6546,240.866,9.76,0.0,False
6547,240.8745,37.65,0.0,False
6548,240.8957,895.19,0.0,False
6549,240.9128,17.32,12.6667,False
6550,240.9176,10.07,0.0,False
6551,240.9222,1028.92,0.0,False
6552,240.9254,22.79,0.0,False
6553,240.9266,958.77,0.0,False
6554,240.9275,1023.18,90.0,False
6555,240.9328,1079.23,0.0,False
6556,240.9501,13.88,90.0,True
6557,240.9505,865.41,0.0,False
6558,240.9516,9.92,0.0,False
6559,240.957,979.06,0.0,False
6560,240.9653,807.29,0.0,False
6561,240.9661,1032.68,90.0,False
6562,240.9689,953.16,0.0,True
6563,240.9775,1082.22,0.0,False
6564,240.9878,954.4,90.0,False
6565,240.989,25705.88,90.0,False
6566,240.998,936.69,0.0,False
6567,240.998,11.21,0.0,False
6568,241.0064,22.04,0.0,False
6569,241.0101,869.08,0.0,False
6570,241.0131,787.43,0.0,False
6571,241.015,907.22,0.0,True
6572,241.0268,44.42,0.0,True
6573,241.0273,863.3,0.0,False
6574,241.0302,21.93,0.0,True
6575,241.0308,884.05,0.0,True
6576,241.0312,938.66,0.0,False
6577,241.0356,1025.45,0.0,False
6578,241.0537,914.08,0.0,False
6579,241.06,24658.47,0.0,False
6580,241.0638,900.99,0.0,True
6581,241.0649,20.37,0.0,True
6582,241.0679,903.52,90.0,False
6583,241.0761,12.09,0.0,True
6584,241.0765,841.97,90.0,False
6585,241.0794,988.35,0.0,False
6586,241.0805,8.81,0.0,False
6587,241.0866,10.03,0.0,False
6588,241.0878,32.86,38.0,False
6589,241.0913,921.84,0.0,False
6590,241.0926,939.94,0.0,False
6591,241.0941,25485.35,0.0,False
6592,241.1018,984.76,0.0,False
6593,241.102,27.04,90.0,False
6594,241.1037,857.23,90.0,False
6595,241.1113,983.83,90.0,False
6596,241.1121,15.93,0.0,False
6597,241.1137,976.07,0.0,False
6598,241.1163,11.22,90.0,False
6599,241.1179,9.69,0.0,False
6600,241.1257,15.39,90.0,False
6601,241.132,9.4,0.0,False
6602,241.1354,888.43,0.0,False
6603,241.1366,886.43,0.0,False
6604,241.142,11.09,0.0,False
6605,241.146,924.67,0.0,True
6606,241.1615,14.66,0.0,True
6607,241.1746,978.67,90.0,True
6608,241.1831,770.2,0.0,False
6609,241.1831,9.0,0.0,False
6610,241.184,8.55,0.0,False
6611,241.1866,47.44,0.0,False
6612,241.1898,1027.99,0.0,False
6613,241.1942,1032.91,90.0,False
6614,241.1973,798.83,90.0,False
6615,241.2035,22.76,0.0,False
6616,241.204,8.68,0.0,True
6617,241.2121,18.69,90.0,False
6618,241.2132,18.06,0.0,True
6619,241.215,9.73,0.0,False
6620,241.226,858.54,0.0,False
6621,241.2344,918.46,0.0,False
6622,241.2366,966.69,0.0,False
6623,241.2406,11.62,0.0,False
6624,241.2454,796.22,90.0,False
6625,241.2543,32.63,90.0,True
6626,241.296,28.01,0.0,False
6627,241.2968,916.07,0.0,False
6628,241.3019,884.71,0.0,False
6629,241.3048,791.36,90.0,False
6630,241.3072,43.79,0.0,False
6631,241.3081,890.86,0.0,False
6632,241.3099,47.12,0.0,False
6633,241.315,847.43,0.0,False
6634,241.3208,909.36,0.0,False
6635,241.3235,942.42,0.0,False
6636,241.327,1076.32,38.0,False
6637,241.3401,24720.8,0.0,False
6638,241.3415,921.72,0.0,False
6639,241.344,31.01,0.0,True
6640,241.3453,10.04,0.0,False
6641,241.3473,863.61,0.0,False
6642,241.3596,32.57,90.0,False
6643,241.3615,897.33,0.0,False
6644,241.362,1111.94,0.0,False
6645,241.3665,928.57,0.0,False
6646,241.3768,1013.26,0.0,False
6647,241.3774,9.09,90.0,False
6648,241.3824,979.66,0.0,False
6649,241.3901,24798.92,0.0,False
6650,241.3916,958.2,0.0,False
6651,241.3931,28.81,90.0,False
6652,241.3977,991.93,90.0,False
6653,241.4034,884.2,90.0,True
6654,241.4072,9.17,0.0,False
6655,241.4079,814.68,0.0,False
6656,241.409,897.15,90.0,False
6657,241.419,898.11,90.0,False
6658,241.4236,35.73,0.0,False
6659,241.4383,9.07,90.0,False
6660,241.4429,9.28,0.0,False
6661,241.4486,875.61,90.0,True
6662,241.4508,80.14,0.0,False
6663,241.4532,906.37,0.0,True
6664,241.4533,867.08,90.0,False
6665,241.4934,30.97,90.0,True
6666,241.496,932.1,85.0,False
6667,241.502,950.85,0.0,False
6668,241.5029,862.81,12.6667,False
6669,241.5145,21.51,0.0,False
6670,241.5152,861.85,90.0,False
6671,241.516,870.39,0.0,True
6672,241.5216,917.64,90.0,False
6673,241.5238,27.16,0.0,False
6674,241.5323,23317.41,0.0,True
6675,241.5326,8.54,0.0,False
6676,241.5427,883.59,0.0,False
6677,241.5429,24906.17,0.0,False
6678,241.5437,15.73,0.0,False
6679,241.5462,7.69,0.0,False
6680,241.5482,835.27,0.0,False
6681,241.5588,845.96,0.0,False
6682,241.564,40.48,0.0,False
6683,241.5758,892.16,90.0,True
6684,241.5764,1006.2,0.0,False
6685,241.5972,8.1,90.0,False
6686,241.601,25375.59,12.6667,False
6687,241.6122,1056.34,0.0,False
6688,241.6267,24301.74,90.0,False
6689,241.6362,7.95,0.0,False
6690,241.6368,17.27,0.0,False
6691,241.6419,923.56,0.0,False
6692,241.6435,840.17,0.0,False
6693,241.6444,24757.13,0.0,True
6694,241.6495,831.48,0.0,False
6695,241.6576,892.34,0.0,False
6696,241.6598,832.43,0.0,False
6697,241.6639,866.3,0.0,False
6698,241.6728,884.52,0.0,False
6699,241.6763,912.71,0.0,False
6700,241.6787,7.62,85.0,False
6701,241.6807,30.44,0.0,False
6702,241.689,22799.95,0.0,False
6703,241.6945,26.22,0.0,False
6704,241.6974,950.93,90.0,False
6705,241.7001,21.96,0.0,False
6706,241.7101,907.18,0.0,False
6707,241.7139,26.51,90.0,False
6708,241.7227,874.97,90.0,False
6709,241.7232,901.94,90.0,False
6710,241.7321,795.81,0.0,False
6711,241.7323,893.64,0.0,False
6712,241.7419,992.7,90.0,False
6713,241.748,44.8,0.0,False
6714,241.756,908.53,90.0,False
6715,241.7576,921.57,0.0,False
6716,241.7587,9.67,0.0,False
6717,241.7754,821.76,0.0,False
6718,241.782,1100.65,90.0,False
6719,241.7827,995.32,0.0,True
6720,241.7832,889.37,0.0,False
6721,241.7926,835.35,0.0,True
6722,241.7936,32.35,0.0,False
6723,241.8046,903.4,0.0,False
6724,241.8052,40.89,0.0,False
6725,241.8169,1006.76,0.0,False
6726,241.8181,832.94,90.0,False
6727,241.8188,949.91,90.0,False
6728,241.8211,860.37,0.0,False
6729,241.8229,795.49,0.0,False
6730,241.8252,1021.71,0.0,False
6731,241.8326,978.4,0.0,False
6732,241.8365,10.13,0.0,False
6733,241.837,876.79,90.0,True
6734,241.8391,879.26,0.0,False
6735,241.8454,13.12,0.0,False
6736,241.8518,854.55,0.0,False
6737,241.8547,21.08,90.0,False
6738,241.8776,900.14,90.0,False
6739,241.8781,8.62,0.0,False
6740,241.8785,14.78,0.0,False
6741,241.8794,930.91,0.0,False
6742,241.8803,874.63,0.0,True
6743,241.8828,916.26,0.0,False
6744,241.8858,937.47,0.0,False
6745,241.8929,875.71,0.0,True
6746,241.893,32.34,0.0,False
6747,241.8937,805.08,0.0,False
6748,241.8975,9.24,0.0,True
6749,241.9012,928.87,0.0,False
6750,241.9067,35.86,0.0,False
6751,241.9077,11.95,0.0,False
6752,241.9096,874.84,90.0,False
6753,241.9204,927.46,0.0,False
6754,241.9348,8.68,0.0,True
6755,241.9366,963.95,0.0,True
6756,241.9375,893.44,0.0,False
6757,241.938,22.62,12.6667,False
6758,241.9576,1088.39,0.0,False
6759,241.9602,31.02,0.0,True
6760,241.9641,806.19,0.0,False
6761,241.9793,926.65,0.0,False
6762,241.9814,9.1,0.0,False
6763,241.9912,10.34,0.0,False
6764,242.0022,963.55,0.0,False
6765,242.0109,23967.94,0.0,False
6766,242.012,946.53,0.0,False
6767,242.0172,1022.35,0.0,False
6768,242.0176,14.12,0.0,False
6769,242.0208,1011.06,0.0,False
6770,242.028,969.54,19.0,False
6771,242.0324,923.45,0.0,False
6772,242.0372,874.9,50.6667,False
6773,242.0411,32.04,0.0,False
6774,242.0421,841.01,0.0,False
6775,242.0454,9.79,0.0,False
6776,242.0513,928.33,0.0,False
6777,242.054,966.17,0.0,False
6778,242.0562,847.32,0.0,False
6779,242.0573,898.44,90.0,False
6780,242.0599,891.9,19.0,False
6781,242.0728,1001.46,90.0,False
6782,242.0765,828.8,0.0,False
6783,242.0827,910.12,0.0,False
6784,242.0829,16.81,0.0,False
6785,242.0845,19.85,90.0,False
6786,242.0869,8.75,90.0,True
6787,242.0902,990.37,0.0,False
6788,242.0904,22.53,90.0,False
6789,242.0907,928.32,0.0,False
6790,242.0918,23103.6,0.0,False
6791,242.0962,902.52,0.0,False
6792,242.098,874.47,90.0,False
6793,242.102,987.59,0.0,False
6794,242.1052,1003.37,0.0,True
6795,242.108,871.8,90.0,True
6796,242.1081,993.16,90.0,False
6797,242.109,836.54,0.0,False
6798,242.116,989.5,0.0,False
6799,242.1205,972.76,0.0,False
6800,242.1235,6.29,0.0,False
6801,242.1297,1039.89,0.0,True
6802,242.1351,1020.07,0.0,False
6803,242.1383,736.53,0.0,True
6804,242.1427,903.67,0.0,False
6805,242.1568,7.83,0.0,False
6806,242.1573,954.72,0.0,False
6807,242.1614,1003.8,0.0,True
6808,242.1713,49.02,63.3333,False
6809,242.1778,990.14,90.0,False
6810,242.1819,872.82,90.0,True
6811,242.185,839.44,0.0,False
6812,242.1864,801.94,0.0,False
6813,242.1908,948.85,90.0,False
6814,242.191,1058.57,0.0,False
6815,242.1986,15.57,0.0,False
6816,242.2011,929.95,0.0,True
6817,242.2053,901.47,90.0,False
6818,242.2123,31.45,90.0,False
6819,242.2153,799.42,0.0,False
6820,242.2202,27.7,0.0,False
6821,242.2287,874.4,0.0,False
6822,242.2307,32.34,0.0,True
6823,242.2358,997.1,0.0,False
6824,242.238,806.04,90.0,True
6825,242.2421,876.38,0.0,False
6826,242.2457,889.65,0.0,False
6827,242.2476,880.75,0.0,False
6828,242.256,9.28,0.0,False
6829,242.2598,927.99,0.0,False
6830,242.2631,850.43,90.0,False
6831,242.2642,8.97,0.0,False
6832,242.2755,8.63,0.0,False
6833,242.2789,20.57,0.0,False
6834,242.2892,993.55,0.0,False
6835,242.291,994.87,0.0,True
6836,242.3008,27.49,90.0,False
6837,242.3031,960.97,0.0,False
6838,242.3098,891.32,90.0,False
6839,242.3214,947.31,0.0,False
6840,242.3234,31.56,90.0,False
6841,242.3281,868.36,0.0,False
6842,242.3311,889.06,0.0,False
6843,242.3341,1113.26,0.0,False
6844,242.3378,1007.45,0.0,False
6845,242.3385,14.23,0.0,False
6846,242.3409,939.91,0.0,False
6847,242.3434,886.05,0.0,False
6848,242.3451,877.32,90.0,False
6849,242.3484,26.87,0.0,True
6850,242.3488,819.68,0.0,False
6851,242.3528,826.38,0.0,False
6852,242.3544,20.5,0.0,True
6853,242.355,933.59,0.0,False
6854,242.3551,923.37,0.0,False
6855,242.3586,804.31,0.0,False
6856,242.3627,906.48,90.0,False
6857,242.3661,30.27,0.0,False
6858,242.3687,11.88,90.0,False
6859,242.3888,923.43,90.0,False
6860,242.3951,1133.76,90.0,False
6861,242.4008,797.18,0.0,True
6862,242.4014,1012.63,0.0,True
6863,242.4065,749.19,0.0,False
6864,242.411,874.4,0.0,False
6865,242.4167,776.68,0.0,False
6866,242.4176,947.8,0.0,False
6867,242.4273,809.18,85.0,False
6868,242.4282,859.94,0.0,True
6869,242.4296,924.23,0.0,False
6870,242.4402,849.63,0.0,False
6871,242.4424,17.07,0.0,False
6872,242.4496,10.39,90.0,True
6873,242.4515,27.19,0.0,False
6874,242.4516,897.79,0.0,False
6875,242.46,780.89,90.0,False
6876,242.4691,939.81,90.0,False
6877,242.4811,873.46,90.0,False
6878,242.5069,867.3,0.0,False
6879,242.5111,985.72,0.0,False
6880,242.5147,947.6,0.0,True
6881,242.5177,909.71,0.0,False
6882,242.5282,975.31,25.3333,False
6883,242.5335,754.91,0.0,False
6884,242.5419,778.35,90.0,False
6885,242.5494,82.05,0.0,False
6886,242.5578,18.33,0.0,False
6887,242.5635,985.09,0.0,False
6888,242.5662,860.0,0.0,True
6889,242.5687,24.25,0.0,False
6890,242.5752,940.03,90.0,False
6891,242.5772,940.99,0.0,False
6892,242.5791,902.37,0.0,True
6893,242.5825,8.78,0.0,False
6894,242.5829,26.68,0.0,False
6895,242.5888,947.25,90.0,False
6896,242.6013,852.43,0.0,True
6897,242.6101,20.54,90.0,False
6898,242.6132,917.86,0.0,False
6899,242.6139,880.14,90.0,True
6900,242.6188,40.46,0.0,False
6901,242.6225,986.43,90.0,True
6902,242.6242,895.09,0.0,False
6903,242.6284,961.52,0.0,False
6904,242.6345,964.66,0.0,False
6905,242.6373,970.83,90.0,False
6906,242.6395,794.59,0.0,False
6907,242.644,904.82,90.0,True
6908,242.6533,1056.31,0.0,False
6909,242.6631,870.33,0.0,False
6910,242.6657,905.29,90.0,False
6911,242.6664,925.55,0.0,False
6912,242.6698,941.78,90.0,False
6913,242.6703,868.73,90.0,False
6914,242.675,9.45,0.0,False
6915,242.6891,900.45,0.0,False
6916,242.691,853.11,0.0,True
6917,242.693,828.87,90.0,False
6918,242.6972,829.23,0.0,False
6919,242.7046,972.18,0.0,False
6920,242.7114,858.4,0.0,True
6921,242.7123,25.59,90.0,False
6922,242.7129,713.86,90.0,False
6923,242.7212,45.04,0.0,True
6924,242.7227,911.19,90.0,False
6925,242.7253,962.63,0.0,False
6926,242.7281,1003.51,0.0,False
6927,242.7351,857.04,12.6667,False
6928,242.7463,983.85,0.0,False
6929,242.7487,38.31,0.0,False
6930,242.752,26.66,0.0,False
6931,242.7606,952.02,0.0,False
6932,242.7612,52.74,0.0,False
6933,242.7662,899.84,90.0,False
6934,242.7662,961.74,0.0,False
6935,242.7696,967.5,0.0,False
6936,242.77,963.02,0.0,False
6937,242.7731,952.31,0.0,False
6938,242.7788,9.52,0.0,False
6939,242.8068,904.1,0.0,False
6940,242.8158,1093.26,90.0,False
6941,242.8184,935.44,0.0,False
6942,242.8226,801.89,0.0,False
6943,242.8261,978.43,0.0,False
6944,242.8366,850.5,0.0,False
6945,242.8383,963.86,0.0,True
6946,242.8514,787.11,0.0,False
6947,242.8567,1035.35,0.0,True
6948,242.8577,12.24,0.0,False
6949,242.8599,812.34,0.0,True
6950,242.861,850.89,0.0,False
6951,242.8645,1066.41,0.0,False
6952,242.8654,857.35,90.0,False
6953,242.8671,1048.47,0.0,False
6954,242.871,951.27,0.0,False
6955,242.8716,905.46,90.0,False
6956,242.8722,854.49,0.0,False
6957,242.8864,874.12,12.6667,False
6958,242.8935,809.05,0.0,True
6959,242.9011,897.87,90.0,False
6960,242.9025,8.96,0.0,False
6961,242.9226,933.83,0.0,False
6962,242.925,9.2,0.0,False
6963,242.9255,906.65,0.0,False
6964,242.9268,1004.44,0.0,False
6965,242.9368,865.83,90.0,True
6966,242.9459,1000.11,90.0,False
6967,242.9486,845.2,0.0,False
6968,242.9529,935.14,0.0,False
6969,242.9575,19.71,0.0,False
6970,242.9653,934.84,0.0,False
6971,242.9733,909.9,0.0,False
6972,242.9756,794.7,0.0,False
6973,242.9805,1033.66,0.0,False
6974,242.9838,880.56,90.0,True
6975,243.003,936.7,0.0,False
6976,243.0066,914.58,90.0,False
6977,243.0126,8.72,0.0,False
6978,243.0171,879.85,90.0,False
6979,243.0173,24245.12,0.0,True
6980,243.0204,23896.76,90.0,True
6981,243.0228,852.53,0.0,False
6982,243.0243,25022.98,0.0,False
6983,243.0265,951.15,90.0,False
6984,243.0323,911.82,0.0,False
6985,243.0427,948.03,0.0,False
6986,243.0491,1018.05,0.0,True
6987,243.0547,932.96,0.0,False
6988,243.0562,966.6,0.0,False
6989,243.0577,903.28,0.0,True
6990,243.062,833.84,0.0,False
6991,243.0645,808.95,0.0,False
6992,243.0662,887.12,0.0,True
6993,243.0694,954.94,90.0,False
6994,243.0765,9.76,0.0,False
6995,243.0803,978.03,0.0,False
6996,243.087,23.94,0.0,True
6997,243.0885,775.18,0.0,False
6998,243.0914,1025.17,0.0,False
6999,243.1016,875.99,0.0,True
7000,243.1017,793.33,90.0,False
7001,243.1022,830.25,0.0,False
7002,243.1058,904.81,0.0,True
7003,243.1079,817.73,0.0,False
7004,243.1096,861.77,0.0,False
7005,243.1148,925.49,0.0,False
7006,243.1206,803.32,0.0,False
7007,243.1237,916.58,90.0,False
7008,243.1285,802.34,0.0,False
7009,243.1314,838.49,0.0,False
7010,243.1316,963.84,0.0,False
7011,243.1367,25.73,0.0,False
7012,243.1476,837.44,90.0,False
7013,243.149,9.31,90.0,False
7014,243.1505,922.46,0.0,False
7015,243.1556,969.58,0.0,False
7016,243.1625,992.72,0.0,False
7017,243.1633,922.91,0.0,False
7018,243.1652,8.26,90.0,False
7019,243.1663,871.86,0.0,False
7020,243.175,971.29,90.0,False
7021,243.1759,800.72,0.0,False
7022,243.1795,997.49,0.0,False
7023,243.1811,845.0,0.0,False
7024,243.1832,865.8,0.0,False
7025,243.1834,828.02,0.0,False
7026,243.1859,8.72,0.0,False
7027,243.1875,1025.58,90.0,False
7028,243.1876,795.29,90.0,False
7029,243.1896,1028.65,90.0,True
7030,243.1899,911.62,0.0,False
7031,243.1952,814.93,0.0,True
7032,243.1971,824.2,0.0,False
7033,243.1993,983.85,0.0,False
7034,243.2001,941.53,90.0,False
7035,243.2076,894.63,0.0,False
7036,243.2077,811.25,90.0,False
7037,243.214,893.92,0.0,False
7038,243.214,954.63,0.0,False
7039,243.2218,889.87,90.0,False
7040,243.2256,811.44,0.0,True
7041,243.2267,905.64,0.0,False
7042,243.233,995.75,12.6667,False
7043,243.2483,28.08,90.0,True
7044,243.2519,872.53,0.0,False
7045,243.259,840.61,0.0,False
7046,243.2598,951.59,0.0,False
7047,243.2603,45.6,90.0,False
7048,243.263,959.25,0.0,False
7049,243.2633,939.2,90.0,True
7050,243.2657,921.38,0.0,False
7051,243.2671,813.15,0.0,False
7052,243.2689,902.84,0.0,False
7053,243.2709,834.93,0.0,False
7054,243.2724,948.06,0.0,False
7055,243.278,886.05,0.0,True
7056,243.2879,872.72,0.0,False
7057,243.2891,800.71,0.0,False
7058,243.2919,1034.26,0.0,False
7059,243.301,863.02,0.0,False
7060,243.3029,930.57,90.0,False
7061,243.304,758.32,0.0,False
7062,243.3046,976.16,0.0,False
7063,243.3061,1039.76,0.0,False
7064,243.3069,923.32,0.0,False
7065,243.3122,1129.71,0.0,False
7066,243.3131,858.79,0.0,True
7067,243.3183,941.49,0.0,True
7068,243.3218,929.9,0.0,True
7069,243.3244,945.76,0.0,False
7070,243.3249,896.28,0.0,False
7071,243.3252,907.11,0.0,False
7072,243.3279,849.34,0.0,False
7073,243.3331,9.47,0.0,False
7074,243.3357,1063.78,0.0,False
7075,243.3383,852.63,0.0,False
7076,243.3412,908.22,90.0,True
7077,243.3503,935.15,0.0,False
7078,243.356,927.81,0.0,True
7079,243.3659,790.08,0.0,False
7080,243.3662,938.22,0.0,False
7081,243.395,981.77,0.0,True
7082,243.396,907.57,0.0,False
7083,243.3993,894.27,0.0,False
7084,243.4023,47.54,0.0,False
7085,243.4029,868.89,0.0,False
7086,243.4044,875.61,0.0,False
7087,243.4154,862.74,0.0,False
7088,243.4181,861.91,90.0,True
7089,243.4241,860.31,0.0,False
7090,243.4244,835.61,0.0,False
7091,243.4319,970.14,0.0,False
7092,243.4332,24.28,0.0,True
7093,243.4332,835.33,0.0,False
7094,243.4392,52.21,0.0,False
7095,243.4517,826.1,0.0,False
7096,243.4534,850.42,0.0,False
7097,243.4539,833.36,90.0,False
7098,243.4589,992.18,0.0,True
7099,243.4598,930.53,90.0,False
7100,243.4699,958.79,90.0,True
7101,243.4718,992.04,0.0,False
7102,243.4743,855.17,90.0,True
7103,243.4805,851.64,90.0,False
7104,243.4814,927.47,0.0,False
7105,243.4864,1087.28,0.0,False
7106,243.4906,904.52,0.0,False
7107,243.4917,898.13,0.0,False
7108,243.4938,878.34,0.0,False
7109,243.4958,740.29,0.0,False
7110,243.4966,819.55,0.0,False
7111,243.4989,851.96,90.0,True
7112,243.4998,12.65,90.0,False
7113,243.5015,921.21,0.0,False
7114,243.5028,809.97,0.0,False
7115,243.507,9.63,0.0,False
7116,243.5078,910.78,0.0,False
7117,243.5091,879.19,0.0,True
7118,243.5157,956.92,0.0,False
7119,243.5202,1038.58,0.0,False
7120,243.5321,975.75,90.0,False
7121,243.541,898.23,0.0,False
7122,243.5415,962.66,90.0,False
7123,243.543,835.19,0.0,False
7124,243.5433,765.35,0.0,False
7125,243.5511,1061.06,0.0,True
7126,243.5564,840.93,90.0,False
7127,243.5568,1055.9,90.0,False
7128,243.5624,892.89,0.0,False
7129,243.5638,891.58,0.0,False
7130,243.5718,960.67,0.0,True
7131,243.5778,705.1,0.0,True
7132,243.5816,842.63,0.0,False
7133,243.5979,867.17,0.0,False
7134,243.5989,915.63,0.0,False
7135,243.6027,955.99,90.0,True
7136,243.6115,830.2,0.0,True
7137,243.6247,818.63,0.0,False
7138,243.6272,1023.37,90.0,False
7139,243.6346,989.69,0.0,False
7140,243.6377,1128.56,0.0,False
7141,243.6395,898.61,0.0,False
7142,243.6432,952.91,0.0,False
7143,243.6461,922.6,90.0,False
7144,243.6681,16.88,90.0,False
7145,243.6718,1002.14,0.0,False
7146,243.6719,22.28,0.0,False
7147,243.6738,931.71,0.0,False
7148,243.6775,938.4,0.0,True
7149,243.6784,852.0,0.0,False
7150,243.6852,862.78,0.0,True
7151,243.687,825.35,0.0,False
7152,243.6899,837.1,0.0,False
7153,243.692,907.36,0.0,False
7154,243.7024,952.95,90.0,True
7155,243.7046,859.99,90.0,False
7156,243.7049,896.16,0.0,False
7157,243.7059,921.81,0.0,False
7158,243.7093,55.71,0.0,False
7159,243.716,825.63,90.0,False
7160,243.718,962.83,0.0,False
7161,243.7183,790.18,90.0,False
7162,243.7261,906.33,0.0,False
7163,243.7302,840.67,0.0,False
7164,243.7335,827.85,90.0,False
7165,243.7377,10.29,0.0,False
7166,243.7389,883.2,0.0,False
7167,243.7453,941.3,0.0,False
7168,243.7502,64.52,0.0,False
7169,243.7525,861.86,0.0,True
7170,243.7577,1031.18,0.0,True
7171,243.76,780.95,90.0,False
7172,243.7621,974.61,0.0,True
7173,243.7628,782.43,0.0,False
7174,243.7694,994.44,0.0,False
7175,243.7719,7.94,0.0,False
7176,243.777,8.71,0.0,False
7177,243.7799,1087.02,0.0,False
7178,243.7848,904.46,0.0,False
7179,243.7854,995.1,0.0,False
7180,243.7973,984.86,0.0,True
7181,243.7974,783.59,90.0,False
7182,243.8003,952.73,0.0,False
7183,243.8009,859.23,90.0,True
7184,243.8068,897.87,0.0,False
7185,243.8157,933.22,0.0,False
7186,243.8185,936.79,90.0,False
7187,243.8192,934.76,38.0,False
7188,243.8213,925.35,0.0,False
7189,243.8282,823.39,90.0,False
7190,243.829,959.28,0.0,False
7191,243.8392,816.06,0.0,False
7192,243.8463,819.65,0.0,False
7193,243.8484,991.65,0.0,True
7194,243.8486,860.71,0.0,True
7195,243.8496,1013.76,90.0,False
7196,243.8524,946.31,0.0,False
7197,243.8554,974.06,0.0,False
7198,243.8644,899.33,90.0,True
7199,243.8712,796.2,90.0,False
7200,243.8715,1042.18,0.0,False
7201,243.8717,986.68,90.0,False
7202,243.8752,880.48,0.0,False
7203,243.8807,894.45,0.0,False
7204,243.898,962.08,0.0,False
7205,243.8998,894.15,90.0,False
7206,243.9085,914.84,90.0,True
7207,243.9163,8.02,0.0,False
7208,243.9206,833.16,0.0,False
7209,243.9288,1054.08,0.0,False
7210,243.9336,813.86,90.0,False
7211,243.9372,866.26,0.0,True
7212,243.9405,881.39,90.0,False
7213,243.951,852.78,0.0,False
7214,243.9517,18.1,0.0,False
7215,243.9635,954.23,90.0,False
7216,243.9747,10.04,0.0,False
7217,243.983,991.39,90.0,False
7218,243.9871,902.84,0.0,False
7219,243.9879,934.43,0.0,False
7220,243.9882,926.68,0.0,False
7221,243.9979,1181.65,0.0,False
7222,243.999,912.6,90.0,False
7223,244.0005,1115.93,90.0,False
7224,244.0022,961.84,90.0,False
7225,244.0023,978.46,90.0,True
7226,244.012,873.58,90.0,False
7227,244.027,957.85,0.0,False
7228,244.0392,818.64,0.0,False
7229,244.0465,845.75,0.0,False
7230,244.0485,962.9,0.0,False
7231,244.0534,873.99,90.0,False
7232,244.0537,875.15,0.0,False
7233,244.0553,892.48,0.0,False
7234,244.0565,886.75,0.0,False
7235,244.0568,934.59,0.0,False
7236,244.0576,908.81,0.0,False
7237,244.0645,868.86,0.0,False
7238,244.0652,881.77,0.0,False
7239,244.0698,858.72,0.0,False
7240,244.071,987.4,0.0,False
7241,244.0775,885.03,0.0,False
7242,244.0787,959.34,0.0,False
7243,244.0793,49.92,0.0,True
7244,244.087,782.58,0.0,False
7245,244.0885,1075.04,0.0,False
7246,244.0914,964.78,0.0,False
7247,244.0942,999.4,0.0,False
7248,244.0955,940.96,0.0,False
7249,244.1048,891.03,0.0,False
7250,244.1075,878.05,0.0,True
7251,244.1129,834.05,0.0,False
7252,244.1194,975.17,0.0,True
7253,244.1196,784.98,0.0,False
7254,244.1215,1000.12,0.0,False
7255,244.1384,840.88,0.0,False
7256,244.1573,885.32,0.0,True
7257,244.1645,931.32,0.0,False
7258,244.1666,1033.3,0.0,True
7259,244.1674,864.25,0.0,False
7260,244.1752,867.37,0.0,False
7261,244.181,944.25,0.0,False
7262,244.1836,933.51,0.0,False
7263,244.1858,971.88,0.0,False
7264,244.1953,1019.34,0.0,False
7265,244.202,943.99,0.0,False
7266,244.2031,1014.38,90.0,False
7267,244.2052,881.09,0.0,True
7268,244.2082,914.8,90.0,False
7269,244.2092,1021.36,0.0,False
7270,244.2107,817.19,0.0,False
7271,244.2132,876.16,0.0,False
7272,244.2173,803.11,0.0,False
7273,244.2214,820.66,0.0,False
7274,244.2224,977.38,90.0,False
7275,244.227,9.04,0.0,False
7276,244.2303,847.53,0.0,False
7277,244.2318,794.36,90.0,False
7278,244.2437,917.71,0.0,False
7279,244.2438,943.93,0.0,False
7280,244.244,914.08,0.0,False
7281,244.246,945.79,0.0,False
7282,244.2473,987.77,0.0,False
7283,244.2476,948.21,0.0,False
7284,244.2481,993.26,0.0,False
7285,244.256,933.11,0.0,False
7286,244.2607,1144.78,0.0,False
7287,244.2624,901.41,0.0,False
7288,244.2646,894.15,0.0,False
7289,244.2659,838.84,0.0,True
7290,244.2732,844.49,0.0,True
7291,244.2798,958.25,0.0,False
7292,244.2862,1040.05,0.0,False
7293,244.2865,941.12,0.0,False
7294,244.2865,25002.61,0.0,False
7295,244.2875,754.04,0.0,False
7296,244.2879,906.78,0.0,False
7297,244.2909,925.97,0.0,False
7298,244.2976,942.14,0.0,False
7299,244.2998,19.05,0.0,False
7300,244.3024,885.03,0.0,True
7301,244.3156,919.23,0.0,False
7302,244.3287,875.39,90.0,False
7303,244.3301,931.55,0.0,False
7304,244.3308,741.21,0.0,True
7305,244.3321,1097.1,0.0,False
7306,244.335,962.62,90.0,False
7307,244.3374,811.83,90.0,True
7308,244.3441,951.64,0.0,True
7309,244.3601,852.3,0.0,False
7310,244.3617,1053.81,90.0,False
7311,244.3698,884.3,90.0,False
7312,244.3756,944.5,90.0,True
7313,244.3822,895.94,0.0,False
7314,244.3822,10.5,0.0,True
7315,244.3855,842.6,90.0,False
7316,244.3872,1042.42,90.0,False
7317,244.3891,9.47,38.0,False
7318,244.3976,996.85,0.0,False
7319,244.3992,904.71,0.0,False
7320,244.3996,880.76,0.0,False
7321,244.3999,788.7,0.0,False
7322,244.4043,1080.92,0.0,False
7323,244.4118,972.37,90.0,True
7324,244.4199,710.93,0.0,False
7325,244.4224,902.09,0.0,False
7326,244.4246,858.1,0.0,False
7327,244.427,892.56,0.0,False
7328,244.4312,1032.48,0.0,False
7329,244.4339,8.93,90.0,False
7330,244.4349,963.21,0.0,True
7331,244.4359,874.92,0.0,False
7332,244.4364,893.85,90.0,False
7333,244.4394,985.67,90.0,True
7334,244.4453,1111.08,0.0,True
7335,244.4455,868.15,0.0,False
7336,244.4543,923.73,0.0,False
7337,244.4543,804.42,0.0,True
7338,244.4574,23281.77,0.0,False
7339,244.4615,923.2,0.0,False
7340,244.4748,775.81,0.0,False
7341,244.4755,883.18,0.0,False
7342,244.4767,894.98,0.0,False
7343,244.4865,947.14,90.0,False
7344,244.4879,827.1,0.0,False
7345,244.4898,952.79,0.0,False
7346,244.4911,1045.11,0.0,False
7347,244.4935,797.32,0.0,False
7348,244.5001,895.41,90.0,False
7349,244.5001,948.25,0.0,False
7350,244.5051,780.82,0.0,False
7351,244.5054,1006.01,19.0,False
7352,244.5058,975.66,0.0,False
7353,244.5094,756.99,0.0,False
7354,244.5102,822.65,0.0,False
7355,244.5163,1015.29,0.0,False
7356,244.5172,918.09,0.0,False
7357,244.5262,1022.31,0.0,True
7358,244.5294,981.27,90.0,False
7359,244.5359,981.05,19.0,False
7360,244.5388,1022.22,90.0,False
7361,244.5405,909.06,0.0,False
7362,244.5476,1065.26,0.0,True
7363,244.5532,938.61,0.0,False
7364,244.5533,847.08,0.0,False
7365,244.5536,928.32,0.0,False
7366,244.5542,939.23,0.0,False
7367,244.557,914.15,0.0,False
7368,244.5707,897.1,90.0,False
7369,244.571,940.35,0.0,False
7370,244.5729,890.58,0.0,True
7371,244.5775,975.25,0.0,True
7372,244.5825,21.45,0.0,True
7373,244.5904,998.22,0.0,False
7374,244.5919,26.6,0.0,True
7375,244.5934,945.35,90.0,False
7376,244.5979,782.79,90.0,False
7377,244.6013,843.53,0.0,False
7378,244.6018,922.44,0.0,False
7379,244.6099,842.1,0.0,False
7380,244.6103,1019.09,0.0,True
7381,244.611,965.42,90.0,True
7382,244.613,947.03,90.0,False
7383,244.6158,857.6,0.0,True
7384,244.622,913.46,0.0,True
7385,244.6225,987.07,0.0,False
7386,244.6228,929.2,0.0,True
7387,244.6277,856.35,0.0,False
7388,244.6301,892.95,0.0,True
7389,244.6342,1023.34,0.0,False
7390,244.6351,834.11,0.0,False
7391,244.6403,944.98,0.0,False
7392,244.6426,956.68,0.0,False
7393,244.6429,1037.0,90.0,False
7394,244.6536,861.0,0.0,True
7395,244.6569,987.81,0.0,False
7396,244.657,961.0,90.0,False
7397,244.6597,850.34,90.0,False
7398,244.6616,929.19,0.0,False
7399,244.6656,931.62,0.0,False
7400,244.666,950.47,0.0,False
7401,244.667,911.17,0.0,False
7402,244.6745,806.42,0.0,False
7403,244.6788,956.38,0.0,False
7404,244.6809,962.94,0.0,False
7405,244.684,912.63,0.0,True
7406,244.684,907.03,0.0,False
7407,244.6966,837.2,0.0,True
7408,244.6974,825.55,0.0,True
7409,244.7005,31.48,0.0,False
7410,244.7057,853.45,0.0,False
7411,244.7106,982.3,90.0,False
7412,244.7188,961.86,0.0,False
7413,244.7294,840.79,0.0,False
7414,244.7331,904.37,90.0,True
7415,244.7369,1041.61,90.0,False
7416,244.744,981.63,0.0,False
7417,244.7445,899.05,0.0,False
7418,244.7464,1051.8,0.0,True
7419,244.7541,976.39,90.0,True
7420,244.7554,945.16,0.0,False
7421,244.7605,48.91,0.0,False
7422,244.7693,941.63,0.0,False
7423,244.7698,975.45,0.0,True
7424,244.7729,922.17,0.0,False
7425,244.776,983.62,0.0,False
7426,244.7762,919.95,0.0,False
7427,244.7783,21.05,90.0,False
7428,244.7851,770.45,90.0,False
7429,244.7857,867.43,0.0,False
7430,244.7858,920.17,0.0,False
7431,244.7866,952.39,90.0,False
7432,244.7909,954.08,0.0,False
7433,244.7945,938.53,0.0,False
7434,244.7952,855.89,0.0,False
7435,244.7996,859.16,90.0,False
7436,244.8036,891.31,0.0,False
7437,244.8067,769.96,0.0,False
7438,244.8131,887.27,0.0,False
7439,244.8246,1005.14,0.0,False
7440,244.8271,1012.02,0.0,True
7441,244.8289,811.33,0.0,True
7442,244.836,943.39,0.0,False
7443,244.8572,926.26,90.0,False
7444,244.8622,1021.05,90.0,True
7445,244.8694,848.66,0.0,False
7446,244.8736,867.87,0.0,False
7447,244.8762,24537.29,0.0,False
7448,244.8782,966.33,0.0,False
7449,244.8819,942.29,90.0,True
7450,244.882,997.8,19.0,False
7451,244.8915,933.23,0.0,False
7452,244.8946,799.37,0.0,False
7453,244.8955,938.73,0.0,True
7454,244.8964,872.22,0.0,False
7455,244.8972,883.87,0.0,True
7456,244.9042,854.65,90.0,False
7457,244.9066,895.64,90.0,False
7458,244.9214,858.09,90.0,False
7459,244.9238,799.21,0.0,False
7460,244.9281,866.45,0.0,True
7461,244.9283,886.09,0.0,True
7462,244.9433,881.28,90.0,True
7463,244.9444,794.1,0.0,False
7464,244.9457,1079.68,90.0,False
7465,244.9473,833.73,90.0,False
7466,244.9493,1030.98,0.0,False
7467,244.9518,876.25,90.0,False
7468,244.9551,1062.77,0.0,False
7469,244.9607,834.54,0.0,False
7470,244.9665,926.02,0.0,False
7471,244.9671,1004.76,0.0,False
7472,244.9713,865.47,0.0,True
7473,244.98,914.15,0.0,False
7474,244.98,946.99,90.0,False
7475,244.9834,950.07,0.0,True
7476,244.9845,963.81,90.0,True
7477,244.9937,925.6,0.0,False
7478,244.997,946.2,0.0,True
7479,244.9982,925.12,90.0,False
7480,245.0032,893.87,90.0,False
7481,245.0051,804.38,0.0,False
7482,245.0079,988.54,0.0,True
7483,245.0092,824.9,0.0,False
7484,245.0139,968.05,90.0,False
7485,245.0234,935.05,0.0,False
7486,245.0291,892.9,0.0,False
7487,245.0318,929.01,90.0,False
7488,245.0373,842.58,90.0,False
7489,245.0427,946.91,90.0,True
7490,245.0463,949.92,90.0,False
7491,245.0486,1101.39,0.0,False
7492,245.0511,1032.94,0.0,False
7493,245.0541,1024.86,0.0,False
7494,245.0565,946.69,0.0,False
7495,245.0606,866.96,0.0,True
7496,245.0612,892.47,90.0,False
7497,245.0672,1016.33,0.0,False
7498,245.0692,1131.52,90.0,False
7499,245.0766,24.01,0.0,False
7500,245.0775,890.09,0.0,False
7501,245.0793,902.62,0.0,False
7502,245.0801,834.62,90.0,False
7503,245.0826,942.12,0.0,True
7504,245.0866,815.63,0.0,False
7505,245.0871,1014.16,0.0,False
7506,245.0915,849.12,0.0,False
7507,245.0935,862.87,0.0,False
7508,245.0944,928.84,0.0,False
7509,245.0989,898.33,0.0,False
7510,245.0993,847.04,0.0,True
7511,245.1112,1070.38,0.0,False
7512,245.1166,891.19,0.0,False
7513,245.1173,809.91,0.0,True
7514,245.1197,851.28,0.0,False
7515,245.1201,990.42,0.0,False
7516,245.1227,912.85,0.0,False
7517,245.1227,925.53,0.0,False
7518,245.1244,907.81,0.0,False
7519,245.1264,963.04,0.0,False
7520,245.1269,863.14,0.0,False
7521,245.1289,989.19,0.0,True
7522,245.131,986.54,0.0,False
7523,245.1357,1044.04,0.0,False
7524,245.1411,836.02,0.0,False
7525,245.1417,868.4,0.0,True
7526,245.1422,822.06,90.0,False
7527,245.1439,759.35,90.0,False
7528,245.151,923.86,0.0,False
7529,245.1545,942.17,0.0,False
7530,245.1571,892.05,0.0,False
7531,245.159,850.34,0.0,True
7532,245.1645,965.67,0.0,False
7533,245.1731,871.59,0.0,False
7534,245.1737,758.25,0.0,False
7535,245.1817,752.3,0.0,False
7536,245.1831,1005.53,90.0,False
7537,245.1846,955.68,0.0,True
7538,245.1854,20.74,0.0,False
7539,245.1908,858.19,90.0,False
7540,245.1915,982.16,90.0,False
7541,245.1997,944.17,0.0,False
7542,245.2026,924.39,0.0,False
7543,245.2036,938.51,90.0,False
7544,245.2057,860.71,0.0,False
7545,245.2114,946.1,0.0,False
7546,245.2124,912.47,0.0,True
7547,245.2134,910.1,0.0,True
7548,245.2218,969.64,50.6667,False
7549,245.223,927.25,0.0,True
7550,245.2238,942.37,0.0,False
7551,245.229,28.36,0.0,True
7552,245.234,981.05,0.0,False
7553,245.2461,1083.14,0.0,False
7554,245.2474,783.6,90.0,False
7555,245.2502,852.61,0.0,False
7556,245.2503,931.15,0.0,False
7557,245.2603,919.53,0.0,False
7558,245.2613,908.79,90.0,False
7559,245.2627,835.06,0.0,False
7560,245.2664,923.68,0.0,True
7561,245.2666,881.71,0.0,False
7562,245.2678,972.58,90.0,False
7563,245.268,901.97,90.0,False
7564,245.2715,842.21,0.0,False
7565,245.276,956.14,0.0,False
7566,245.277,981.06,0.0,False
7567,245.2806,993.79,90.0,False
7568,245.2828,894.37,0.0,False
7569,245.2852,857.86,0.0,False
7570,245.2892,828.01,90.0,True
7571,245.2897,921.91,0.0,False
7572,245.291,961.73,0.0,False
7573,245.2941,812.06,0.0,False
7574,245.3011,895.2,0.0,False
7575,245.3036,868.37,0.0,False
7576,245.3075,984.74,90.0,False
7577,245.3078,936.4,90.0,False
7578,245.3195,857.17,0.0,False
7579,245.3197,991.84,0.0,False
7580,245.3204,1062.56,0.0,False
7581,245.3205,60.43,0.0,False
7582,245.3277,891.33,0.0,False
7583,245.3287,990.97,90.0,False
7584,245.337,859.8,0.0,False
7585,245.3377,807.49,0.0,False
7586,245.3458,881.32,0.0,False
7587,245.3533,836.44,0.0,False
7588,245.3562,828.23,90.0,False
7589,245.3596,888.47,0.0,False
7590,245.3629,871.44,90.0,True
7591,245.3722,1166.64,0.0,False
7592,245.3775,895.05,0.0,False
7593,245.3786,1004.47,0.0,False
7594,245.3817,827.41,0.0,True
7595,245.3867,908.0,0.0,False
7596,245.3876,849.88,0.0,False
7597,245.3931,887.1,0.0,False
7598,245.3954,20.01,0.0,False
7599,245.4017,910.42,90.0,False
7600,245.4095,968.54,0.0,False
7601,245.4122,886.32,0.0,False
7602,245.4168,838.22,0.0,False
7603,245.419,839.75,90.0,False
7604,245.4357,840.32,0.0,False
7605,245.4373,815.0,90.0,False
7606,245.4375,834.18,0.0,True
7607,245.44,867.31,0.0,False
7608,245.4401,800.0,0.0,False
7609,245.4456,1030.08,0.0,False
7610,245.4555,1103.28,0.0,True
7611,245.456,871.57,85.0,True
7612,245.4569,982.63,0.0,True
7613,245.4574,1089.63,0.0,False
7614,245.4617,861.95,0.0,False
7615,245.4663,829.13,0.0,False
7616,245.4675,885.08,90.0,False
7617,245.4681,970.51,0.0,True
7618,245.4689,817.6,90.0,False
7619,245.4759,867.2,63.3333,False
7620,245.4767,811.34,0.0,False
7621,245.4795,906.05,0.0,False
7622,245.4896,942.57,0.0,False
7623,245.4974,823.01,0.0,False
7624,245.4998,951.93,90.0,False
7625,245.5056,967.06,90.0,True
7626,245.5176,732.66,0.0,True
7627,245.5248,1042.36,90.0,False
7628,245.5253,863.68,0.0,False
7629,245.5285,916.25,0.0,True
7630,245.5301,966.76,90.0,False
7631,245.5383,836.11,90.0,False
7632,245.5529,860.38,0.0,False
7633,245.5584,923.22,0.0,False
7634,245.5725,983.56,0.0,False
7635,245.5739,868.41,0.0,False
7636,245.58,910.26,0.0,False
7637,245.5809,835.94,0.0,False
7638,245.5821,847.38,90.0,False
7639,245.5837,724.05,0.0,False
7640,245.5848,995.29,38.0,False
7641,245.59,980.98,90.0,True
7642,245.5911,825.03,0.0,True
7643,245.5936,1005.88,0.0,True
7644,245.5989,817.78,0.0,False
7645,245.614,922.95,0.0,False
7646,245.6157,950.25,0.0,False
7647,245.625,892.47,90.0,False
7648,245.6385,855.29,0.0,False
7649,245.6411,940.76,0.0,False
7650,245.6449,908.76,0.0,True
7651,245.6463,859.35,0.0,True
7652,245.6509,967.78,0.0,False
7653,245.6566,1003.45,0.0,False
7654,245.6568,960.87,0.0,False
7655,245.6626,830.67,0.0,False
7656,245.6681,914.28,0.0,False
7657,245.6722,862.52,0.0,False
7658,245.6741,922.39,0.0,False
7659,245.6828,837.07,0.0,False
7660,245.6973,828.91,0.0,False
7661,245.6978,1005.44,0.0,False
7662,245.6995,902.92,85.0,False
7663,245.7125,906.81,0.0,False
7664,245.7177,1036.92,90.0,False
7665,245.724,1079.77,0.0,True
7666,245.7246,928.85,0.0,True
7667,245.7268,910.88,0.0,False
7668,245.73,949.53,0.0,False
7669,245.7344,1057.08,90.0,False
7670,245.7391,909.99,0.0,False
7671,245.7412,22.19,0.0,False
7672,245.7449,883.39,0.0,True
7673,245.7487,796.73,0.0,False
7674,245.7499,904.58,0.0,False
7675,245.7526,1125.78,90.0,True
7676,245.7584,906.43,0.0,False
7677,245.7586,9.07,0.0,False
7678,245.7594,808.37,0.0,False
7679,245.762,19.34,90.0,False
7680,245.7629,832.08,90.0,False
7681,245.7701,908.51,0.0,False
7682,245.7702,9.66,0.0,False
7683,245.7717,848.13,0.0,False
7684,245.7738,959.02,0.0,False
7685,245.7742,991.04,90.0,False
7686,245.7744,951.76,0.0,False
7687,245.7747,988.92,90.0,False
7688,245.7802,848.14,0.0,False
7689,245.7807,868.08,0.0,False
7690,245.7894,891.41,90.0,False
7691,245.7898,793.72,0.0,False
7692,245.7923,922.06,0.0,False
7693,245.7927,943.78,0.0,False
7694,245.7941,953.86,0.0,False
7695,245.7971,951.81,0.0,False
7696,245.8018,877.63,90.0,False
7697,245.8034,878.81,0.0,False
7698,245.8043,883.13,0.0,True
7699,245.805,1019.16,0.0,False
7700,245.8054,1019.23,0.0,False
7701,245.8109,1060.4,0.0,True
7702,245.811,992.14,0.0,True
7703,245.8133,955.05,0.0,False
7704,245.8134,847.97,0.0,False
7705,245.8143,857.79,90.0,False
7706,245.8152,958.42,0.0,True
7707,245.8184,953.9,0.0,True
7708,245.8235,741.19,0.0,True
7709,245.8251,987.56,90.0,False
7710,245.8253,950.89,0.0,False
7711,245.8308,826.67,90.0,True
7712,245.8442,837.76,90.0,True
7713,245.8455,985.45,0.0,False
7714,245.8477,974.61,90.0,True
7715,245.8516,793.73,0.0,False
7716,245.8567,1052.6,90.0,True
7717,245.8626,862.86,0.0,False
7718,245.8629,948.45,0.0,False
7719,245.8757,912.24,90.0,True
7720,245.881,1001.85,0.0,False
7721,245.8903,902.95,0.0,False
7722,245.8937,878.93,0.0,True
7723,245.8954,957.78,0.0,False
7724,245.8958,922.08,0.0,False
7725,245.8975,948.98,0.0,False
7726,245.8982,1044.8,90.0,False
7727,245.9001,951.27,0.0,False
7728,245.9149,847.18,0.0,True
7729,245.9168,865.62,0.0,False
7730,245.9246,979.22,90.0,False
7731,245.9264,866.79,90.0,False
7732,245.9277,978.63,0.0,False
7733,245.9406,971.95,0.0,False
7734,245.9419,935.05,0.0,False
7735,245.9433,943.02,90.0,False
7736,245.9438,793.8,0.0,False
7737,245.948,895.64,90.0,False
7738,245.956,1063.47,0.0,False
7739,245.9574,993.84,0.0,True
7740,245.9579,950.92,85.0,False
7741,245.9658,927.05,90.0,False
7742,245.9745,944.73,0.0,False
7743,245.9747,1019.89,0.0,False
7744,245.9773,944.16,0.0,False
7745,245.9882,895.56,0.0,False
7746,245.9933,941.86,0.0,False
7747,246.0085,810.88,0.0,False
7748,246.0086,775.68,0.0,False
7749,246.009,859.53,0.0,False
7750,246.0097,1036.43,0.0,True
7751,246.0115,912.07,90.0,False
7752,246.0156,856.87,90.0,False
7753,246.0184,903.55,0.0,False
7754,246.0243,908.29,0.0,True
7755,246.0259,909.74,90.0,False
7756,246.0295,910.43,0.0,False
7757,246.0297,932.91,0.0,False
7758,246.0305,918.5,0.0,False
7759,246.0343,859.6,0.0,False
7760,246.0359,1080.82,90.0,True
7761,246.0433,834.94,0.0,False
7762,246.0435,956.89,90.0,False
7763,246.0615,885.12,0.0,False
7764,246.0665,1018.35,90.0,False
7765,246.0666,919.52,0.0,False
7766,246.0701,998.28,0.0,False
7767,246.0716,834.24,0.0,False
7768,246.0733,812.89,0.0,True
7769,246.0776,928.96,0.0,False
7770,246.0798,890.26,0.0,False
7771,246.0868,882.51,0.0,False
7772,246.0878,860.98,0.0,True
7773,246.0917,842.87,90.0,False
7774,246.0966,898.54,90.0,False
7775,246.098,876.83,90.0,False
7776,246.1116,891.19,0.0,False
7777,246.1137,998.08,0.0,False
7778,246.121,893.06,90.0,False
7779,246.1277,909.86,0.0,True
7780,246.1294,839.9,90.0,False
7781,246.1331,923.43,0.0,False
7782,246.1371,826.88,0.0,False
7783,246.1398,861.99,0.0,True
7784,246.1434,865.15,0.0,False
7785,246.1545,943.67,0.0,True
7786,246.1565,830.14,0.0,False
7787,246.159,976.24,0.0,False
7788,246.162,950.61,0.0,False
7789,246.1666,960.63,0.0,False
7790,246.1817,819.09,0.0,False
7791,246.191,911.6,0.0,False
7792,246.1925,981.26,0.0,False
7793,246.1929,887.15,0.0,False
7794,246.1978,977.02,90.0,False
7795,246.1988,896.74,0.0,False
7796,246.2031,830.18,90.0,False
7797,246.2034,902.0,0.0,False
7798,246.2071,906.54,0.0,False
7799,246.2115,990.21,0.0,False
7800,246.2145,915.05,0.0,False
7801,246.2178,855.81,90.0,True
7802,246.218,887.22,0.0,False
7803,246.2207,924.99,0.0,False
7804,246.2247,22.11,0.0,False
7805,246.2273,901.58,0.0,False
7806,246.2307,948.27,0.0,True
7807,246.2365,935.3,0.0,False
7808,246.2384,868.72,0.0,True
7809,246.2384,40.38,0.0,False
7810,246.2402,975.23,0.0,False
7811,246.2509,838.37,90.0,False
7812,246.2557,1049.14,0.0,False
7813,246.2574,913.57,90.0,True
7814,246.264,927.04,0.0,False
7815,246.2673,861.59,0.0,False
7816,246.2757,882.06,0.0,False
7817,246.2757,938.93,90.0,False
7818,246.2793,804.21,0.0,False
7819,246.2855,921.46,0.0,False
7820,246.2885,841.99,0.0,False
7821,246.291,998.06,0.0,False
7822,246.2929,755.34,0.0,False
7823,246.3039,954.23,0.0,False
7824,246.3222,855.12,0.0,False
7825,246.3288,838.45,0.0,False
7826,246.3329,768.15,0.0,False
7827,246.3401,996.63,0.0,False
7828,246.3404,868.6,0.0,False
7829,246.3407,829.27,0.0,True
7830,246.3412,994.52,0.0,False
7831,246.3444,871.75,90.0,False
7832,246.3474,929.87,0.0,False
7833,246.355,840.46,90.0,False
7834,246.3611,1042.11,0.0,False
7835,246.3684,804.7,0.0,False
7836,246.3705,996.12,90.0,True
7837,246.3709,1088.93,90.0,True
7838,246.3801,1000.17,0.0,False
7839,246.3831,966.01,90.0,True
7840,246.3855,814.83,0.0,False
7841,246.387,1026.0,0.0,False
7842,246.4006,883.53,90.0,False
7843,246.4061,828.78,0.0,False
7844,246.4079,927.94,0.0,False
7845,246.4093,886.08,0.0,False
7846,246.4119,847.75,0.0,False
7847,246.4127,854.93,0.0,False
7848,246.4161,921.35,90.0,False
7849,246.418,957.98,90.0,False
7850,246.4208,904.04,0.0,False
7851,246.4213,977.62,0.0,False
7852,246.425,909.9,0.0,False
7853,246.4285,958.93,0.0,False
7854,246.4351,970.41,0.0,True
7855,246.4391,1050.6,0.0,False
7856,246.4405,1079.2,0.0,False
7857,246.4409,8.02,0.0,True
7858,246.453,760.23,0.0,False
7859,246.4548,796.62,0.0,False
7860,246.4633,930.29,38.0,False
7861,246.4683,940.91,0.0,False
7862,246.4717,863.36,0.0,False
7863,246.4719,873.57,0.0,False
7864,246.4842,911.37,90.0,False
7865,246.4985,960.47,0.0,False
7866,246.5004,1041.17,0.0,True
7867,246.502,961.02,0.0,True
7868,246.5038,810.99,0.0,True
7869,246.5065,1045.2,0.0,True
7870,246.5084,1021.55,90.0,False
7871,246.5094,946.82,0.0,False
7872,246.5146,1000.1,85.0,False
7873,246.516,877.52,0.0,True
7874,246.5164,981.5,90.0,True
7875,246.5204,963.91,0.0,False
7876,246.5217,1076.25,0.0,False
7877,246.5258,926.21,0.0,False
7878,246.5292,1011.28,0.0,False
7879,246.5308,913.39,0.0,False
7880,246.5333,957.74,0.0,False
7881,246.5346,1001.14,0.0,False
7882,246.5404,709.8,90.0,False
7883,246.5436,955.69,0.0,False
7884,246.554,957.96,90.0,False
7885,246.5548,944.51,0.0,False
7886,246.5553,1072.0,90.0,False
7887,246.556,913.2,0.0,True
7888,246.5607,911.4,0.0,True
7889,246.5639,879.5,0.0,False
7890,246.5655,955.78,0.0,False
7891,246.5669,900.82,0.0,False
7892,246.5715,947.86,90.0,False
7893,246.5797,1047.63,0.0,False
7894,246.5893,977.22,90.0,True
7895,246.5894,941.16,0.0,False
7896,246.6038,994.38,90.0,False
7897,246.6074,936.5,90.0,False
7898,246.6147,880.87,0.0,False
7899,246.6174,866.31,0.0,False
7900,246.619,776.03,90.0,True
7901,246.6205,1073.73,0.0,False
7902,246.6249,1057.36,0.0,False
7903,246.6273,809.57,0.0,False
7904,246.6338,932.95,0.0,True
7905,246.6342,919.91,0.0,False
7906,246.6355,939.6,0.0,False
7907,246.6373,907.78,0.0,False
7908,246.6374,880.49,0.0,False
7909,246.6471,1044.06,0.0,False
7910,246.6473,980.59,90.0,False
7911,246.6513,873.02,0.0,True
7912,246.6546,1033.76,0.0,False
7913,246.6561,951.33,0.0,False
7914,246.6628,892.12,0.0,False
7915,246.6646,1019.83,0.0,False
7916,246.6659,888.19,0.0,False
7917,246.6697,951.06,0.0,False
7918,246.673,1119.46,0.0,True
7919,246.6781,973.7,0.0,False
7920,246.6802,928.35,90.0,False
7921,246.6952,871.48,0.0,True
7922,246.6962,19.74,0.0,False
7923,246.6964,870.76,0.0,False
7924,246.6977,1008.2,90.0,True
7925,246.7041,978.09,0.0,False
7926,246.7095,842.36,90.0,False
7927,246.7138,881.45,0.0,True
7928,246.7179,933.32,0.0,False
7929,246.7234,950.21,0.0,True
7930,246.7266,907.85,0.0,False
7931,246.728,869.31,0.0,False
7932,246.7307,1044.41,90.0,False
7933,246.7329,872.21,90.0,False
7934,246.738,902.15,0.0,False
7935,246.7411,947.23,0.0,False
7936,246.7444,948.96,90.0,False
7937,246.7459,891.43,90.0,True
7938,246.7504,1051.8,0.0,False
7939,246.751,934.06,90.0,False
7940,246.7534,866.73,0.0,True
7941,246.754,880.53,0.0,False
7942,246.7548,1059.65,0.0,False
7943,246.7569,928.39,0.0,False
7944,246.7683,893.63,0.0,False
7945,246.7739,854.28,0.0,False
7946,246.7757,950.08,0.0,True
7947,246.7761,1007.47,0.0,False
7948,246.7784,1016.33,0.0,True
7949,246.7848,1047.44,90.0,False
7950,246.7861,831.47,0.0,False
7951,246.7919,896.83,0.0,False
7952,246.792,957.93,90.0,False
7953,246.7935,833.52,90.0,False
7954,246.7945,939.55,0.0,False
7955,246.7956,973.72,0.0,True
7956,246.8008,1006.7,0.0,False
7957,246.8015,998.87,90.0,True
7958,246.8061,909.68,0.0,False
7959,246.8168,956.87,0.0,False
7960,246.8211,824.86,0.0,False
7961,246.8221,912.83,12.6667,False
7962,246.8434,852.5,0.0,False
7963,246.8435,8.58,0.0,False
7964,246.8583,1050.86,0.0,True
7965,246.8587,980.99,0.0,False
7966,246.8645,778.66,0.0,False
7967,246.865,863.29,0.0,False
7968,246.8701,1003.23,0.0,False
7969,246.8715,860.15,0.0,False
7970,246.8799,919.67,0.0,True
7971,246.8856,982.83,0.0,False
7972,246.8865,1046.03,0.0,False
7973,246.8948,885.11,0.0,False
7974,246.8962,933.43,90.0,False
7975,246.8974,958.22,90.0,False
7976,246.8978,1025.16,0.0,False
7977,246.9029,817.44,0.0,True
7978,246.9065,967.96,0.0,False
7979,246.9109,924.2,0.0,False
7980,246.9109,961.4,0.0,False
7981,246.9135,841.7,0.0,True
7982,246.914,827.99,0.0,False
7983,246.9164,891.82,0.0,True
7984,246.9234,898.77,90.0,False
7985,246.9237,937.46,0.0,False
7986,246.9256,918.73,0.0,True
7987,246.9302,912.16,0.0,False
7988,246.9305,900.77,0.0,False
7989,246.9321,865.03,0.0,True
7990,246.9367,905.61,0.0,False
7991,246.9402,984.82,90.0,False
7992,246.9494,846.0,0.0,True
7993,246.9516,826.68,0.0,False
7994,246.9544,889.53,90.0,False
7995,246.9652,822.18,0.0,True
7996,246.9676,815.81,0.0,True
7997,246.9702,1073.45,0.0,False
7998,246.9747,972.23,0.0,False
7999,246.9763,941.27,0.0,False
8000,246.9844,862.46,0.0,True
8001,246.9971,1003.64,0.0,False
8002,246.9982,860.56,0.0,False
8003,247.0056,990.26,0.0,False
8004,247.0058,908.02,90.0,False
8005,247.0115,959.84,0.0,False
8006,247.013,894.58,0.0,False
8007,247.019,887.43,0.0,True
8008,247.02,878.92,0.0,False
8009,247.0258,902.51,0.0,False
8010,247.0259,954.05,0.0,False
8011,247.0323,894.9,0.0,False
8012,247.0359,870.02,19.0,False
8013,247.0381,880.32,90.0,False
8014,247.0413,841.85,0.0,False
8015,247.045,835.82,0.0,False
8016,247.0527,828.96,0.0,False
8017,247.0532,996.5,0.0,False
8018,247.0575,863.22,0.0,False
8019,247.061,972.75,90.0,False
8020,247.065,900.45,0.0,False
8021,247.0711,931.45,0.0,True
8022,247.0753,810.16,0.0,False
8023,247.0821,863.89,0.0,True
8024,247.0825,812.93,0.0,False
8025,247.0857,1004.98,0.0,False
8026,247.0896,937.22,0.0,False
8027,247.0941,856.27,90.0,False
8028,247.0999,953.71,25.3333,False
8029,247.1009,888.76,0.0,False
8030,247.1032,1014.37,90.0,False
8031,247.1089,890.08,0.0,False
8032,247.1101,928.5,0.0,False
8033,247.114,881.49,0.0,False
8034,247.1206,854.01,0.0,True
8035,247.1224,1006.42,90.0,False
8036,247.1253,917.62,0.0,False
8037,247.1281,734.63,0.0,False
8038,247.1289,946.64,0.0,False
8039,247.1297,961.5,0.0,False
8040,247.1301,862.43,0.0,True
8041,247.1403,956.91,0.0,False
8042,247.1407,1031.69,90.0,False
8043,247.1568,954.55,0.0,False
8044,247.1617,838.77,0.0,False
8045,247.1633,961.16,0.0,False
8046,247.1659,912.0,0.0,False
8047,247.1689,822.77,0.0,False
8048,247.1703,910.33,0.0,False
8049,247.171,858.28,0.0,False
8050,247.1792,901.57,90.0,True
8051,247.1802,1025.92,90.0,False
8052,247.1813,996.73,90.0,False
8053,247.1851,9.29,0.0,False
8054,247.1878,968.08,0.0,False
8055,247.1937,959.17,0.0,False
8056,247.2014,880.56,0.0,False
8057,247.2022,972.97,90.0,False
8058,247.2075,923.48,0.0,False
8059,247.2109,937.78,0.0,False
8060,247.2122,925.48,0.0,False
8061,247.2168,1004.01,0.0,True
8062,247.2176,785.9,0.0,False
8063,247.2197,1082.12,0.0,True
8064,247.2209,905.02,90.0,False
8065,247.2234,956.23,0.0,False
8066,247.2345,864.02,0.0,False
8067,247.2427,862.03,0.0,False
8068,247.2449,971.33,90.0,False
8069,247.2561,880.9,90.0,False
8070,247.2656,940.71,0.0,False
8071,247.2668,942.16,12.6667,False
8072,247.2731,924.51,0.0,False
8073,247.2743,894.43,90.0,False
8074,247.2797,897.72,0.0,False
8075,247.2823,813.1,90.0,True
8076,247.2862,930.11,0.0,False
8077,247.2871,966.49,0.0,False
8078,247.2881,1002.2,0.0,False
8079,247.2931,881.06,90.0,False
8080,247.3026,885.47,0.0,False
8081,247.3028,917.43,0.0,False
8082,247.3065,954.92,90.0,False
8083,247.3072,730.09,0.0,True
8084,247.3099,842.34,0.0,False
8085,247.3138,956.8,0.0,False
8086,247.315,930.31,0.0,False
8087,247.3155,898.32,0.0,False
8088,247.3195,841.11,0.0,True
8089,247.3202,978.69,0.0,False
8090,247.3288,860.27,0.0,False
8091,247.3393,948.3,0.0,False
8092,247.3492,966.64,90.0,False
8093,247.3498,948.43,12.6667,False
8094,247.351,886.16,0.0,False
8095,247.3573,884.18,0.0,False
8096,247.36,799.2,0.0,True
8097,247.3617,818.96,90.0,False
8098,247.3647,1010.76,90.0,False
8099,247.3657,1030.31,0.0,False
8100,247.3675,943.82,0.0,True
8101,247.3721,815.86,0.0,False
8102,247.3748,1003.34,0.0,False
8103,247.3851,861.15,0.0,False
8104,247.3952,836.91,0.0,False
8105,247.3963,921.27,90.0,True
8106,247.3966,1039.76,0.0,False
8107,247.3969,879.16,0.0,False
8108,247.3971,923.18,0.0,False
8109,247.3991,830.32,0.0,False
8110,247.4005,935.38,0.0,True
8111,247.4188,867.76,0.0,False
8112,247.4275,895.96,0.0,False
8113,247.4299,931.36,90.0,False
8114,247.4324,754.51,0.0,False
8115,247.438,926.69,0.0,False
8116,247.4405,892.49,0.0,False
8117,247.4489,893.55,0.0,True
8118,247.4568,987.42,0.0,False
8119,247.4665,903.25,0.0,True
8120,247.4699,809.89,0.0,False
8121,247.4723,797.13,90.0,False
8122,247.4792,993.75,0.0,False
8123,247.4853,835.33,0.0,False
8124,247.4914,940.03,0.0,False
8125,247.4977,960.81,90.0,True
8126,247.5016,906.2,0.0,False
8127,247.5017,1001.22,0.0,False
8128,247.5034,962.36,0.0,False
8129,247.5081,838.27,90.0,False
8130,247.5145,996.77,0.0,False
8131,247.5196,936.87,0.0,False
8132,247.5365,946.45,0.0,False
8133,247.5394,923.23,0.0,False
8134,247.5471,856.73,0.0,False
8135,247.5538,860.89,0.0,False
8136,247.5545,882.96,90.0,True
8137,247.5573,846.27,0.0,True
8138,247.5584,1015.37,90.0,False
8139,247.5759,919.07,0.0,False
8140,247.5934,994.26,0.0,False
8141,247.614,1049.81,0.0,False
8142,247.6158,927.53,0.0,False
8143,247.618,858.61,90.0,False
8144,247.6296,870.68,0.0,False
8145,247.6333,998.17,12.6667,False
8146,247.6371,923.37,0.0,True
8147,247.6471,822.04,0.0,False
8148,247.6512,863.28,0.0,False
8149,247.652,874.49,0.0,False
8150,247.6609,920.53,90.0,False
8151,247.6633,843.81,90.0,False
8152,247.6809,933.92,0.0,False
8153,247.6823,959.63,90.0,False
8154,247.7031,851.54,90.0,False
8155,247.706,837.0,0.0,True
8156,247.7145,915.37,90.0,False
8157,247.7164,778.0,0.0,False
8158,247.722,1025.99,0.0,False
8159,247.7298,1089.09,0.0,False
8160,247.7361,974.44,90.0,False
8161,247.7365,955.24,90.0,False
8162,247.7392,801.15,0.0,False
8163,247.7445,809.07,0.0,False
8164,247.7526,9.19,0.0,False
8165,247.7588,945.29,90.0,False
8166,247.7618,812.66,90.0,False
8167,247.7724,906.26,0.0,False
8168,247.7732,990.65,0.0,False
8169,247.785,1127.63,0.0,False
8170,247.7862,861.76,0.0,False
8171,247.8003,919.13,90.0,False
8172,247.8017,959.19,0.0,False
8173,247.8069,953.51,0.0,False
8174,247.807,902.04,0.0,False
8175,247.828,1068.64,0.0,False
8176,247.8303,909.47,0.0,False
8177,247.8311,1026.93,90.0,False
8178,247.8332,1055.84,0.0,False
8179,247.8367,715.28,90.0,False
8180,247.8388,869.22,90.0,False
8181,247.8446,796.69,90.0,False
8182,247.8466,758.22,0.0,False
8183,247.85,982.88,0.0,True
8184,247.8622,795.17,90.0,False
8185,247.8657,911.17,90.0,False
8186,247.8685,860.56,90.0,False
8187,247.8744,915.12,90.0,False
8188,247.8954,930.96,0.0,False
8189,247.8982,965.83,90.0,False
8190,247.902,1040.03,0.0,False
8191,247.9056,856.49,0.0,False
8192,247.9116,783.05,0.0,False
8193,247.9208,805.58,0.0,False
8194,247.9362,922.84,90.0,True
8195,247.9386,745.01,0.0,False
8196,247.9403,917.46,0.0,False
8197,247.9415,944.69,0.0,True
8198,247.9452,1015.35,90.0,True
8199,247.9503,877.8,90.0,False
8200,247.9516,890.6,90.0,True
8201,247.9527,985.98,90.0,False
8202,247.9588,910.54,90.0,False
8203,247.9606,896.48,0.0,True
8204,247.9607,939.09,90.0,True
8205,247.9611,974.47,85.0,False
8206,247.968,928.75,0.0,False
8207,247.9752,942.45,0.0,False
8208,247.9756,917.08,0.0,False
8209,247.9761,891.6,0.0,False
8210,247.9812,852.77,0.0,False
8211,247.9819,1007.59,0.0,False
8212,247.998,944.25,0.0,False
8213,248.0031,905.56,0.0,False
8214,248.033,823.4,0.0,True
8215,248.0415,882.1,0.0,False
8216,248.0477,989.6,0.0,True
8217,248.0481,845.69,0.0,False
8218,248.0501,923.02,0.0,False
8219,248.0503,936.23,0.0,False
8220,248.0505,872.24,0.0,False
8221,248.058,970.53,0.0,True
8222,248.0585,1163.11,0.0,False
8223,248.0662,817.31,0.0,True
8224,248.0673,904.65,0.0,False
8225,248.0722,844.57,0.0,False
8226,248.0772,837.21,0.0,False
8227,248.0919,938.84,0.0,False
8228,248.0973,955.14,0.0,False
8229,248.1074,967.58,0.0,False
8230,248.1096,937.7,0.0,False
8231,248.1173,952.26,90.0,False
8232,248.119,1026.21,0.0,False
8233,248.1382,925.44,0.0,False
8234,248.1445,839.48,0.0,False
8235,248.1468,948.21,0.0,False
8236,248.1548,1048.37,0.0,False
8237,248.1556,893.37,90.0,True
8238,248.1556,888.05,0.0,False
8239,248.1623,1009.72,0.0,False
8240,248.1667,806.74,90.0,False
8241,248.1889,818.31,90.0,True
8242,248.1895,903.9,0.0,True
8243,248.1919,970.77,0.0,False
8244,248.1936,859.51,0.0,False
8245,248.2022,851.72,0.0,False
8246,248.2062,963.85,0.0,False
8247,248.2158,1132.62,0.0,False
8248,248.224,936.69,0.0,False
8249,248.2259,890.94,0.0,False
8250,248.2353,910.88,0.0,True
8251,248.2443,885.89,0.0,False
8252,248.2523,869.72,90.0,False
8253,248.2566,975.61,0.0,False
8254,248.2616,909.87,0.0,False
8255,248.2762,984.15,0.0,False
8256,248.2886,1013.04,0.0,False
8257,248.2893,906.33,0.0,True
8258,248.2911,981.47,0.0,False
8259,248.2947,884.11,90.0,True
8260,248.2956,1014.34,12.6667,True
8261,248.3026,825.21,0.0,False
8262,248.3041,882.06,0.0,True
8263,248.3241,955.51,90.0,False
8264,248.3313,819.43,0.0,False
8265,248.3364,881.9,0.0,False
8266,248.3556,840.71,0.0,False
8267,248.3671,945.08,0.0,False
8268,248.3708,828.5,0.0,False
8269,248.3743,932.68,0.0,True
8270,248.3754,965.0,90.0,False
8271,248.3937,1187.15,90.0,False
8272,248.3947,873.34,0.0,False
8273,248.3956,993.67,0.0,False
8274,248.3995,905.27,0.0,False
8275,248.4017,985.2,90.0,False
8276,248.4101,867.46,0.0,False
8277,248.422,956.41,0.0,False
8278,248.4245,922.35,0.0,False
8279,248.4377,879.22,0.0,False
8280,248.4406,798.54,0.0,False
8281,248.4468,865.61,0.0,False
8282,248.4475,867.58,90.0,False
8283,248.4544,924.29,0.0,True
8284,248.4578,712.43,0.0,False
8285,248.4618,1003.93,0.0,False
8286,248.4656,889.62,0.0,False
8287,248.4671,944.99,0.0,False
8288,248.4746,932.04,90.0,False
8289,248.4866,799.72,0.0,False
8290,248.4874,888.35,0.0,False
8291,248.5038,869.81,0.0,False
8292,248.5075,905.76,19.0,False
8293,248.5182,983.39,0.0,True
8294,248.5225,914.54,0.0,False
8295,248.5255,964.72,0.0,True
8296,248.527,903.17,90.0,False
8297,248.529,910.47,0.0,False
8298,248.5364,807.24,0.0,False
8299,248.5447,1049.86,0.0,False
8300,248.5489,1040.84,0.0,False
8301,248.5512,1053.68,0.0,False
8302,248.5542,915.57,0.0,False
8303,248.5667,769.37,0.0,False
8304,248.567,938.36,90.0,False
8305,248.5673,1065.14,0.0,True
8306,248.5759,984.03,90.0,False
8307,248.5828,965.76,90.0,False
8308,248.5838,768.44,0.0,False
8309,248.5998,835.51,90.0,False
8310,248.6019,879.27,0.0,True
8311,248.6137,1050.3,90.0,False
8312,248.6279,1082.11,0.0,False
8313,248.6327,977.12,0.0,False
8314,248.6361,990.24,0.0,True
8315,248.6377,849.46,0.0,False
8316,248.6408,1003.39,0.0,False
8317,248.6501,995.8,0.0,False
8318,248.6551,955.4,0.0,False
8319,248.6643,963.86,0.0,True
8320,248.6646,880.58,0.0,False
8321,248.6759,1007.72,0.0,True
8322,248.6855,992.38,0.0,False
8323,248.6862,972.83,90.0,False
8324,248.6896,819.9,90.0,False
8325,248.6915,819.29,0.0,False
8326,248.6935,941.4,0.0,False
8327,248.7154,1009.66,0.0,True
8328,248.7343,1022.47,90.0,False
8329,248.7352,1029.14,0.0,False
8330,248.7609,1019.27,0.0,False
8331,248.7615,978.17,0.0,False
8332,248.7619,895.22,0.0,False
8333,248.7634,922.61,0.0,False
8334,248.7992,1019.71,0.0,False
8335,248.8025,994.87,0.0,True
8336,248.8114,887.86,0.0,False
8337,248.8255,1055.78,0.0,True
8338,248.8264,887.82,90.0,False
8339,248.8361,991.63,90.0,True
8340,248.8373,906.27,0.0,False
8341,248.8384,846.55,0.0,False
8342,248.8763,966.59,0.0,False
8343,248.8804,897.71,0.0,False
8344,248.8815,945.96,0.0,True
8345,248.8824,870.63,90.0,False
8346,248.8847,799.86,0.0,False
8347,248.8863,906.85,0.0,False
8348,248.8866,926.29,90.0,True
8349,248.888,923.72,0.0,False
8350,248.8916,769.62,0.0,True
8351,248.8974,812.4,0.0,False
8352,248.9024,961.59,0.0,False
8353,248.9053,810.39,0.0,False
8354,248.91,733.17,0.0,False
8355,248.9102,926.8,0.0,False
8356,248.9209,937.06,0.0,False
8357,248.9219,961.41,0.0,False
8358,248.9327,923.14,0.0,True
8359,248.9408,1122.65,0.0,False
8360,248.9466,875.56,0.0,False
8361,248.9576,947.22,0.0,False
8362,248.9612,1045.03,0.0,True
8363,248.9738,834.76,0.0,True
8364,248.9788,951.77,90.0,False
8365,248.9858,848.05,0.0,False
8366,248.9937,877.72,0.0,False
8367,249.0041,783.09,0.0,False
8368,249.0064,1045.48,0.0,False
8369,249.0315,1040.19,0.0,False
8370,249.0316,956.51,0.0,False
8371,249.0325,974.03,0.0,False
8372,249.0326,885.43,0.0,True
8373,249.0366,885.74,0.0,False
8374,249.0393,931.99,0.0,False
8375,249.0413,982.57,0.0,False
8376,249.0591,773.23,90.0,False
8377,249.0686,951.35,0.0,False
8378,249.0934,941.59,0.0,False
8379,249.1125,900.24,0.0,False
8380,249.1146,863.0,0.0,False
8381,249.1242,900.8,0.0,False
8382,249.1527,874.1,0.0,False
8383,249.1637,1060.41,0.0,False
8384,249.1717,889.26,0.0,False
8385,249.1736,920.91,90.0,False
8386,249.1988,960.19,0.0,False
8387,249.2212,894.13,0.0,True
8388,249.2359,875.13,0.0,False
8389,249.244,1009.98,0.0,False
8390,249.2625,1020.77,0.0,True
8391,249.2767,895.51,0.0,False
8392,249.2836,902.23,90.0,False
8393,249.2844,889.64,0.0,True
8394,249.2851,830.5,90.0,True
8395,249.2965,935.77,90.0,True
8396,249.3179,1075.33,0.0,False
8397,249.3202,885.56,0.0,False
8398,249.3209,900.75,0.0,False
8399,249.3559,1047.01,0.0,False
8400,249.3559,840.54,90.0,False
8401,249.359,1035.51,0.0,False
8402,249.4185,774.92,0.0,False
8403,249.4293,1020.73,0.0,False
8404,249.4563,834.16,0.0,False
8405,249.4588,830.48,0.0,False
8406,249.4612,944.61,90.0,False
8407,249.4626,912.99,0.0,True
8408,249.4651,825.26,0.0,False
8409,249.4787,789.68,0.0,False
8410,249.4829,904.97,90.0,False
8411,249.4851,869.69,0.0,False
8412,249.4917,1038.21,0.0,False
8413,249.5101,914.53,90.0,True
8414,249.5156,791.22,0.0,True
8415,249.5171,905.75,0.0,False
8416,249.527,889.43,90.0,True
8417,249.5384,837.53,0.0,False
8418,249.5454,944.2,0.0,False
8419,249.5509,979.24,0.0,False
8420,249.5694,873.74,0.0,False
8421,249.5728,894.33,0.0,True
8422,249.5743,979.07,0.0,False
8423,249.5783,858.79,90.0,False
8424,249.6012,884.74,0.0,True
8425,249.604,1034.39,0.0,False
8426,249.6097,871.91,0.0,False
8427,249.6109,973.34,90.0,False
8428,249.6376,796.58,90.0,False
8429,249.6647,857.08,90.0,True
8430,249.6756,964.93,90.0,False
8431,249.676,870.83,0.0,False
8432,249.686,829.56,0.0,False
8433,249.6907,919.26,0.0,False
8434,249.703,1007.48,0.0,False
8435,249.7055,944.95,0.0,False
8436,249.7058,872.53,0.0,True
8437,249.7134,956.72,0.0,False
8438,249.7393,933.59,0.0,False
8439,249.761,867.61,0.0,True
8440,249.7776,888.88,0.0,False
8441,249.7807,1125.6,0.0,False
8442,249.7935,991.47,90.0,False
8443,249.8011,876.16,0.0,False
8444,249.8108,973.42,90.0,False
8445,249.8189,997.24,90.0,False
8446,249.8216,813.66,90.0,False
8447,249.8276,906.18,0.0,False
8448,249.8527,969.0,0.0,False
8449,249.8544,852.67,90.0,False
8450,249.8608,905.22,0.0,False
8451,249.8849,978.87,0.0,False
8452,249.892,989.72,0.0,True
8453,249.9101,932.3,0.0,False
8454,249.9164,999.38,0.0,True
8455,249.9385,831.94,0.0,False
8456,249.9456,1020.58,90.0,True
8457,249.9506,898.09,0.0,False
8458,249.9539,817.37,0.0,False
8459,249.9548,844.88,0.0,True
8460,249.9678,860.09,0.0,False
8461,249.9808,899.11,0.0,False
8462,249.9843,1028.08,0.0,False
8463,249.9975,921.04,0.0,False
8464,250.0022,893.84,90.0,False
8465,250.0068,914.56,0.0,False
8466,250.0409,843.32,90.0,True
8467,250.0468,889.87,0.0,True
8468,250.0534,885.13,85.0,False
8469,250.0796,872.16,90.0,False
8470,250.0903,959.05,0.0,False
8471,250.0969,1009.14,0.0,False
8472,250.0999,794.17,0.0,False
8473,250.1432,933.08,90.0,True
8474,250.156,848.92,0.0,False
8475,250.183,947.79,90.0,True
8476,250.1981,924.66,0.0,False
8477,250.1982,900.35,0.0,False
8478,250.2027,919.8,12.6667,False
8479,250.2078,921.2,0.0,False
8480,250.2085,784.4,0.0,False
8481,250.2135,1023.1,0.0,True
8482,250.2367,914.86,0.0,True
8483,250.2482,932.18,0.0,False
8484,250.2638,956.17,90.0,False
8485,250.2814,929.78,0.0,False
8486,250.284,913.63,90.0,True
8487,250.2904,1003.54,0.0,False
8488,250.2924,897.09,90.0,False
8489,250.35,880.36,0.0,False
8490,250.3507,954.49,0.0,False
8491,250.3768,1007.66,0.0,False
8492,250.3851,952.66,0.0,True
8493,250.3878,890.9,0.0,False
8494,250.391,1178.9,0.0,True
8495,250.401,846.83,0.0,False
8496,250.4203,906.42,0.0,False
8497,250.4547,779.02,0.0,True
8498,250.47,854.04,0.0,False
8499,250.477,864.93,0.0,False
8500,250.503,888.72,0.0,False
8501,250.5064,967.98,90.0,True
8502,250.5301,818.74,0.0,False
8503,250.5536,865.12,0.0,True
8504,250.5554,979.08,0.0,False
8505,250.5708,875.64,90.0,True
8506,250.5815,1056.06,90.0,True
8507,250.5906,858.24,0.0,True
8508,250.6237,812.15,0.0,False
8509,250.6237,890.97,0.0,False
8510,250.6517,914.83,90.0,False
8511,250.6895,807.21,0.0,False
8512,250.694,838.06,0.0,True
8513,250.7035,930.41,0.0,False
8514,250.7631,944.9,0.0,False
8515,250.7651,848.75,90.0,False
8516,250.7672,946.57,0.0,False
8517,250.7728,795.31,0.0,False
8518,250.7816,959.9,0.0,False
8519,250.7829,927.0,0.0,False
8520,250.7935,894.64,0.0,True
8521,250.8088,914.68,90.0,False
8522,250.8186,810.94,90.0,False
8523,250.8606,953.49,0.0,False
8524,250.8983,899.15,0.0,False
8525,250.9245,866.69,0.0,False
8526,250.9247,934.11,0.0,False
8527,250.9476,867.25,0.0,False
8528,250.9999,877.04,0.0,False
8529,251.0071,917.67,0.0,True
8530,251.0315,1036.73,0.0,False
8531,251.0421,915.03,0.0,False
8532,251.0895,888.77,90.0,False
8533,251.0936,800.6,0.0,False
8534,251.1334,905.44,0.0,False
8535,251.2105,1031.86,0.0,False
8536,251.2577,1075.23,0.0,False
8537,251.2707,1095.16,0.0,False
8538,251.2838,919.38,0.0,False
8539,251.3268,860.14,0.0,False
8540,251.3766,976.95,0.0,False
8541,251.3863,969.95,0.0,False
8542,251.4186,940.8,0.0,True
8543,251.4314,866.94,0.0,False
8544,251.4378,934.16,0.0,False
8545,251.4412,1027.53,0.0,True
8546,251.4729,827.45,0.0,False
8547,251.4751,846.84,0.0,False
8548,251.5739,884.03,90.0,False
8549,251.575,945.73,0.0,False
8550,251.5779,848.61,90.0,False
8551,251.5904,843.13,0.0,False
8552,251.5935,916.94,0.0,False
8553,251.6293,796.18,0.0,True
8554,251.633,835.1,90.0,True
8555,251.6376,826.88,0.0,False
8556,251.6736,937.84,12.6667,False
8557,251.6738,840.39,90.0,False
8558,251.6772,884.4,0.0,False
8559,251.7088,1056.65,0.0,False
8560,251.8406,938.75,0.0,False
8561,251.8496,876.15,0.0,True
8562,251.8872,1004.14,0.0,True
8563,251.9057,947.75,0.0,False
8564,251.9111,922.45,0.0,True
8565,251.9188,5241.09,0.0,False
8566,251.9295,922.83,95.0,False
8567,252.0522,857.0,0.0,True
8568,252.1165,899.97,90.0,False
8569,252.182,963.28,0.0,False
8570,252.1824,555.72,0.0,False
8571,252.3014,917.89,90.0,False
8572,252.326,875.78,0.0,False
8573,252.3893,856.13,0.0,True
8574,252.5274,855.36,0.0,False
8575,252.6499,980.82,0.0,False
8576,252.6784,844.4,0.0,False
8577,252.7221,940.84,0.0,False
8578,252.7625,804.96,90.0,True
8579,252.8107,887.06,0.0,False
8580,252.9275,884.49,90.0,False
8581,253.0327,1034.13,0.0,False
8582,253.1296,909.39,90.0,False
8583,253.1354,948.57,0.0,False
8584,253.1962,1008.46,0.0,False
8585,253.2268,846.05,85.0,True
8586,253.2643,930.06,90.0,False
8587,253.3236,728.16,90.0,False
8588,253.3595,986.29,0.0,False
8589,253.3965,850.21,0.0,False
8590,253.7539,767.79,0.0,False
8591,254.3409,910.21,0.0,True
8592,254.4511,4.75,90.0,False
8593,254.453,862.82,0.0,False
8594,254.6813,17.86,0.0,False
8595,254.8393,889.32,0.0,False
8596,254.9256,915.77,0.0,False
8597,255.0971,1079.32,0.0,True
8598,255.8739,19.55,0.0,False
8599,256.288,18.44,0.0,False
8600,256.3585,3.78,0.0,False
8601,256.5568,17.34,0.0,False
8602,256.6085,27.43,0.0,False
8603,256.656,18.62,0.0,True
8604,256.8122,620.83,0.0,True
8605,256.8693,20.18,90.0,False
8606,256.9737,31054.94,0.0,True
8607,257.2138,3.92,0.0,True
8608,257.252,639.33,90.0,False
8609,257.4023,53.92,90.0,False
8610,257.5211,156917.48,0.0,True
8611,257.5371,1539.48,90.0,True
8612,257.8522,493666.06,0.0,True
8613,257.8613,17.25,0.0,False
8614,258.0102,257820.61,0.0,False
8615,258.0602,6.34,0.0,False
8616,258.1791,494.91,90.0,False
8617,258.2081,14632.19,90.0,False
8618,258.2697,18.13,90.0,False
8619,258.3086,17.58,0.0,False
8620,258.4303,18.73,90.0,False
8621,258.4518,17.61,0.0,False
8622,258.5657,7.79,0.0,False
8623,258.5738,19.57,0.0,False
8624,258.5756,5.98,0.0,False
8625,258.7364,6180.49,0.0,False
8626,258.7438,17.13,90.0,False
8627,258.782,8.72,0.0,False
8628,258.8042,497.63,0.0,False
8629,258.8091,61884.48,0.0,False
8630,258.8335,18.04,0.0,False
8631,259.0109,3574.48,0.0,False
8632,259.012,3.0,0.0,False
8633,259.0331,4391.29,0.0,False
8634,259.0725,2.9,0.0,False
8635,259.094,4829.35,0.0,False
8636,259.1389,4660.79,0.0,False
8637,259.1767,783.15,0.0,False
8638,259.2644,7.31,0.0,True
8639,259.3274,241.6,0.0,True
8640,259.3597,19.51,90.0,False
8641,259.4171,3087.08,90.0,False
8642,259.4528,13.68,0.0,False
8643,259.504,17.62,0.0,False
8644,259.5142,5.79,0.0,True
8645,259.5698,10.13,0.0,True
8646,259.5737,17.17,90.0,True
8647,259.5872,4158.61,0.0,False
8648,259.651,19.21,0.0,False
8649,259.6612,4.76,0.0,False
8650,259.6972,780026.91,0.0,True
8651,259.7445,131.6,0.0,False
8652,259.7804,16.82,90.0,False
8653,259.7977,290.65,0.0,False
8654,259.8106,17.84,0.0,False
8655,259.861,532.75,0.0,False
8656,259.8807,16.89,0.0,False
8657,259.9209,19.06,90.0,False
8658,259.9497,343.93,90.0,False
8659,259.9609,23112.8,90.0,False
8660,259.9824,137.69,0.0,True
8661,259.9863,4.99,0.0,False
8662,260.0012,4.27,0.0,False
8663,260.0375,60780.01,90.0,False
8664,260.0477,187036.42,0.0,True
8665,260.0974,16.41,0.0,False
8666,260.1721,13542.02,0.0,False
8667,260.2206,62614.66,0.0,False
8668,260.2657,85526.64,90.0,False
8669,260.3227,6.46,90.0,True
8670,260.3354,3.56,0.0,False
8671,260.3485,18.38,0.0,False
8672,260.3524,26.99,19.0,False
8673,260.367,12785.88,90.0,False
8674,260.3838,4.26,0.0,False
8675,260.409,1162.34,0.0,False
8676,260.4145,11012.3,0.0,False
8677,260.4382,18.57,0.0,False
8678,260.4771,5640.95,0.0,True
8679,260.4822,2171.57,0.0,True
8680,260.4952,17.37,0.0,False
8681,260.5031,17.52,90.0,True
8682,260.5241,9382.28,0.0,True
8683,260.5272,728803.4,0.0,False
8684,260.542,9928.21,0.0,False
8685,260.569,467.46,0.0,False
8686,260.5745,17.05,0.0,False
8687,260.6136,52.37,0.0,False
8688,260.6204,583632.72,90.0,True
8689,260.6268,53708.8,0.0,False
8690,260.6341,18116.85,85.0,False
8691,260.6366,31298.7,90.0,True
8692,260.6425,17.83,0.0,False
8693,260.6557,12874.97,0.0,False
8694,260.6633,27609.98,0.0,False
8695,260.6714,17.41,90.0,False
8696,260.7172,18.74,0.0,False
8697,260.759,1561.94,0.0,False
8698,260.7779,17.44,0.0,False
8699,260.8172,10.76,0.0,False
8700,260.8366,18.89,0.0,False
8701,260.8404,19.18,0.0,False
8702,260.8493,772.54,0.0,False
8703,260.8512,18.75,0.0,False
8704,260.8647,24861.76,0.0,True
8705,260.8705,44.17,90.0,False
8706,260.9031,27673.12,0.0,False
8707,260.9417,465016.99,0.0,False
8708,260.9785,2.82,90.0,True
8709,261.0063,19898590.72,0.0,False
8710,261.0274,126851.37,0.0,False
8711,261.0442,19.11,0.0,False
8712,261.0639,18.02,0.0,False
8713,261.0753,147263.48,0.0,False
8714,261.0946,3966.0,0.0,True
8715,261.1184,8.32,0.0,False
8716,261.1263,18.78,90.0,True
8717,261.1334,248659.58,0.0,False
8718,261.1344,18.19,0.0,False
8719,261.1533,1041248.39,0.0,True
8720,261.2567,2958.08,0.0,False
8721,261.2704,1.71,90.0,False
8722,261.2968,19.73,0.0,False
8723,261.3018,10.32,0.0,False
8724,261.3112,11088.47,0.0,False
8725,261.3626,16.81,90.0,False
8726,261.3827,1026.6,0.0,False
8727,261.3909,31936.82,90.0,False
8728,261.4012,5.48,0.0,False
8729,261.4621,19.6,0.0,False
8730,261.5222,19.23,0.0,True
8731,261.5357,539.76,0.0,False
8732,261.5501,7059.96,0.0,False
8733,261.5528,17.41,0.0,False
8734,261.5672,4385.55,0.0,True
8735,261.593,4.46,0.0,False
8736,261.598,284.97,0.0,False
8737,261.6561,17.63,90.0,False
8738,261.6739,3.51,0.0,False
8739,261.6789,4.07,90.0,False
8740,261.7001,44696.87,0.0,False
8741,261.7047,565.83,0.0,False
8742,261.7071,16953.09,0.0,False
8743,261.7231,28239074.26,90.0,False
8744,261.7301,18.44,0.0,True
8745,261.7567,16.16,0.0,False
8746,261.798,675584.2,90.0,False
8747,261.8392,372261.31,0.0,True
8748,261.8415,17.64,90.0,False
8749,261.8569,269997.18,0.0,False
8750,261.866,247954.37,0.0,False
8751,261.8772,957.14,0.0,False
8752,261.8937,315.14,0.0,True
8753,261.8986,60936.3,0.0,False
8754,261.926,544.06,90.0,False
8755,261.9674,95890.99,0.0,False
8756,261.9677,23701.34,0.0,True
8757,261.9774,18.68,0.0,False
8758,261.9901,3.52,19.0,False
8759,262.0394,7.92,0.0,False
8760,262.0527,2378.69,0.0,False
8761,262.0733,68875.01,0.0,False
8762,262.0939,409.33,0.0,False
8763,262.099,5.02,0.0,False
8764,262.1208,16.77,0.0,False
8765,262.131,3140.94,90.0,False
8766,262.1547,37302.08,90.0,False
8767,262.1553,107812.55,0.0,True
8768,262.1827,8425.71,0.0,False
8769,262.1841,2591.54,90.0,False
8770,262.2191,4.41,0.0,False
8771,262.2265,44226.5,90.0,False
8772,262.2304,2.98,0.0,True
8773,262.2436,11330.52,90.0,False
8774,262.2501,9.76,90.0,False
8775,262.3129,17.9,90.0,False
8776,262.3129,46910.5,90.0,False
8777,262.3388,3.84,90.0,False
8778,262.3535,69964.66,0.0,True
8779,262.372,389735.49,0.0,False
8780,262.3927,20.58,0.0,False
8781,262.4102,108248.17,0.0,False
8782,262.412,72135.27,90.0,False
8783,262.4148,18.02,0.0,False
8784,262.4194,2.39,0.0,False
8785,262.4427,787.72,0.0,False
8786,262.4677,15.55,0.0,False
8787,262.4752,11460.46,0.0,False
8788,262.487,4.4,0.0,True
8789,262.5174,18.3,0.0,True
8790,262.5223,1816.76,0.0,False
8791,262.5325,4.3,85.0,False
8792,262.5403,968.26,0.0,False
8793,262.575,9873.96,0.0,False
8794,262.5763,746.59,0.0,True
8795,262.6355,7425.57,0.0,False
8796,262.6707,18.02,0.0,False
8797,262.6958,5.63,0.0,False
8798,262.7519,16.91,0.0,True
8799,262.8249,14579.01,0.0,False
8800,262.8392,18.22,90.0,False
8801,262.8452,2.65,0.0,False
8802,262.8685,2001811.68,90.0,True
8803,262.87,1589.18,0.0,False
8804,262.8823,1047746.91,0.0,False
8805,262.8853,107642.4,0.0,False
8806,262.8877,3.35,0.0,False
8807,262.9125,45447.56,0.0,True
8808,262.9156,3936.15,90.0,False
8809,262.9354,2218.86,0.0,False
8810,262.9394,18.43,0.0,True
8811,262.967,17.87,0.0,True
8812,262.9686,17450.66,0.0,False
8813,262.9748,18.35,0.0,True
8814,263.0133,17.79,0.0,False
8815,263.0477,205405.4,0.0,False
8816,263.0654,54483.52,0.0,False
8817,263.0668,4.65,38.0,False
8818,263.0834,93331.17,0.0,False
8819,263.0958,16.85,0.0,False
8820,263.0978,2871.92,0.0,False
8821,263.1261,2089.97,90.0,False
8822,263.15,17.11,0.0,False
8823,263.2233,27261407.07,90.0,True
8824,263.2403,37.67,0.0,False
8825,263.2706,216.27,0.0,False
8826,263.2831,169235.05,90.0,False
8827,263.3186,6.02,0.0,False
8828,263.3257,17.09,0.0,False
8829,263.33,771.13,0.0,False
8830,263.3616,17.53,0.0,False
8831,263.3808,59018.04,0.0,False
8832,263.3862,621963.2,0.0,False
8833,263.4043,2953.94,90.0,False
8834,263.4152,121.03,0.0,True
8835,263.4156,814.02,19.0,False
8836,263.4281,17.79,0.0,False
8837,263.4392,34763.89,0.0,False
8838,263.4877,6.66,0.0,False
8839,263.4889,6.48,0.0,False
8840,263.4891,7318.05,0.0,True
8841,263.4959,2207.92,0.0,False
8842,263.5065,4.21,90.0,False
8843,263.5174,2701.3,90.0,False
8844,263.5287,8949.22,0.0,False
8845,263.5518,147239.87,0.0,True
8846,263.5591,704.06,0.0,True
8847,263.5629,123.76,0.0,False
8848,263.5634,13.89,0.0,True
8849,263.5728,18.07,90.0,False
8850,263.5931,17.5,0.0,False
8851,263.6373,41372.58,0.0,True
8852,263.6396,8571.55,0.0,False
8853,263.6442,19417951.07,0.0,True
8854,263.6806,18.26,90.0,False
8855,263.6944,4234.99,90.0,False
8856,263.7161,17.18,90.0,False
8857,263.7177,1227.92,0.0,False
8858,263.7676,903.23,0.0,False
8859,263.7712,717.61,0.0,False
8860,263.7955,19701.82,0.0,False
8861,263.8295,18.62,0.0,False
8862,263.8583,16.36,0.0,True
8863,263.9174,1319.6,90.0,False
8864,263.9461,11862.7,0.0,False
8865,263.9833,17.2,90.0,False
8866,264.0077,5.5,90.0,False
8867,264.0174,7187.13,90.0,False
8868,264.048,5.94,90.0,True
8869,264.065,671430.07,0.0,False
8870,264.0666,599208.4,0.0,False
8871,264.0699,193198.36,0.0,False
8872,264.0721,3.14,0.0,True
8873,264.0934,18.12,0.0,True
8874,264.1481,13863.45,90.0,False
8875,264.1565,18.06,90.0,True
8876,264.1856,19671.2,0.0,True
8877,264.2251,143.03,0.0,False
8878,264.2345,5.12,0.0,False
8879,264.2501,1518.73,0.0,False
8880,264.253,0.1,0.0,False
8881,264.2573,17.16,0.0,False
8882,264.2654,5.13,0.0,False
8883,264.2975,19767.66,90.0,False
8884,264.3527,5994.6,0.0,False
8885,264.4016,10473.23,0.0,True
8886,264.4039,36156.82,0.0,False
8887,264.423,16.27,0.0,True
8888,264.4727,3.22,0.0,False
8889,264.4753,19.92,90.0,False
8890,264.4813,17.71,0.0,False
8891,264.4956,6.54,0.0,False
8892,264.5183,2005.1,0.0,False
8893,264.5261,18.61,0.0,False
8894,264.5461,6161.14,90.0,False
8895,264.6304,166.48,90.0,False
8896,264.6694,922.62,0.0,False
8897,264.6951,581.45,0.0,False
8898,264.6978,3.98,12.6667,True
8899,264.7003,6304.7,0.0,False
8900,264.705,4.13,90.0,False
8901,264.766,3.36,90.0,False
8902,264.8031,428.35,0.0,False
8903,264.8256,8.51,0.0,True
8904,264.8694,634.47,0.0,False
8905,264.8707,91.8,90.0,False
8906,264.8746,4.39,0.0,False
8907,264.8799,8253746.17,0.0,False
8908,264.8944,608.16,0.0,False
8909,264.8964,19.33,0.0,True
8910,264.8974,4.5,90.0,False
8911,264.9022,18.2,0.0,False
8912,264.9182,568256.8,0.0,False
8913,264.9227,17.66,0.0,False
8914,264.9279,3721.34,0.0,False
8915,264.9989,3595097.05,0.0,False
8916,264.9991,10222.63,0.0,True
8917,265.048,133662.84,0.0,False
8918,265.0613,17.75,90.0,True
8919,265.0622,1330.55,0.0,False
8920,265.0755,18.79,0.0,False
8921,265.0764,98.28,38.0,False
8922,265.084,18.15,0.0,False
8923,265.1558,7640.24,0.0,False
8924,265.185,1825.11,0.0,False
8925,265.1876,267.36,0.0,False
8926,265.2029,11817.56,0.0,False
8927,265.2145,44287.68,0.0,True
8928,265.2502,4.35,0.0,False
8929,265.2645,781118.77,90.0,True
8930,265.2951,19.14,0.0,False
8931,265.3091,2127.66,90.0,False
8932,265.3247,5894.16,0.0,True
8933,265.3358,17.77,90.0,False
8934,265.3551,13.22,90.0,False
8935,265.3945,5.17,90.0,False
8936,265.4257,7.17,0.0,False
8937,265.4612,17.99,0.0,True
8938,265.5068,10226.32,0.0,False
8939,265.5075,4.32,0.0,False
8940,265.5241,389.83,0.0,True
8941,265.5308,17.57,0.0,True
8942,265.6108,1027.6,0.0,False
8943,265.6263,4.11,0.0,False
8944,265.6297,616.28,90.0,False
8945,265.6377,12815.69,0.0,False
8946,265.6433,17.69,90.0,False
8947,265.6583,3.83,12.6667,False
8948,265.6964,18.45,90.0,True
8949,265.7524,84049.2,0.0,False
8950,265.754,3714.82,0.0,False
8951,265.758,23.95,0.0,True
8952,265.7854,1639.14,90.0,False
8953,265.9155,204170.35,90.0,False
8954,265.9674,26283.48,0.0,False
8955,265.9759,696522.52,0.0,False
8956,265.9974,18.96,0.0,True
8957,266.0365,18.69,0.0,False
8958,266.0634,19.07,0.0,False
8959,266.0636,311.58,0.0,True
8960,266.0642,111281.43,0.0,False
8961,266.1266,45356.58,0.0,False
8962,266.1288,17.39,0.0,False
8963,266.1763,846.29,0.0,False
8964,266.2016,98.77,90.0,False
8965,266.2564,18.92,0.0,False
8966,266.2617,3.5,0.0,False
8967,266.3009,612.31,0.0,False
8968,266.3331,253.41,0.0,False
8969,266.388,2281.02,0.0,False
8970,266.3939,134816.28,90.0,False
8971,266.4209,7.47,0.0,False
8972,266.4667,3838.43,0.0,False
8973,266.5809,1352108.87,0.0,False
8974,266.5837,18749.78,0.0,False
8975,266.5962,3.19,0.0,True
8976,266.5975,3.16,0.0,False
8977,266.6139,18.34,0.0,False
8978,266.6196,95126.86,90.0,False
8979,266.6522,18.88,0.0,False
8980,266.6654,322.01,90.0,True
8981,266.8686,18.23,0.0,False
8982,266.9433,4.11,0.0,False
8983,266.9542,4.74,90.0,False
8984,266.9843,164962.54,90.0,False
8985,267.0189,5.61,0.0,False
8986,267.0285,17.44,0.0,False
8987,267.0298,1047.32,0.0,False
8988,267.0788,3.93,38.0,True
8989,267.1256,5.93,0.0,True
8990,267.1353,17.4,0.0,False
8991,267.1686,4.87,95.0,False
8992,267.1811,16.66,90.0,False
8993,267.2051,1859.33,0.0,False
8994,267.2645,14993.59,0.0,True
8995,267.3464,22212.21,0.0,False
8996,267.3964,622.42,0.0,False
8997,267.4042,147356.13,90.0,False
8998,267.4307,16.33,0.0,False
8999,267.4569,0.12,0.0,False
9000,267.4859,3649.64,0.0,False
9001,267.4939,536119.98,0.0,False
9002,267.5419,18.27,0.0,True
9003,267.5698,557.46,0.0,True
9004,267.576,15515.98,0.0,False
9005,267.6063,59.66,0.0,False
9006,267.6512,563782.29,0.0,False
9007,267.672,5.55,0.0,False
9008,267.7187,50392.59,0.0,False
9009,267.7201,3367.91,12.6667,False
9010,267.8202,3508.46,0.0,False
9011,267.8718,5976.45,0.0,True
9012,268.0054,863986.0,0.0,False
9013,268.0116,10110.71,0.0,False
9014,268.1125,8.97,90.0,True
9015,268.1339,18.57,90.0,False
9016,268.1758,7.94,0.0,False
9017,268.2063,8.36,90.0,True
9018,268.2648,221011.42,0.0,False
9019,268.2727,17.59,0.0,False
9020,268.3306,17.55,90.0,False
9021,268.3419,8.87,0.0,False
9022,268.4413,8.77,0.0,False
9023,268.4455,15.87,0.0,False
9024,268.4714,9.41,0.0,False
9025,268.4988,9.06,0.0,True
9026,268.5805,8.74,0.0,False
9027,268.6327,8.35,0.0,False
9028,268.6411,8.23,0.0,False
9029,268.6544,11730.03,12.6667,True
9030,268.693,8.4,0.0,False
9031,268.7364,8.78,0.0,False
9032,268.7719,10.16,0.0,False
9033,268.8069,5.93,0.0,False
9034,268.831,9.32,0.0,True
9035,268.8514,17.68,0.0,False
9036,268.9227,8.91,0.0,True
9037,268.9292,9.09,0.0,False
9038,268.9877,9.99,0.0,False
9039,268.988,10.54,0.0,False
9040,269.0188,9.93,0.0,False
9041,269.0545,8.21,0.0,False
9042,269.0795,10.46,90.0,False
9043,269.0827,9.72,0.0,False
9044,269.0992,7.64,90.0,False
9045,269.1009,8.87,90.0,True
9046,269.1086,50400.72,0.0,False
9047,269.1182,10.89,0.0,False
9048,269.1346,8.02,90.0,False
9049,269.2126,11.35,0.0,False
9050,269.2215,8.91,90.0,False
9051,269.23,8.79,0.0,False
9052,269.2356,23772.31,0.0,False
9053,269.2526,9.36,0.0,False
9054,269.265,6.19,0.0,True
9055,269.293,8.6,0.0,False
9056,269.3113,8.47,0.0,True
9057,269.318,8.27,0.0,True
9058,269.3562,9.03,90.0,False
9059,269.393,8.78,0.0,False
9060,269.4072,10.85,0.0,False
9061,269.4341,9.3,0.0,False
9062,269.4674,8.21,0.0,False
9063,269.4899,8.57,0.0,False
9064,269.4909,8.79,0.0,True
9065,269.4916,9.6,0.0,False
9066,269.5021,9.24,0.0,False
9067,269.5056,8.51,90.0,False
9068,269.517,8.87,0.0,False
9069,269.5764,10.13,12.6667,False
9070,269.5812,9.59,0.0,False
9071,269.5839,8.55,90.0,True
9072,269.5872,10.1,0.0,False
9073,269.6257,8.77,0.0,True
9074,269.6489,8.73,90.0,False
9075,269.6553,7.89,0.0,False
9076,269.6558,8.8,0.0,False
9077,269.6784,9.45,0.0,False
9078,269.6813,10.03,0.0,True
9079,269.718,8.7,0.0,False
9080,269.7583,9.16,0.0,True
9081,269.7799,9.53,0.0,False
9082,269.7969,8.4,0.0,True
9083,269.8454,9.82,0.0,True
9084,269.847,10.54,90.0,False
9085,269.8593,9.79,0.0,False
9086,269.8596,9.41,0.0,False
9087,269.8717,9.03,0.0,True
9088,269.8767,9.78,85.0,False
9089,269.9235,9.54,0.0,False
9090,269.9459,9.52,0.0,False
9091,269.9466,9.89,90.0,False
9092,269.9468,10.26,0.0,True
9093,269.948,9.04,0.0,True
9094,269.9535,9.34,0.0,False
9095,269.9587,8.49,0.0,False
9096,269.99,8.06,0.0,False
9097,269.9912,8.17,0.0,True
9098,270.0077,10.23,0.0,False
9099,270.0124,9.59,0.0,True
9100,270.0419,9.68,12.6667,False
9101,270.0461,10.17,0.0,True
9102,270.0515,8.09,0.0,False
9103,270.0522,8.78,90.0,False
9104,270.0589,11.07,90.0,False
9105,270.0608,46456.46,0.0,False
9106,270.0614,8.16,0.0,True
9107,270.0682,10.45,0.0,True
9108,270.0948,9.83,0.0,False
9109,270.1332,9.36,0.0,False
9110,270.1464,8.38,90.0,False
9111,270.1557,8.18,90.0,False
9112,270.1639,8.61,0.0,True
9113,270.1671,9.21,90.0,False
9114,270.1994,8.85,90.0,False
9115,270.2024,9.23,0.0,False
9116,270.2229,9.38,0.0,True
9117,270.2304,8.86,0.0,False
9118,270.2332,9.1,0.0,True
9119,270.2509,8.49,0.0,False
9120,270.2542,9.86,0.0,True
9121,270.2598,7.79,90.0,False
9122,270.2701,10.21,0.0,False
9123,270.2743,9.9,0.0,False
9124,270.2771,9.64,0.0,True
9125,270.2883,10.65,0.0,False
9126,270.2907,9.22,0.0,False
9127,270.2947,9.22,0.0,False
9128,270.3108,8.98,90.0,False
9129,270.3158,8.31,0.0,False
9130,270.3242,18.05,12.6667,False
9131,270.3276,9.16,0.0,False
9132,270.3331,9.26,0.0,True
9133,270.3452,9.5,0.0,False
9134,270.3542,9.68,0.0,True
9135,270.3561,8.79,0.0,False
9136,270.3572,8.58,90.0,False
9137,270.3574,8.98,0.0,False
9138,270.3697,9.21,0.0,False
9139,270.3732,9.25,0.0,False
9140,270.3771,9.29,90.0,False
9141,270.3847,8.61,95.0,False
9142,270.3898,8.92,90.0,False
9143,270.3916,9.03,0.0,False
9144,270.3947,9.46,90.0,False
9145,270.3988,9.9,0.0,True
9146,270.4002,10.59,0.0,True
9147,270.4034,9.76,0.0,False
9148,270.4107,9.01,0.0,False
9149,270.4226,9.65,0.0,False
9150,270.4334,8.17,0.0,False
9151,270.4517,9.41,0.0,False
9152,270.4785,9.18,0.0,False
9153,270.4918,9.23,0.0,False
9154,270.5014,8.42,0.0,False
9155,270.5017,7.87,90.0,False
9156,270.5201,8.53,0.0,False
9157,270.5229,9.31,90.0,False
9158,270.5264,8.86,0.0,False
9159,270.5295,8.67,0.0,False
9160,270.5428,10.55,90.0,False
9161,270.5623,7.84,90.0,False
9162,270.58,8.61,0.0,False
9163,270.6086,9.34,0.0,False
9164,270.6112,9.67,90.0,False
9165,270.6221,9.18,85.0,False
9166,270.6301,9.02,0.0,False
9167,270.6318,8.79,0.0,False
9168,270.6539,9.64,0.0,False
9169,270.6657,9.2,0.0,False
9170,270.7035,9.5,0.0,False
9171,270.7035,9.54,90.0,False
9172,270.7049,8.39,0.0,True
9173,270.7067,8.1,0.0,False
9174,270.7226,9.77,0.0,True
9175,270.7261,9.48,0.0,False
9176,270.7265,8.29,0.0,False
9177,270.727,9.56,0.0,False
9178,270.7296,9.32,0.0,False
9179,270.7691,11.17,90.0,True
9180,270.773,9.16,90.0,False
9181,270.7747,9.39,90.0,False
9182,270.7868,9.25,0.0,True
9183,270.7903,9.99,0.0,False
9184,270.7948,8.66,0.0,True
9185,270.8009,9.8,0.0,False
9186,270.81,9.01,0.0,False
9187,270.8145,8.97,90.0,False
9188,270.8225,8.75,0.0,False
9189,270.8311,8.08,0.0,False
9190,270.8341,7.87,90.0,False
9191,270.8422,8.26,90.0,False
9192,270.8665,9.42,0.0,False
9193,270.8881,9.87,0.0,False
9194,270.8948,8.72,0.0,False
9195,270.9003,9.38,90.0,False
9196,270.901,9.29,90.0,True
9197,270.9101,65848.95,0.0,False
9198,270.9303,9.0,90.0,False
9199,270.9344,6519.21,0.0,True
9200,270.9435,9.89,0.0,False
9201,270.9446,9.18,0.0,False
9202,270.9728,9.33,90.0,False
9203,270.9751,9.88,0.0,True
9204,270.9853,8.31,0.0,False
9205,270.9893,8.75,0.0,False
9206,271.0034,7.97,0.0,False
9207,271.0099,8.45,0.0,False
9208,271.0118,9.08,0.0,False
9209,271.0377,10.06,90.0,True
9210,271.0454,9.23,0.0,False
9211,271.0467,9.49,0.0,False
9212,271.0499,9.74,0.0,True
9213,271.0521,8.55,90.0,False
9214,271.0724,8.09,0.0,False
9215,271.0818,9.78,90.0,False
9216,271.0847,7.72,0.0,False
9217,271.0852,9.27,90.0,True
9218,271.0946,8.94,0.0,False
9219,271.1086,9.59,0.0,True
9220,271.1088,8.98,0.0,False
9221,271.1246,8.65,0.0,False
9222,271.13,8.73,0.0,False
9223,271.1453,8.92,38.0,False
9224,271.1459,9.14,0.0,False
9225,271.1677,8.6,0.0,False
9226,271.1685,8.6,0.0,True
9227,271.1705,8.65,0.0,False
9228,271.1837,9.19,90.0,False
9229,271.1925,11.32,0.0,False
9230,271.1991,9.51,0.0,False
9231,271.2046,8.65,90.0,False
9232,271.2047,9.6,0.0,False
9233,271.2138,8.76,0.0,True
9234,271.2261,9.16,90.0,False
9235,271.2444,8.66,90.0,False
9236,271.2469,2873.51,90.0,True
9237,271.2601,9.75,0.0,True
9238,271.2602,10.0,0.0,False
9239,271.2604,8.81,0.0,False
9240,271.2763,9.12,0.0,False
9241,271.2819,465.63,0.0,False
9242,271.284,8.6,0.0,True
9243,271.3002,10.63,0.0,False
9244,271.3114,9.04,90.0,False
9245,271.3244,9.07,0.0,True
9246,271.3401,10.03,90.0,False
9247,271.3447,8.35,90.0,False
9248,271.3499,8.46,90.0,True
9249,271.351,9.1,0.0,False
9250,271.3571,9.85,0.0,False
9251,271.3786,9.65,0.0,False
9252,271.4003,8.69,0.0,False
9253,271.4216,9.94,0.0,False
9254,271.4224,9.99,0.0,False
9255,271.43,9.69,0.0,False
9256,271.4459,8.55,0.0,False
9257,271.468,9.4,0.0,False
9258,271.4708,9.57,0.0,False
9259,271.4728,8.71,0.0,True
9260,271.484,8.67,0.0,False
9261,271.4913,9.84,90.0,False
9262,271.5127,9.2,0.0,False
9263,271.537,9.99,0.0,False
9264,271.5464,9.94,0.0,True
9265,271.5568,10.12,0.0,False
9266,271.5793,9.07,0.0,False
9267,271.5881,8.85,0.0,True
9268,271.591,3.13,0.0,False
9269,271.6098,8.76,0.0,False
9270,271.6098,9.22,0.0,False
9271,271.6119,9.16,0.0,False
9272,271.6203,9.56,0.0,False
9273,271.6255,9.33,90.0,False
9274,271.6305,8.01,0.0,False
9275,271.6362,9.14,0.0,False
9276,271.6593,9.58,0.0,False
9277,271.6634,9.72,0.0,False
9278,271.6882,8.97,0.0,False
9279,271.6933,8.04,85.0,False
9280,271.7148,3.37,0.0,False
9281,271.7258,8.92,0.0,False
9282,271.7283,9.48,0.0,True
9283,271.744,8.04,0.0,True
9284,271.7456,8.36,0.0,False
9285,271.7653,9.83,0.0,False
9286,271.768,9.12,90.0,False
9287,271.7731,8.94,0.0,False
9288,271.7854,9.28,0.0,True
9289,271.7905,9.49,0.0,False
9290,271.7937,9.6,90.0,False
9291,271.8509,8.57,0.0,False
9292,271.8517,9.25,0.0,False
9293,271.8629,9.14,0.0,False
9294,271.8695,9.37,0.0,False
9295,271.9099,9.75,0.0,False
9296,271.9228,8.39,0.0,True
9297,271.9248,10.09,0.0,False
9298,271.9289,9.49,90.0,False
9299,271.9668,8.89,0.0,False
9300,271.9684,8.42,0.0,True
9301,271.9778,8.7,0.0,False
9302,271.9812,8.35,0.0,False
9303,272.0143,8.77,0.0,True
9304,272.0206,9.81,0.0,False
9305,272.026,8.76,0.0,False
9306,272.0347,8.51,0.0,False
9307,272.0438,9.51,90.0,False
9308,272.0494,11.7,0.0,True
9309,272.0557,9.93,0.0,False
9310,272.0598,9.23,90.0,False
9311,272.0755,7.8,0.0,True
9312,272.0755,8.3,0.0,False
9313,272.092,8.63,0.0,False
9314,272.1068,9.08,0.0,False
9315,272.118,7.61,90.0,False
9316,272.1359,9.56,0.0,False
9317,272.1393,10.65,0.0,False
9318,272.1496,9.34,0.0,True
9319,272.1635,9.18,0.0,False
9320,272.1693,10.27,0.0,False
9321,272.1714,8.16,0.0,True
9322,272.1898,10.49,0.0,False
9323,272.2138,9.8,0.0,False
9324,272.2384,8.58,0.0,True
9325,272.2555,8.97,90.0,False
9326,272.2587,11.37,0.0,False
9327,272.2787,8.84,0.0,True
9328,272.2791,8.55,0.0,False
9329,272.3211,8.39,90.0,False
9330,272.3289,9.02,0.0,False
9331,272.3396,8.85,0.0,True
9332,272.3417,9.01,0.0,False
9333,272.4116,10.12,85.0,False
9334,272.4149,9.08,0.0,False
9335,272.4207,9.71,90.0,False
9336,272.4293,8.8,0.0,False
9337,272.484,10.27,90.0,False
9338,272.4868,8.98,0.0,False
9339,272.4971,9.82,0.0,False
9340,272.5318,9.3,0.0,False
9341,272.5735,7.66,0.0,False
9342,272.586,8.5,0.0,False
9343,272.5892,8.8,90.0,False
9344,272.6177,8.32,0.0,False
9345,272.627,8.73,0.0,False
9346,272.6299,8.98,90.0,True
9347,272.6421,8.3,0.0,True
9348,272.683,8.5,0.0,False
9349,272.7076,9.76,0.0,False
9350,272.7578,8.82,0.0,True
9351,272.7998,8.12,0.0,False
9352,272.8369,8.81,0.0,False
9353,272.8529,7.77,90.0,False
9354,272.8531,9.74,0.0,True
9355,273.1291,8.3,0.0,False
9356,273.1491,9.46,0.0,False
9357,273.1882,10.04,90.0,False
9358,273.2598,8.61,0.0,False
9359,273.2618,9.34,0.0,False
9360,273.2745,8.1,0.0,False
9361,273.3357,8.25,0.0,False
9362,273.3842,7.92,0.0,False
9363,273.406,9.29,90.0,True
9364,273.4279,11.68,0.0,False
9365,273.436,9.04,0.0,False
9366,273.7181,8.55,0.0,False
9367,273.778,8.79,0.0,True
9368,274.0504,9.48,0.0,False
9369,274.1893,8.9,90.0,True
9370,274.1906,4.86,0.0,False
9371,274.3962,10.56,0.0,False
9372,274.439,7.9,0.0,False
9373,274.4599,8.11,90.0,False
9374,274.8932,8.68,90.0,False
9375,274.9162,10.1,0.0,False
9376,276.8239,6.5,90.0,False
9377,277.2796,5.05,90.0,False
9378,280.5645,4.01,0.0,False
9379,280.613,4.57,0.0,False
9380,281.3621,4.9,0.0,False
9381,281.9968,5.01,0.0,False
9382,282.1071,5.01,0.0,False
9383,282.1195,4.04,90.0,False
9384,282.3847,4.93,0.0,True
9385,282.4018,4.41,0.0,True
9386,282.4405,3.07,90.0,False
9387,282.6176,4.07,0.0,True
9388,282.8467,7.16,0.0,False
9389,282.8705,5.3,90.0,True
9390,282.9884,3.4,0.0,False
9391,283.1489,7.77,90.0,False
9392,283.3429,6.12,0.0,False
9393,283.3927,4.94,0.0,False
9394,283.5749,8.86,85.0,True
9395,283.8557,3.99,90.0,False
9396,283.9757,4.38,0.0,False
9397,284.0108,7.38,0.0,False
9398,284.2663,6.88,90.0,False
9399,284.2946,10.58,0.0,False
9400,284.3953,3.35,90.0,False
9401,284.4412,4.65,0.0,False
9402,284.5158,6.9,90.0,True
9403,284.6325,2.44,90.0,False
9404,284.7117,7.45,0.0,False
9405,284.766,4.3,0.0,False
9406,284.7774,4.33,0.0,False
9407,284.7863,1.54,0.0,False
9408,284.903,4.56,90.0,False
9409,284.956,6.96,90.0,False
9410,285.0169,6.64,0.0,False
9411,285.1947,10.83,0.0,False
9412,285.2696,7.65,0.0,False
9413,285.298,6.34,0.0,False
9414,285.4446,4.18,0.0,False
9415,285.5514,12.77,0.0,False
9416,285.9441,2.45,0.0,False
9417,285.9565,6.48,0.0,False
9418,286.045,2.35,0.0,False
9419,286.1135,4.34,0.0,False
9420,286.3858,8.16,0.0,False
9421,286.3977,6.07,0.0,False
9422,286.4419,6.23,0.0,False
9423,286.4933,3.93,0.0,False
9424,286.5184,3.88,0.0,False
9425,286.5824,5.52,0.0,False
9426,286.63,6.49,0.0,False
9427,286.6789,5.7,0.0,False
9428,286.779,4.55,90.0,False
9429,286.7952,5.03,0.0,False
9430,286.7988,2.99,0.0,False
9431,286.8377,7.01,0.0,True
9432,286.8969,6.93,0.0,False
9433,286.9035,4.68,0.0,False
9434,286.9597,5.99,90.0,False
9435,286.9783,5.66,0.0,False
9436,287.0008,5.12,0.0,False
9437,287.056,3.66,0.0,False
9438,287.1464,4.47,0.0,False
9439,287.2333,7.42,0.0,True
9440,287.2661,3.86,0.0,False
9441,287.446,4.23,0.0,False
9442,287.471,2.59,90.0,True
9443,287.6199,2.99,90.0,False
9444,287.649,5.77,0.0,False
9445,287.6838,5.06,90.0,False
9446,287.6965,4.22,0.0,True
9447,287.7143,5.66,90.0,False
9448,287.7948,3.72,90.0,True
9449,287.8335,5.77,90.0,False
9450,287.8445,4.19,0.0,False
9451,287.8909,10.41,0.0,False
9452,287.9177,4.84,0.0,False
9453,287.9232,8.91,90.0,False
9454,288.036,3.39,0.0,True
9455,288.0392,5.01,0.0,False
9456,288.0463,4.15,0.0,False
9457,288.0806,2.8,90.0,True
9458,288.1619,6.47,90.0,True
9459,288.269,7.98,0.0,False
9460,288.3766,2.87,90.0,False
9461,288.3784,5.67,0.0,False
9462,288.3821,2.68,0.0,False
9463,288.4301,3.99,0.0,False
9464,288.6043,5.31,0.0,False
9465,288.6651,6.32,0.0,False
9466,288.692,7.33,12.6667,False
9467,288.6936,6.03,0.0,False
9468,288.7578,9.52,90.0,True
9469,288.7617,4.04,0.0,False
9470,288.7752,4.96,90.0,False
9471,288.7858,2.75,0.0,False
9472,288.8259,3.52,0.0,False
9473,288.861,6.23,90.0,False
9474,288.8713,4.56,0.0,False
9475,288.9069,10.49,0.0,False
9476,288.9245,6.16,0.0,False
9477,288.9342,2.78,0.0,True
9478,288.9355,6.37,0.0,False
9479,288.9377,9.72,0.0,False
9480,289.0,5.15,0.0,False
9481,289.0018,10.06,0.0,True
9482,289.0398,2.85,0.0,False
9483,289.0435,2.75,0.0,False
9484,289.0832,5.2,0.0,False
9485,289.1083,6.73,0.0,False
9486,289.1294,6.53,0.0,False
9487,289.1899,6.13,0.0,False
9488,289.2519,3.28,0.0,False
9489,289.2914,4.32,12.6667,False
9490,289.3303,4.67,0.0,False
9491,289.3519,3.65,19.0,True
9492,289.3549,2.3,90.0,False
9493,289.375,2.9,0.0,False
9494,289.397,6.37,90.0,True
9495,289.4031,5.97,90.0,False
9496,289.4582,6.07,0.0,False
9497,289.4827,5.4,90.0,False
9498,289.4846,4.88,0.0,True
9499,289.4963,5.48,90.0,True
9500,289.5622,3.16,0.0,False
9501,289.6083,7.36,0.0,False
9502,289.6906,4.8,0.0,False
9503,289.721,3.72,0.0,False
9504,289.7362,5.26,0.0,False
9505,289.7819,7.57,0.0,False
9506,289.8911,11.1,0.0,False
9507,289.8915,8.86,0.0,False
9508,289.9067,7.47,0.0,True
9509,289.9581,2.56,90.0,False
9510,289.9698,4.54,0.0,False
9511,289.9841,4.26,90.0,False
9512,290.0483,6.71,0.0,False
9513,290.0751,6.11,90.0,True
9514,290.1384,2.02,90.0,True
9515,290.1895,1.19,90.0,False
9516,290.2708,2.5,0.0,False
9517,290.3014,4.2,0.0,False
9518,290.329,3.76,90.0,False
9519,290.3553,3.43,0.0,False
9520,290.3601,3.42,90.0,False
9521,290.3968,6.82,0.0,False
9522,290.4034,5.31,90.0,False
9523,290.4593,7.45,19.0,False
9524,290.5391,2.86,0.0,True
9525,290.56,8.42,90.0,False
9526,290.6244,5.51,0.0,False
9527,290.6635,3.98,0.0,False
9528,290.6636,3.75,0.0,False
9529,290.7083,2.28,0.0,False
9530,290.7841,2.97,0.0,False
9531,290.7954,2.03,0.0,False
9532,290.8002,5.2,90.0,False
9533,290.8437,3.96,0.0,False
9534,290.8527,4.09,0.0,False
9535,290.919,10.93,0.0,False
9536,290.9836,8.41,0.0,True
9537,290.9965,5.71,0.0,False
9538,291.02,4.74,0.0,False
9539,291.0546,3.44,0.0,False
9540,291.0586,4.03,90.0,False
9541,291.0686,4.82,0.0,False
9542,291.1043,2.35,0.0,False
9543,291.1203,5.73,0.0,False
9544,291.158,2.55,0.0,False
9545,291.1943,3.65,0.0,True
9546,291.2053,7.96,0.0,False
9547,291.2127,3.79,0.0,True
9548,291.2546,4.44,0.0,False
9549,291.318,3.27,0.0,True
9550,291.3514,4.72,0.0,False
9551,291.4046,9.22,0.0,False
9552,291.4311,7.09,0.0,False
9553,291.5158,4.72,0.0,True
9554,291.5185,5.42,0.0,False
9555,291.5197,4.79,0.0,False
9556,291.5329,5.7,0.0,True
9557,291.5372,8.43,0.0,False
9558,291.5444,3.86,0.0,False
9559,291.5657,3.75,0.0,False
9560,291.5693,7.33,0.0,False
9561,291.5701,2.36,0.0,False
9562,291.6162,5.48,25.3333,False
9563,291.6319,2.87,0.0,True
9564,291.6426,8.74,0.0,False
9565,291.6746,6.8,38.0,False
9566,291.7854,14.55,90.0,False
9567,291.8324,6.88,90.0,False
9568,291.8476,4.38,0.0,False
9569,291.9027,7.38,0.0,False
9570,291.9718,2.69,0.0,False
9571,291.9758,4.52,0.0,False
9572,292.1077,5.94,0.0,False
9573,292.1423,4.19,0.0,False
9574,292.1797,3.42,0.0,False
9575,292.2064,6.83,90.0,True
9576,292.2199,7.09,0.0,False
9577,292.2274,10.41,90.0,False
9578,292.3275,6.83,0.0,True
9579,292.3331,4.4,0.0,False
9580,292.3555,4.85,0.0,False
9581,292.4102,3.51,0.0,False
9582,292.4103,2.4,0.0,True
9583,292.4405,7.8,0.0,False
9584,292.4809,4.82,0.0,False
9585,292.586,10.72,12.6667,True
9586,292.603,8.73,90.0,False
9587,292.6129,5.02,90.0,False
9588,292.6659,5.17,0.0,False
9589,292.6844,4.19,0.0,False
9590,292.6984,3.16,0.0,False
9591,292.7547,5.06,90.0,False
9592,292.9871,3.49,0.0,False
9593,293.0013,6.63,0.0,False
9594,293.0187,3.18,90.0,True
9595,293.0732,6.78,90.0,False
9596,293.0932,3.77,0.0,False
9597,293.0949,3.86,90.0,False
9598,293.1144,6.88,90.0,True
9599,293.1344,6.06,0.0,False
9600,293.1546,4.13,0.0,False
9601,293.2299,2.91,90.0,False
9602,293.2335,5.39,90.0,False
9603,293.5758,4.2,90.0,False
9604,293.6324,3.69,0.0,False
9605,293.6902,4.28,0.0,False
9606,293.7348,6.16,0.0,False
9607,293.7545,3.06,0.0,False
9608,293.8387,5.35,0.0,False
9609,293.839,4.88,0.0,False
9610,293.8751,6.24,0.0,False
9611,293.9223,4.74,0.0,False
9612,293.9433,4.55,0.0,True
9613,293.9633,4.67,0.0,False
9614,294.0046,5.03,0.0,False
9615,294.014,6.42,90.0,False
9616,294.0185,2.92,0.0,False
9617,294.1513,4.07,0.0,False
9618,294.1593,2.47,0.0,True
9619,294.1851,3.99,0.0,False
9620,294.3284,3.57,12.6667,False
9621,294.3636,3.96,90.0,False
9622,294.3652,4.23,0.0,False
9623,294.4187,6.15,0.0,True
9624,294.4193,3.45,90.0,False
9625,294.5156,4.62,90.0,False
9626,294.6066,5.03,0.0,False
9627,294.6409,7.96,90.0,False
9628,294.6539,2.3,0.0,False
9629,294.6574,4.97,0.0,False
9630,294.6648,7.24,0.0,False
9631,294.6735,3.3,0.0,False
9632,294.7304,2.82,0.0,False
9633,294.7887,4.02,90.0,True
9634,294.8671,16.76,0.0,False
9635,294.9098,3.64,90.0,False
9636,295.0501,4.1,0.0,False
9637,295.0553,7.29,0.0,False
9638,295.0829,6.56,90.0,False
9639,295.1837,5.47,0.0,True
9640,295.2105,4.49,90.0,True
9641,295.2412,6.09,90.0,True
9642,295.2618,5.02,0.0,False
9643,295.2643,3.49,0.0,False
9644,295.3514,4.63,0.0,False
9645,295.3543,7.73,0.0,False
9646,295.3584,4.16,0.0,False
9647,295.3835,3.2,0.0,True
9648,295.4444,3.63,0.0,False
9649,295.4837,6.08,0.0,False
9650,295.4926,4.04,90.0,False
9651,295.4927,8.0,0.0,False
9652,295.5716,6.49,0.0,True
9653,295.5827,8.51,90.0,True
9654,295.7245,6.95,0.0,True
9655,295.7274,4.82,0.0,False
9656,295.8388,8.38,25.3333,False
9657,295.9109,986.52,0.0,False
9658,295.9645,6.71,0.0,False
9659,296.0631,3.31,0.0,False
9660,296.1258,5.46,0.0,False
9661,296.1268,3.33,0.0,True
9662,296.129,8.79,0.0,False
9663,296.1782,6.96,0.0,False
9664,296.1932,3.38,0.0,False
9665,296.2019,7.0,0.0,False
9666,296.2112,4.08,0.0,False
9667,296.2698,5.55,0.0,False
9668,296.3099,7.93,90.0,False
9669,296.3181,3.03,0.0,False
9670,296.5164,3.83,0.0,True
9671,296.6385,5.12,0.0,False
9672,296.7581,2.79,90.0,False
9673,296.82,5.27,90.0,True
9674,297.0694,5.14,0.0,False
9675,297.0887,4.08,0.0,False
9676,297.1164,3.58,90.0,True
9677,297.1482,2.16,0.0,False
9678,297.3115,846.6,0.0,False
9679,297.4107,4.24,0.0,True
9680,297.4814,3.39,0.0,True
9681,297.7386,10.91,63.3333,False
9682,297.7828,7.86,0.0,False
9683,297.7941,6.02,0.0,False
9684,297.8115,4.77,0.0,False
9685,297.9283,3.68,0.0,False
9686,298.2338,4.41,0.0,True
9687,298.2458,5.71,0.0,True
9688,298.3156,2.66,0.0,False
9689,298.4094,5.72,0.0,True
9690,298.4177,5.01,0.0,False
9691,298.4795,3.46,0.0,False
9692,298.5314,5.39,0.0,True
9693,298.5644,988.68,0.0,False
9694,298.7691,7.94,0.0,False
9695,298.8907,5.36,0.0,False
9696,299.2743,4.59,0.0,False
9697,299.5253,4.11,90.0,True
9698,299.9505,3.71,0.0,False
9699,300.2391,828.08,90.0,True
9700,300.3574,4.43,0.0,False
9701,300.3593,4.04,0.0,False
9702,300.455,11.79,90.0,False
9703,300.5505,4.81,0.0,True
9704,300.7192,4.38,0.0,False
9705,300.8369,5.52,90.0,False
9706,300.858,864.82,0.0,False
9707,300.9148,961.68,0.0,True
9708,300.9287,1.48,0.0,True
9709,300.9437,6.34,0.0,False
9710,301.1083,1005.94,0.0,False
9711,301.1251,930.81,90.0,True
9712,301.1392,3.95,0.0,False
9713,301.8681,5.77,90.0,True
9714,302.0244,1138.4,0.0,False
9715,302.8321,7.37,0.0,False
9716,302.8396,945.54,0.0,False
9717,302.8949,814.73,0.0,False
9718,303.311,1050.86,0.0,False
9719,303.6811,855.14,0.0,True
9720,303.7329,874.23,0.0,False
9721,304.2034,874.52,90.0,False
9722,304.3842,869.07,90.0,False
9723,304.3873,807.31,0.0,False
9724,304.4079,8.95,0.0,True
9725,305.028,782.58,90.0,False
9726,305.655,893.43,0.0,True
9727,306.1095,4.88,0.0,False
9728,306.1891,927.76,0.0,False
9729,306.3927,1047.8,0.0,False
9730,306.4891,872.05,0.0,False
9731,306.5082,924.78,0.0,True
9732,306.6064,940.43,0.0,False
9733,306.6095,937.92,0.0,False
9734,306.7462,873.43,0.0,False
9735,306.7544,889.93,0.0,False
9736,306.7692,924.94,90.0,False
9737,306.7979,903.57,0.0,False
9738,307.0321,824.94,0.0,False
9739,307.1156,972.96,0.0,False
9740,307.3339,881.86,0.0,False
9741,307.6509,863.42,90.0,False
9742,307.7223,1002.72,0.0,False
9743,307.7786,886.84,90.0,False
9744,307.7915,884.13,90.0,True
9745,307.8764,890.89,0.0,True
9746,307.994,962.02,0.0,False
9747,308.0087,868.13,0.0,True
9748,308.0482,761.62,0.0,False
9749,308.2286,890.07,0.0,False
9750,308.2852,863.14,0.0,False
9751,308.2928,880.79,0.0,False
9752,308.3169,922.2,90.0,True
9753,308.3661,958.39,90.0,False
9754,308.4822,951.8,90.0,False
9755,308.6795,869.78,90.0,False
9756,308.7468,975.7,0.0,False
9757,308.8141,896.86,0.0,False
9758,308.8376,848.03,0.0,False
9759,308.9039,947.82,90.0,True
9760,308.9736,865.89,0.0,False
9761,308.9788,1094.01,0.0,False
9762,309.2671,923.18,90.0,False
9763,309.3706,861.42,0.0,False
9764,309.4422,827.9,0.0,False
9765,309.4523,840.37,0.0,False
9766,309.4752,885.96,90.0,False
9767,309.6073,893.88,0.0,False
9768,309.6114,787.35,90.0,False
9769,309.6172,939.94,90.0,False
9770,309.6338,915.78,0.0,False
9771,309.7207,983.71,0.0,False
9772,309.7451,870.02,0.0,False
9773,309.8301,721.37,0.0,True
9774,309.9015,797.66,90.0,False
9775,309.9468,866.8,0.0,False
9776,309.9541,1035.47,90.0,False
9777,310.0067,840.52,0.0,True
9778,310.0284,968.71,0.0,False
9779,310.0521,1028.03,0.0,False
9780,310.0535,978.26,0.0,False
9781,310.065,933.3,90.0,True
9782,310.0807,949.94,0.0,False
9783,310.1371,1052.32,90.0,False
9784,310.1557,1040.96,0.0,False
9785,310.2331,843.19,85.0,False
9786,310.2824,923.25,0.0,False
9787,310.3051,905.72,0.0,False
9788,310.316,1032.82,90.0,False
9789,310.4242,903.4,0.0,False
9790,310.4281,1072.96,0.0,False
9791,310.4838,892.73,90.0,False
9792,310.4872,967.88,90.0,False
9793,310.5095,934.73,0.0,False
9794,310.5189,919.1,0.0,False
9795,310.6671,943.81,0.0,False
9796,310.7133,879.42,0.0,False
9797,310.7317,871.63,0.0,True
9798,310.8497,966.83,90.0,False
9799,310.8925,861.01,0.0,True
9800,310.999,861.14,0.0,False
9801,311.0385,977.39,0.0,False
9802,311.0828,943.58,0.0,True
9803,311.1793,864.26,0.0,True
9804,311.2592,845.9,0.0,False
9805,311.3364,846.69,0.0,False
9806,311.3822,936.8,0.0,False
9807,311.4008,1016.42,90.0,True
9808,311.4535,752.84,0.0,False
9809,311.4682,852.32,90.0,True
9810,311.5027,935.31,0.0,False
9811,311.5308,972.45,0.0,False
9812,311.6332,826.12,0.0,True
9813,311.7068,945.74,0.0,False
9814,311.7176,956.96,0.0,False
9815,311.746,878.87,0.0,True
9816,311.7807,896.24,90.0,False
9817,311.7863,1012.54,0.0,False
9818,311.9225,873.48,0.0,False
9819,311.9305,1046.12,0.0,False
9820,311.9765,1036.35,0.0,False
9821,311.9866,799.77,0.0,False
9822,312.0107,927.69,90.0,False
9823,312.029,945.89,90.0,True
9824,312.0315,976.95,0.0,False
9825,312.0897,902.66,0.0,False
9826,312.0966,886.64,90.0,False
9827,312.1916,974.98,0.0,False
9828,312.2388,868.72,0.0,False
9829,312.4346,877.36,0.0,True
9830,312.4377,874.64,0.0,False
9831,312.5571,851.48,0.0,False
9832,312.6425,874.19,0.0,False
9833,312.6808,883.11,0.0,False
9834,312.7369,967.28,0.0,False
9835,312.7494,867.37,90.0,False
9836,312.7508,957.51,0.0,False
9837,312.8046,902.16,0.0,False
9838,312.8248,901.03,90.0,True
9839,312.8442,863.21,0.0,False
9840,312.9127,938.18,0.0,False
9841,312.9251,888.97,0.0,False
9842,312.9273,855.21,0.0,False
9843,313.356,1070.76,12.6667,False
9844,313.5957,1036.79,0.0,False
9845,313.6333,877.12,0.0,False
9846,313.6696,904.82,90.0,True
9847,313.9179,762.45,90.0,False
9848,314.1488,853.16,0.0,False
9849,314.1627,821.11,0.0,False
9850,314.2217,799.8,0.0,True
9851,314.227,1034.71,0.0,False
9852,314.3402,1009.26,90.0,False
9853,314.3441,841.57,0.0,False
9854,314.352,1008.39,0.0,False
9855,314.3737,885.72,0.0,False
9856,314.4932,853.45,0.0,True
9857,314.5559,826.16,0.0,False
9858,314.5612,926.84,0.0,False
9859,314.7576,760.3,0.0,False
9860,314.7856,868.7,0.0,False
9861,314.8053,904.56,90.0,False
9862,314.8368,860.11,0.0,False
9863,314.9688,899.47,0.0,False
9864,315.0001,871.0,0.0,True
9865,315.0739,917.73,0.0,True
9866,315.1168,871.92,0.0,False
9867,315.1665,924.83,0.0,False
9868,315.2256,931.5,90.0,False
9869,315.3075,943.87,0.0,True
9870,315.3267,1007.03,0.0,False
9871,315.3697,922.39,0.0,False
9872,315.4548,864.51,90.0,False
9873,315.4908,831.1,0.0,False
9874,315.72,892.83,0.0,False
9875,315.737,885.13,0.0,False
9876,315.741,925.23,0.0,False
9877,315.7692,1028.44,0.0,False
9878,315.7886,977.51,90.0,True
9879,315.862,849.04,0.0,False
9880,315.8771,881.29,0.0,True
9881,315.8875,823.55,0.0,False
9882,316.0277,839.68,0.0,False
9883,316.1803,867.46,0.0,False
9884,316.3144,908.56,90.0,True
9885,316.3417,936.71,90.0,False
9886,316.4006,903.58,0.0,False
9887,316.5265,894.91,0.0,False
9888,316.6856,944.26,0.0,False
9889,316.7248,911.6,0.0,False
9890,316.7878,915.29,0.0,False
9891,316.9497,930.43,0.0,False
9892,317.0228,828.43,0.0,False
9893,317.0466,762.64,0.0,False
9894,317.3886,933.72,0.0,True
9895,317.4207,1020.42,0.0,False
9896,317.4629,1262.42,0.0,False
9897,317.522,905.91,0.0,False
9898,317.5749,984.03,0.0,False
9899,317.7861,781.95,90.0,False
9900,317.8217,824.71,12.6667,False
9901,317.8964,887.64,0.0,False
9902,317.9644,834.93,90.0,False
9903,318.0151,870.56,0.0,False
9904,318.1023,854.27,0.0,False
9905,318.1332,979.1,90.0,True
9906,318.142,895.0,0.0,True
9907,318.253,734.67,0.0,False
9908,318.3681,954.75,0.0,False
9909,318.4647,791.61,90.0,True
9910,318.5754,899.43,0.0,False
9911,318.5976,1060.57,0.0,False
9912,318.7709,935.99,90.0,False
9913,318.8348,893.57,0.0,False
9914,319.6341,987.44,0.0,True
9915,319.8877,931.07,19.0,False
9916,320.0387,843.01,90.0,False
9917,320.1075,1065.52,90.0,False
9918,320.1708,974.02,90.0,True
9919,320.1817,947.16,0.0,False
9920,320.2738,980.74,0.0,False
9921,320.3328,759.67,0.0,True
9922,320.5554,876.53,0.0,False
9923,321.0869,1006.87,90.0,False
9924,321.5717,960.66,0.0,True
9925,321.5962,904.29,90.0,False
9926,321.8496,1027.66,0.0,False
9927,322.0402,1070.0,0.0,False
9928,322.0904,1059.15,0.0,False
9929,322.1486,843.68,0.0,False
9930,322.1779,868.4,0.0,False
9931,322.4529,772.71,12.6667,True
9932,322.7924,807.71,0.0,True
9933,322.9022,846.99,0.0,False
9934,323.0205,894.12,0.0,False
9935,323.1019,905.88,0.0,True
9936,323.1508,890.96,90.0,False
9937,323.1975,952.18,90.0,False
9938,323.6406,952.99,0.0,False
9939,323.7329,1049.61,90.0,True
9940,324.0521,938.77,0.0,False
9941,324.5288,957.19,0.0,False
9942,325.8608,887.28,0.0,False
9943,328.5871,832.28,0.0,False
9944,335.6764,858.81,90.0,True
9945,353.6961,8.99,0.0,False
9946,354.3879,8.7,0.0,False
9947,357.3586,10.54,90.0,False
9948,360.2583,8.07,0.0,False
9949,360.7397,7.77,0.0,True
9950,363.1495,9.42,90.0,False
9951,363.9315,8.94,0.0,False
9952,365.3868,9.76,90.0,False
9953,365.3939,8.65,0.0,False
9954,365.9841,9.39,90.0,False
9955,366.5712,9.4,0.0,False
9956,367.2365,9.67,0.0,False
9957,367.3715,8.84,90.0,False
9958,368.7127,8.66,90.0,False
9959,368.767,10.01,0.0,True
9960,369.7906,9.26,0.0,False
9961,372.4905,8.88,0.0,True
9962,372.7661,8.48,0.0,False
9963,374.3974,8.31,0.0,False
9964,376.4189,9.62,0.0,False
9965,377.1063,8.9,0.0,False
9966,377.658,9.32,0.0,False
9967,378.4475,9.06,0.0,False
9968,380.3116,8.45,90.0,False
9969,412.7132,4.83,0.0,False
9970,412.8679,6.33,0.0,True
9971,412.992,6.3,0.0,False
9972,412.9986,3.71,90.0,False
9973,413.0433,3.75,0.0,True
9974,413.2533,5.36,0.0,False
9975,413.6692,6.21,90.0,False
9976,413.7464,6.87,0.0,False
9977,413.757,5.5,0.0,False
9978,413.7858,5.36,0.0,True
9979,413.8219,2.97,0.0,False
9980,413.9189,5.81,0.0,False
9981,413.9575,4.23,0.0,True
9982,414.0185,5.7,90.0,False
9983,414.0864,5.88,90.0,False
9984,414.1333,2.95,0.0,True
9985,414.2465,3.98,0.0,False
9986,414.313,6.72,90.0,False
9987,414.4718,3.08,0.0,False
9988,414.481,6.04,19.0,True
9989,414.4833,4.38,90.0,False
9990,414.5433,8.18,90.0,False
9991,414.6014,4.05,0.0,False
9992,414.6163,4.74,0.0,False
9993,414.7316,3.27,50.6667,False
9994,414.7616,4.29,0.0,True
9995,414.8616,7.95,0.0,False
9996,414.9253,3.9,50.6667,False
9997,414.9672,3.83,90.0,False
9998,415.4246,5.09,0.0,False
9999,415.5474,5.59,90.0,False
10000,415.9192,4.07,90.0,False
