attempt_number,hours_since_first,runtime_ms,score,active
1,0.0,9.87,90.0,False
2,0.0,8.72,90.0,False
3,0.0,10.3,90.0,False
4,0.0004,9.02,0.0,False
5,72.6529,37.84,0.0,False
6,72.6705,34.93,0.0,False
7,72.7822,13.26,90.0,False
8,73.0937,23.24,0.0,False
9,73.3818,14.36,90.0,False
10,73.3979,16.24,90.0,True
11,73.4476,18.99,0.0,False
12,73.5164,14.7,0.0,False
13,73.7358,26.86,0.0,False
14,74.0201,13.95,0.0,False
15,74.0705,33.75,0.0,False
16,74.0961,48.84,90.0,False
17,74.1238,18.5,0.0,False
18,74.1591,39.85,0.0,False
19,74.2933,28.41,0.0,False
20,74.4254,19.21,90.0,False
21,74.6517,10.43,0.0,True
22,74.874,20.26,90.0,False
23,75.0911,20.46,0.0,False
24,75.1219,24.64,85.0,True
25,75.1462,14.63,0.0,False
26,75.2058,13.72,0.0,False
27,75.4413,34.46,0.0,True
28,121.6624,1015.35,90.0,False
29,122.0685,951.41,0.0,True
30,123.2442,842.6,90.0,True
31,123.3306,953.71,25.3333,False
32,123.7333,813.63,0.0,False
33,123.9907,885.56,0.0,False
34,124.8641,834.62,90.0,False
35,124.8881,921.46,0.0,True
36,125.45,934.06,90.0,False
37,125.8096,859.53,0.0,False
38,126.1182,1075.23,0.0,False
39,126.2763,978.68,0.0,False
40,126.8303,905.29,90.0,False
41,126.8952,975.23,0.0,False
42,126.9762,809.89,0.0,False
43,127.0902,838.84,0.0,False
44,127.1475,770.45,90.0,True
45,127.4713,796.58,90.0,False
46,127.7527,935.3,0.0,True
47,127.9395,889.87,0.0,True
48,128.1506,954.92,90.0,False
49,128.297,834.05,0.0,False
50,128.6056,967.78,0.0,False
51,128.6385,828.8,0.0,False
52,128.8032,957.2,0.0,False
53,128.8555,915.57,0.0,False
54,128.8591,951.33,0.0,True
55,128.9022,823.01,0.0,True
56,128.9554,956.91,0.0,True
57,129.012,934.16,0.0,False
58,129.2557,856.73,0.0,False
59,129.3461,994.52,0.0,False
60,129.5889,975.75,90.0,False
61,129.6789,868.15,0.0,False
62,129.7073,883.53,90.0,False
63,129.7174,938.22,0.0,True
64,129.876,944.25,0.0,True
65,130.0318,819.09,0.0,False
66,130.1054,928.33,0.0,False
67,130.3748,8.68,0.0,False
68,130.485,995.29,38.0,False
69,130.756,9.28,0.0,True
70,130.8943,798.54,0.0,False
71,130.9575,956.14,0.0,False
72,131.0659,961.5,0.0,False
73,131.0931,932.68,0.0,False
74,131.7963,965.76,90.0,False
75,132.0991,888.43,0.0,True
76,132.3976,1024.11,0.0,False
77,132.4893,898.09,0.0,True
78,133.8159,944.73,0.0,False
79,134.036,9.69,0.0,False
80,134.3688,8.76,0.0,False
81,136.0931,9.76,0.0,False
82,136.6918,9.81,0.0,False
83,136.7937,10.22,0.0,False
84,137.0805,8.08,90.0,False
85,137.1552,9.24,0.0,False
86,137.2238,8.04,0.0,False
87,137.4497,11.49,90.0,False
88,137.5322,8.83,0.0,False
89,137.6832,8.92,90.0,True
90,137.8702,8.93,0.0,False
91,138.0303,8.74,38.0,False
92,138.0855,8.84,0.0,False
93,138.3029,10.02,0.0,False
94,138.4745,11.38,0.0,False
95,138.4977,8.63,0.0,True
96,138.9534,9.42,0.0,False
97,138.9664,10.54,90.0,False
98,139.1818,8.28,90.0,False
99,139.254,10.74,90.0,False
100,139.426,8.21,0.0,False
101,139.4678,8.58,0.0,False
102,139.557,7.62,0.0,False
103,139.6131,10.12,0.0,False
104,139.7891,10.01,0.0,False
105,139.8202,8.85,90.0,False
106,139.9849,9.28,0.0,False
107,139.9966,9.34,0.0,False
108,139.9991,9.59,0.0,False
109,140.1768,8.51,0.0,False
110,140.2317,8.53,90.0,True
111,140.2424,9.86,0.0,False
112,140.2976,8.52,0.0,False
113,140.3008,9.03,0.0,False
114,140.3297,8.58,90.0,False
115,140.3368,8.7,0.0,False
116,140.372,9.01,0.0,False
117,140.4132,11.21,90.0,True
118,140.6285,8.88,0.0,False
119,140.6301,10.2,0.0,False
120,140.6606,10.35,0.0,False
121,140.7176,8.83,0.0,True
122,140.7487,9.55,90.0,False
123,140.8136,9.64,0.0,False
124,140.8682,9.43,0.0,False
125,140.995,9.24,0.0,True
126,141.0861,9.96,90.0,True
127,141.1329,10.75,0.0,False
128,141.2157,9.12,90.0,False
129,141.2674,8.73,0.0,False
130,141.3415,7.29,0.0,True
131,141.3562,8.0,0.0,False
132,141.4366,9.45,0.0,False
133,141.4422,7.69,0.0,False
134,141.4617,8.87,90.0,False
135,141.5539,9.54,90.0,True
136,141.5688,9.54,0.0,True
137,141.6207,9.88,0.0,False
138,141.6892,8.58,0.0,False
139,141.741,9.85,90.0,True
140,141.7661,9.37,0.0,False
141,141.7847,9.7,0.0,True
142,141.8577,9.72,0.0,False
143,141.886,9.69,0.0,True
144,141.9442,8.38,0.0,False
145,141.9858,10.05,0.0,False
146,142.0021,10.32,0.0,False
147,142.0331,9.73,0.0,True
148,142.0387,8.93,0.0,False
149,142.0603,9.42,0.0,False
150,142.1127,8.96,90.0,False
151,142.1276,9.94,90.0,False
152,142.1994,9.65,90.0,True
153,142.3074,9.73,0.0,True
154,142.3714,8.11,0.0,True
155,142.3775,9.65,0.0,False
156,142.4427,10.0,90.0,False
157,142.5251,9.43,90.0,False
158,142.5435,8.52,19.0,False
159,142.5624,8.55,90.0,False
160,142.5681,8.67,0.0,False
161,142.5892,9.03,0.0,False
162,142.6135,8.84,90.0,False
163,142.65,9.05,0.0,False
164,142.6578,9.69,0.0,False
165,142.6921,9.8,90.0,False
166,142.7483,8.9,0.0,True
167,142.7557,8.39,0.0,False
168,142.7745,9.81,0.0,False
169,142.7859,8.63,0.0,True
170,142.8163,9.18,0.0,True
171,142.8208,9.77,90.0,False
172,142.8422,9.32,0.0,False
173,142.8813,9.35,0.0,False
174,142.8891,8.74,0.0,False
175,142.9458,9.3,0.0,False
176,142.9555,8.05,0.0,False
177,142.9648,9.67,0.0,False
178,142.9754,8.51,0.0,False
179,142.979,9.41,85.0,True
180,142.9875,8.73,90.0,False
181,143.0065,9.25,0.0,False
182,143.0175,9.64,0.0,False
183,143.0292,8.8,90.0,False
184,143.0757,10.06,12.6667,True
185,143.0955,8.6,0.0,False
186,143.1559,9.0,0.0,True
187,143.1833,7.67,0.0,False
188,143.2401,8.56,0.0,False
189,143.2682,9.31,0.0,True
190,143.2736,8.54,0.0,True
191,143.2865,8.7,0.0,False
192,143.2892,9.3,0.0,False
193,143.3087,10.38,0.0,True
194,143.3171,9.58,0.0,False
195,143.3642,9.88,0.0,False
196,143.42,8.67,0.0,False
197,143.4732,9.47,0.0,False
198,143.5135,9.22,0.0,False
199,143.544,7.85,0.0,False
200,143.5683,9.36,90.0,False
201,143.5967,8.15,0.0,True
202,143.6133,8.8,0.0,False
203,143.6412,9.67,0.0,False
204,143.6756,9.22,0.0,False
205,143.687,10.23,0.0,False
206,143.6973,9.02,0.0,False
207,143.6987,9.65,0.0,False
208,143.726,8.25,0.0,False
209,143.7294,9.49,90.0,False
210,143.8755,8.62,0.0,False
211,143.8953,10.87,0.0,False
212,143.9335,8.34,0.0,True
213,143.9407,8.16,0.0,False
214,143.9543,8.56,0.0,False
215,144.0286,9.94,0.0,False
216,144.0407,9.94,0.0,False
217,144.0577,10.07,0.0,False
218,144.0695,9.48,0.0,False
219,144.0844,9.48,0.0,True
220,144.1725,7.53,0.0,True
221,144.2594,8.57,0.0,False
222,144.2789,8.63,0.0,False
223,144.2997,9.76,0.0,False
224,144.3035,9.17,12.6667,True
225,144.3245,9.5,0.0,False
226,144.3617,9.13,0.0,False
227,144.3689,8.88,0.0,False
228,144.453,10.94,90.0,False
229,144.4725,9.18,0.0,True
230,144.4787,8.69,12.6667,False
231,144.4859,8.36,0.0,True
232,144.5166,8.43,90.0,False
233,144.5232,8.59,0.0,False
234,144.5267,10.1,0.0,False
235,144.5498,10.05,90.0,False
236,144.5599,8.99,0.0,False
237,144.5985,9.95,0.0,False
238,144.6582,9.48,0.0,False
239,144.7177,8.64,19.0,True
240,144.7211,11.19,90.0,False
241,144.7433,8.93,90.0,False
242,144.7564,9.01,0.0,False
243,144.7726,8.41,0.0,False
244,144.7965,10.36,0.0,False
245,144.8036,8.86,0.0,False
246,144.8212,9.52,0.0,True
247,144.8432,8.62,0.0,False
248,144.903,9.39,0.0,False
249,144.9034,8.8,90.0,False
250,144.9175,9.44,0.0,False
251,144.9358,9.6,90.0,False
252,145.0071,8.21,0.0,False
253,145.0264,7.88,0.0,False
254,145.0562,8.97,90.0,False
255,145.086,9.98,0.0,False
256,145.0933,9.78,90.0,False
257,145.1248,9.52,0.0,False
258,145.1395,8.57,0.0,False
259,145.1739,9.02,90.0,False
260,145.1747,8.69,0.0,False
261,145.2143,8.47,0.0,False
262,145.2163,7.68,0.0,True
263,145.2397,10.21,0.0,False
264,145.267,10.01,0.0,False
265,145.2776,8.8,0.0,True
266,145.2833,8.11,90.0,False
267,145.302,7.63,0.0,False
268,145.3024,8.52,0.0,True
269,145.3117,8.51,0.0,True
270,145.4025,9.26,0.0,True
271,145.4026,9.99,90.0,False
272,145.44,8.43,0.0,False
273,145.4612,9.43,90.0,True
274,145.488,8.42,0.0,False
275,145.5179,9.04,0.0,True
276,145.5433,8.42,0.0,False
277,145.5458,10.28,0.0,False
278,145.5499,10.26,0.0,False
279,145.5565,10.24,0.0,False
280,145.5903,9.27,0.0,False
281,145.6263,8.95,0.0,False
282,145.6372,9.26,0.0,False
283,145.6543,8.66,0.0,True
284,145.6983,8.94,0.0,False
285,145.7053,10.13,0.0,True
286,145.72,8.97,0.0,False
287,145.7314,8.61,0.0,False
288,145.7815,9.13,0.0,False
289,145.7834,6.81,0.0,False
290,145.8689,8.15,90.0,False
291,145.9199,9.69,0.0,False
292,145.9561,8.99,0.0,False
293,146.0373,9.15,0.0,False
294,146.1429,9.84,0.0,False
295,146.1634,8.58,0.0,True
296,146.1721,8.97,0.0,False
297,146.2059,8.37,0.0,False
298,146.2081,9.93,0.0,False
299,146.2258,9.62,0.0,False
300,146.2301,8.95,90.0,True
301,146.2335,9.81,0.0,False
302,146.2695,9.09,0.0,False
303,146.274,8.73,0.0,False
304,146.3025,9.55,0.0,True
305,146.3026,7.79,0.0,False
306,146.3084,8.59,0.0,False
307,146.3483,8.35,90.0,False
308,146.3506,10.29,0.0,False
309,146.3595,8.9,90.0,False
310,146.4152,9.14,0.0,False
311,146.4649,9.12,0.0,False
312,146.4906,10.11,0.0,False
313,146.4925,8.81,90.0,True
314,146.5165,9.55,90.0,False
315,146.5214,10.27,0.0,False
316,146.5345,10.18,0.0,False
317,146.5374,9.14,0.0,True
318,146.5783,9.26,0.0,False
319,146.6129,9.37,0.0,False
320,146.7188,9.33,0.0,False
321,146.7434,10.1,0.0,True
322,146.7871,9.76,0.0,False
323,146.8053,9.0,0.0,False
324,146.8565,9.3,90.0,False
325,146.8669,10.63,0.0,False
326,146.8731,9.84,0.0,False
327,146.8815,8.14,90.0,False
328,146.9187,9.53,0.0,False
329,146.9465,9.87,0.0,False
330,146.9543,11.38,0.0,False
331,146.9805,9.81,90.0,False
332,146.9963,9.28,0.0,False
333,146.9968,8.95,90.0,True
334,147.0148,8.71,0.0,False
335,147.031,9.65,0.0,False
336,147.1011,8.33,0.0,False
337,147.1028,9.61,0.0,False
338,147.1031,8.76,0.0,False
339,147.113,9.25,0.0,False
340,147.1283,10.36,0.0,True
341,147.144,7.88,19.0,False
342,147.1603,8.21,0.0,False
343,147.1937,9.07,0.0,False
344,147.2044,10.45,0.0,True
345,147.2098,9.43,0.0,False
346,147.2105,11.59,0.0,False
347,147.2241,10.37,0.0,False
348,147.2535,9.33,90.0,False
349,147.3174,9.29,0.0,True
350,147.3208,8.7,0.0,False
351,147.3274,9.71,0.0,False
352,147.38,8.97,0.0,True
353,147.3999,9.3,0.0,False
354,147.4313,8.79,0.0,False
355,147.4336,8.84,0.0,False
356,147.5058,9.32,0.0,False
357,147.511,10.34,90.0,False
358,147.546,9.69,0.0,False
359,147.5952,10.27,0.0,True
360,147.6369,8.94,0.0,True
361,147.7223,10.58,0.0,False
362,147.7406,9.64,0.0,False
363,147.7639,9.36,0.0,False
364,147.8176,9.48,0.0,False
365,147.8528,9.01,90.0,False
366,147.8669,7.99,90.0,True
367,147.9111,9.28,0.0,True
368,147.9358,9.65,90.0,True
369,147.938,8.16,38.0,False
370,147.9428,10.4,0.0,True
371,147.946,7.81,0.0,False
372,147.9768,8.78,0.0,False
373,148.0559,9.72,90.0,False
374,148.068,9.75,0.0,False
375,148.1102,8.99,12.6667,False
376,148.1672,9.46,0.0,False
377,148.1808,10.11,0.0,False
378,148.2033,8.55,0.0,False
379,148.2076,8.88,0.0,False
380,148.2138,8.7,90.0,False
381,148.2254,8.7,90.0,False
382,148.2719,8.56,0.0,False
383,148.2801,9.41,0.0,False
384,148.3517,9.26,0.0,False
385,148.4224,11.11,0.0,True
386,148.4255,9.28,0.0,False
387,148.4257,9.01,0.0,False
388,148.4533,8.6,90.0,False
389,148.5252,8.32,0.0,False
390,148.5289,9.04,90.0,False
391,148.5375,7.74,0.0,False
392,148.5583,9.74,0.0,False
393,148.5912,8.9,0.0,False
394,148.6024,8.42,90.0,False
395,148.6314,6.76,0.0,True
396,148.7531,10.33,0.0,False
397,148.8095,9.88,0.0,True
398,148.8468,9.11,0.0,False
399,148.8506,9.08,38.0,False
400,148.8543,7.76,0.0,False
401,148.861,8.88,90.0,True
402,148.9493,8.76,12.6667,False
403,149.0029,9.23,0.0,False
404,149.0355,11.63,0.0,False
405,149.0987,9.05,0.0,False
406,149.1007,8.02,0.0,True
407,149.1063,9.79,0.0,False
408,149.1139,8.24,0.0,False
409,149.1349,9.4,0.0,True
410,149.1378,8.17,0.0,False
411,149.1392,8.92,85.0,False
412,149.1462,9.12,0.0,True
413,149.1693,9.18,0.0,False
414,149.1758,9.53,0.0,False
415,149.1832,8.65,0.0,False
416,149.286,8.4,0.0,False
417,149.2863,8.74,0.0,False
418,149.357,9.13,0.0,False
419,149.3762,10.11,90.0,False
420,149.3775,10.86,0.0,False
421,149.3967,7.95,90.0,False
422,149.3981,9.84,90.0,False
423,149.409,9.25,90.0,False
424,149.5128,9.81,0.0,False
425,149.555,9.64,90.0,False
426,149.5587,10.38,90.0,False
427,149.5809,10.5,0.0,False
428,149.5977,8.58,0.0,False
429,149.6493,9.59,0.0,False
430,149.67,8.87,90.0,False
431,149.6938,9.8,0.0,False
432,149.7142,9.24,0.0,True
433,149.7345,9.29,90.0,False
434,149.757,10.03,0.0,False
435,149.7731,10.15,0.0,False
436,149.8009,8.84,0.0,True
437,149.8579,8.31,0.0,True
438,149.903,8.43,90.0,False
439,149.9543,9.98,0.0,True
440,150.0009,10.25,0.0,True
441,150.0203,11.48,90.0,False
442,150.0213,8.94,0.0,True
443,150.0453,8.16,90.0,False
444,150.055,9.19,90.0,False
445,150.1707,9.13,90.0,False
446,150.1931,9.53,90.0,False
447,150.198,10.42,0.0,False
448,150.2095,8.76,90.0,True
449,150.2176,8.63,0.0,False
450,150.2393,10.83,0.0,False
451,150.2944,8.46,0.0,False
452,150.3754,9.21,0.0,False
453,150.3777,9.96,0.0,False
454,150.3835,8.44,90.0,False
455,150.4232,9.14,0.0,False
456,150.6111,8.03,90.0,True
457,150.6862,10.51,0.0,False
458,150.6985,9.3,12.6667,False
459,150.7296,9.18,90.0,False
460,150.7444,9.04,90.0,True
461,150.7533,9.84,0.0,True
462,150.7862,8.68,0.0,False
463,150.8251,9.15,0.0,False
464,150.8253,9.17,0.0,True
465,150.8262,9.59,90.0,False
466,150.9164,9.15,0.0,False
467,150.9196,10.6,0.0,True
468,150.9821,8.16,0.0,False
469,150.9882,9.59,0.0,False
470,151.0249,10.23,0.0,True
471,151.104,8.11,0.0,True
472,151.1118,8.91,0.0,False
473,151.1685,10.39,0.0,False
474,151.215,10.33,0.0,False
475,151.2943,9.35,90.0,True
476,151.3029,10.69,90.0,True
477,151.3419,9.63,0.0,False
478,151.3782,9.65,0.0,False
479,151.408,9.52,0.0,False
480,151.5731,7.82,0.0,False
481,151.5772,8.64,0.0,True
482,151.5953,10.41,0.0,True
483,151.5972,9.12,90.0,False
484,151.6209,8.08,90.0,False
485,151.6292,8.36,0.0,True
486,151.6763,9.45,0.0,False
487,151.6954,8.48,0.0,False
488,151.9891,8.32,0.0,False
489,152.0972,9.85,0.0,False
490,152.113,8.96,0.0,False
491,152.1564,9.52,0.0,True
492,152.2064,10.06,0.0,False
493,152.2203,9.65,0.0,False
494,152.2223,9.47,90.0,False
495,152.293,8.22,0.0,False
496,152.3607,9.17,95.0,True
497,152.3747,8.87,0.0,False
498,152.3874,10.38,0.0,False
499,152.4229,8.83,0.0,False
500,152.441,8.29,0.0,True
501,152.4757,9.92,0.0,False
502,152.5616,9.17,90.0,True
503,152.68,10.42,90.0,False
504,152.7522,8.58,0.0,False
505,152.7635,8.95,0.0,False
506,152.8019,8.75,0.0,False
507,152.8397,8.53,0.0,False
508,152.8816,8.34,0.0,False
509,152.8932,9.74,0.0,False
510,152.9626,9.16,0.0,False
511,153.003,9.01,0.0,False
512,153.0119,8.79,0.0,False
513,153.0137,8.27,90.0,False
514,153.0557,9.96,0.0,False
515,153.1207,7.73,90.0,False
516,153.1507,8.44,0.0,False
517,153.2182,8.81,90.0,False
518,153.2202,10.21,0.0,False
519,153.3649,9.49,0.0,False
520,153.4396,9.32,90.0,False
521,153.6322,8.48,90.0,True
522,153.6328,8.64,0.0,True
523,153.6417,8.5,0.0,True
524,153.8186,8.84,0.0,False
525,154.0078,8.59,90.0,False
526,154.0192,8.92,90.0,False
527,154.1029,8.4,90.0,False
528,154.2691,10.58,0.0,False
529,154.571,8.23,0.0,False
530,154.7916,8.54,0.0,False
531,154.8558,8.39,90.0,False
532,155.2278,9.34,90.0,False
533,155.4114,8.55,0.0,False
534,155.4539,10.47,0.0,True
535,155.6513,8.96,0.0,False
536,155.9121,9.39,90.0,True
537,156.6044,9.07,0.0,False
538,156.9852,8.8,90.0,False
539,157.0461,10.11,0.0,False
540,157.8324,9.19,0.0,False
541,157.8675,7.95,0.0,False
542,158.3194,9.04,90.0,False
543,158.3699,8.89,0.0,False
544,158.5906,874.23,0.0,True
545,158.8167,7.24,90.0,False
546,158.8807,815.27,85.0,False
547,158.9863,983.72,90.0,False
548,158.9958,8.3,0.0,False
549,159.3381,845.05,0.0,False
550,159.7361,949.94,0.0,False
551,160.4149,811.96,0.0,False
552,160.7482,918.93,0.0,False
553,160.7608,853.45,0.0,False
554,160.9314,809.53,90.0,False
555,160.9547,864.9,90.0,False
556,160.9571,1017.61,0.0,False
557,162.1306,939.94,90.0,False
558,162.2312,912.18,0.0,False
559,162.3577,962.14,0.0,False
560,162.5342,843.78,90.0,False
561,162.6368,841.57,0.0,True
562,162.6454,889.98,0.0,False
563,162.6525,966.39,0.0,False
564,162.6832,885.13,0.0,False
565,162.7539,1064.91,0.0,False
566,162.8415,855.21,0.0,True
567,162.8441,894.48,0.0,True
568,162.8552,752.84,0.0,False
569,163.0158,910.9,0.0,False
570,163.1293,1054.65,0.0,False
571,163.353,850.78,0.0,False
572,163.4055,1052.28,0.0,False
573,163.4806,923.82,90.0,False
574,163.5907,834.93,90.0,False
575,163.6632,838.8,90.0,False
576,163.6768,823.96,0.0,False
577,163.6841,790.59,90.0,False
578,163.8,948.93,90.0,True
579,163.8148,948.41,38.0,False
580,163.8627,940.8,0.0,True
581,163.8631,994.6,0.0,False
582,163.9188,1066.18,0.0,False
583,164.0026,904.55,90.0,False
584,164.042,1048.5,0.0,False
585,164.0941,944.52,90.0,False
586,164.1065,854.13,0.0,True
587,164.2197,886.87,90.0,False
588,164.2574,860.11,0.0,False
589,164.3027,922.2,90.0,True
590,164.3038,891.49,90.0,False
591,164.4175,842.49,0.0,False
592,164.4372,904.62,0.0,False
593,164.5145,893.6,90.0,False
594,164.643,1059.15,0.0,False
595,164.7207,1041.18,0.0,False
596,164.7427,943.85,0.0,False
597,164.8088,846.01,90.0,True
598,164.8651,922.49,0.0,False
599,164.8733,779.68,0.0,True
600,164.9457,893.57,0.0,False
601,164.9843,888.12,0.0,False
602,164.9881,984.03,0.0,False
603,165.1426,830.98,90.0,False
604,165.2395,788.75,0.0,False
605,165.2824,1038.21,0.0,False
606,165.3124,926.08,0.0,False
607,165.3713,949.71,0.0,True
608,165.3729,852.32,90.0,False
609,165.3791,955.31,0.0,False
610,165.3865,940.55,0.0,False
611,165.4003,894.74,0.0,False
612,165.4368,985.68,90.0,False
613,165.5105,773.99,0.0,False
614,165.5208,879.42,0.0,True
615,165.5233,1047.8,0.0,False
616,165.5335,941.27,0.0,True
617,165.6982,860.94,0.0,False
618,165.7577,863.24,0.0,False
619,166.0473,846.99,0.0,False
620,166.0852,818.45,90.0,False
621,166.1376,854.47,0.0,False
622,166.1993,969.84,0.0,False
623,166.2011,794.39,85.0,False
624,166.2049,912.78,0.0,False
625,166.2206,982.12,0.0,False
626,166.2324,923.34,0.0,False
627,166.2811,1037.87,90.0,True
628,166.3088,1101.83,0.0,False
629,166.3438,1103.34,0.0,False
630,166.3692,877.31,0.0,False
631,166.375,1111.85,0.0,False
632,166.4613,818.75,0.0,True
633,166.5455,829.81,0.0,False
634,166.5601,853.16,0.0,False
635,166.5724,979.81,90.0,True
636,166.5741,779.85,90.0,False
637,166.5765,923.29,0.0,False
638,166.5968,941.3,90.0,False
639,166.6022,928.12,0.0,False
640,166.6143,823.28,0.0,False
641,166.6337,853.96,0.0,False
642,166.6533,902.41,0.0,True
643,166.6826,899.7,0.0,False
644,166.686,1050.51,12.6667,False
645,166.7399,876.03,0.0,False
646,166.7528,978.58,0.0,True
647,166.7538,967.84,0.0,False
648,166.8157,1010.54,90.0,True
649,166.8284,941.18,0.0,False
650,166.836,975.11,0.0,False
651,166.9044,993.9,0.0,False
652,166.9675,953.83,90.0,True
653,166.979,914.36,90.0,False
654,166.997,905.72,0.0,False
655,167.0019,864.68,0.0,False
656,167.0271,839.03,0.0,False
657,167.0341,895.75,0.0,False
658,167.0972,820.84,0.0,True
659,167.1153,775.8,0.0,True
660,167.1348,868.53,0.0,False
661,167.1453,1037.7,90.0,False
662,167.1635,903.57,0.0,False
663,167.1917,844.8,0.0,False
664,167.2266,899.89,0.0,False
665,167.2313,758.28,0.0,False
666,167.2314,837.69,0.0,False
667,167.2423,1046.12,0.0,True
668,167.258,986.52,0.0,False
669,167.2894,996.15,90.0,False
670,167.3382,911.6,0.0,True
671,167.3402,809.81,38.0,False
672,167.3408,759.67,0.0,True
673,167.4014,909.68,0.0,False
674,167.4161,861.34,0.0,False
675,167.4277,900.43,0.0,False
676,167.4526,893.88,0.0,False
677,167.4593,1065.52,90.0,False
678,167.4649,879.06,0.0,False
679,167.4714,864.51,90.0,False
680,167.4949,880.79,0.0,False
681,167.519,1081.9,90.0,False
682,167.5886,1080.26,0.0,False
683,167.5983,951.47,0.0,False
684,167.6192,790.47,0.0,True
685,167.6409,1003.97,0.0,False
686,167.6674,880.06,0.0,False
687,167.6754,919.38,0.0,False
688,167.6864,706.78,0.0,False
689,167.7111,784.46,0.0,False
690,167.7166,838.56,90.0,False
691,167.7547,943.58,0.0,False
692,167.7711,945.06,0.0,False
693,167.8284,908.09,0.0,False
694,167.8313,892.3,0.0,False
695,167.8394,836.64,0.0,False
696,167.8529,862.83,0.0,False
697,167.883,839.04,90.0,False
698,167.9025,874.31,0.0,False
699,167.9333,814.73,0.0,False
700,167.9419,1015.32,0.0,False
701,167.9996,846.9,0.0,False
702,168.0094,943.3,0.0,True
703,168.0191,847.64,0.0,True
704,168.0356,839.58,0.0,True
705,168.0356,716.27,0.0,False
706,168.0477,1006.96,0.0,False
707,168.0775,1085.42,0.0,False
708,168.1138,933.21,0.0,False
709,168.1183,828.79,90.0,False
710,168.1191,788.44,90.0,False
711,168.1276,877.47,90.0,True
712,168.1402,929.08,0.0,True
713,168.1766,978.9,0.0,False
714,168.1784,950.63,0.0,False
715,168.1925,791.61,90.0,False
716,168.1973,877.19,0.0,False
717,168.2074,832.52,0.0,False
718,168.2086,910.57,0.0,False
719,168.2442,1030.31,0.0,False
720,168.2509,868.7,0.0,False
721,168.297,890.07,0.0,False
722,168.307,912.26,0.0,True
723,168.3075,972.45,0.0,False
724,168.3373,1013.91,95.0,False
725,168.346,1003.31,0.0,True
726,168.377,923.18,90.0,False
727,168.4008,942.52,0.0,False
728,168.4034,992.82,0.0,True
729,168.4383,1029.58,0.0,False
730,168.4731,895.0,0.0,False
731,168.4851,974.02,90.0,False
732,168.5115,909.23,0.0,False
733,168.5174,978.26,0.0,False
734,168.5244,955.4,0.0,False
735,168.5317,1068.3,90.0,True
736,168.5497,919.63,90.0,False
737,168.5923,926.28,0.0,False
738,168.6026,960.4,0.0,False
739,168.6088,838.02,0.0,False
740,168.6258,892.67,0.0,False
741,168.665,945.54,0.0,False
742,168.6724,1003.04,90.0,False
743,168.6749,863.09,0.0,False
744,168.7113,867.46,0.0,False
745,168.7175,840.52,0.0,False
746,168.7313,910.87,0.0,False
747,168.7373,866.8,0.0,False
748,168.742,1029.08,0.0,False
749,168.7425,926.18,90.0,False
750,168.7721,936.9,90.0,True
751,168.7774,933.3,90.0,False
752,168.7802,913.72,0.0,False
753,168.8164,902.4,90.0,True
754,168.8204,755.9,90.0,False
755,168.8344,736.91,0.0,False
756,168.841,798.05,0.0,False
757,168.8693,1016.82,90.0,False
758,168.8724,885.96,90.0,False
759,168.8794,833.54,0.0,False
760,168.9136,1002.8,0.0,False
761,168.9355,878.59,0.0,False
762,168.9691,921.35,0.0,False
763,168.9858,900.95,0.0,False
764,168.9874,993.41,0.0,False
765,169.0212,877.6,0.0,False
766,169.0338,892.73,90.0,False
767,169.0888,944.26,0.0,False
768,169.096,932.44,0.0,False
769,169.1006,975.83,0.0,False
770,169.1163,932.45,0.0,False
771,169.1439,874.52,90.0,False
772,169.1631,947.16,0.0,False
773,169.1969,925.36,0.0,False
774,169.207,766.37,0.0,True
775,169.2076,821.18,0.0,False
776,169.2173,762.64,0.0,False
777,169.2237,771.19,0.0,False
778,169.2299,810.69,0.0,False
779,169.2309,827.27,0.0,False
780,169.273,814.91,0.0,False
781,169.2743,799.77,0.0,False
782,169.2786,931.07,19.0,False
783,169.2829,909.71,90.0,False
784,169.3054,1155.26,90.0,True
785,169.3056,905.42,0.0,False
786,169.3185,942.96,0.0,False
787,169.3205,961.49,0.0,False
788,169.327,901.5,0.0,True
789,169.3305,894.23,0.0,False
790,169.3831,885.9,0.0,False
791,169.3883,855.62,0.0,False
792,169.471,1058.89,95.0,False
793,169.4807,1071.65,0.0,False
794,169.5144,945.89,90.0,False
795,169.5592,990.91,0.0,False
796,169.5991,972.96,0.0,True
797,169.653,852.43,0.0,False
798,169.6576,1005.94,0.0,False
799,169.6659,845.9,0.0,False
800,169.6718,965.99,0.0,False
801,169.679,938.93,0.0,False
802,169.6846,824.71,12.6667,False
803,169.7026,977.95,0.0,True
804,169.7046,869.87,0.0,False
805,169.7501,870.88,0.0,False
806,169.7666,993.04,0.0,False
807,169.7758,936.22,0.0,False
808,169.7927,824.94,0.0,False
809,169.796,1035.47,90.0,False
810,169.7985,942.1,90.0,False
811,169.8008,846.6,0.0,False
812,169.8025,941.8,0.0,True
813,169.8143,855.14,0.0,False
814,169.8198,1014.44,0.0,False
815,169.8621,947.39,0.0,False
816,169.8835,943.16,0.0,False
817,169.8854,787.35,90.0,False
818,169.8964,922.9,0.0,False
819,169.9054,890.89,0.0,True
820,169.9101,934.09,0.0,False
821,169.9187,947.19,0.0,True
822,169.9724,969.46,0.0,True
823,169.9749,869.07,90.0,False
824,170.0025,918.31,0.0,False
825,170.0182,816.09,0.0,False
826,170.0332,886.84,90.0,True
827,170.042,955.96,90.0,False
828,170.0676,1098.85,90.0,False
829,170.0703,840.37,0.0,False
830,170.0763,889.93,0.0,False
831,170.1193,887.64,0.0,False
832,170.1371,947.82,90.0,True
833,170.1372,761.26,0.0,False
834,170.1452,868.4,0.0,False
835,170.152,900.78,12.6667,False
836,170.1553,1082.79,90.0,False
837,170.1564,924.94,90.0,False
838,170.1576,917.73,0.0,True
839,170.1653,883.02,0.0,False
840,170.167,914.79,0.0,False
841,170.1798,861.01,0.0,False
842,170.1815,869.56,0.0,False
843,170.1883,941.26,0.0,False
844,170.212,1021.38,0.0,False
845,170.226,873.48,0.0,False
846,170.2317,891.77,0.0,False
847,170.2412,896.24,90.0,False
848,170.2571,815.34,0.0,False
849,170.2762,991.47,90.0,False
850,170.2948,840.52,0.0,True
851,170.2966,943.67,0.0,True
852,170.3045,1006.87,90.0,True
853,170.3176,1064.96,0.0,False
854,170.3448,826.12,0.0,False
855,170.3634,869.78,90.0,False
856,170.3723,807.71,0.0,True
857,170.3805,854.37,0.0,False
858,170.4083,1098.95,0.0,False
859,170.439,892.26,90.0,True
860,170.4607,927.69,90.0,False
861,170.464,883.11,0.0,False
862,170.4764,812.05,0.0,True
863,170.4956,855.95,0.0,False
864,170.5095,894.91,0.0,True
865,170.5122,1060.57,0.0,False
866,170.5169,898.6,0.0,False
867,170.5305,975.7,0.0,False
868,170.5328,877.31,0.0,False
869,170.5382,968.71,0.0,True
870,170.627,966.76,90.0,False
871,170.6594,871.0,0.0,False
872,170.6892,966.07,0.0,False
873,170.6972,919.1,0.0,False
874,170.6983,880.17,0.0,False
875,170.7018,802.3,0.0,False
876,170.7094,900.85,0.0,False
877,170.7094,898.98,0.0,True
878,170.7123,888.97,0.0,False
879,170.7178,872.61,0.0,True
880,170.7193,820.67,0.0,False
881,170.7197,946.06,0.0,True
882,170.7278,835.06,0.0,False
883,170.7527,989.96,90.0,False
884,170.7589,808.62,0.0,False
885,170.7911,923.18,0.0,False
886,170.7937,925.51,0.0,False
887,170.8088,903.4,0.0,False
888,170.8208,974.72,85.0,False
889,170.8274,873.09,0.0,False
890,170.8312,948.94,0.0,False
891,170.8438,762.45,90.0,False
892,170.8768,931.27,0.0,False
893,170.8848,862.68,0.0,False
894,170.8918,833.74,0.0,False
895,170.9035,827.99,0.0,True
896,170.9182,942.65,90.0,False
897,170.9309,884.13,90.0,False
898,170.9546,824.54,0.0,False
899,170.9553,877.44,0.0,True
900,170.9613,848.56,0.0,False
901,170.9632,821.11,0.0,False
902,170.9707,952.93,90.0,False
903,170.9771,903.4,90.0,False
904,170.9994,893.43,0.0,False
905,171.0435,1004.45,0.0,False
906,171.0512,811.59,90.0,True
907,171.0596,809.51,0.0,False
908,171.0731,859.5,90.0,False
909,171.0783,1070.0,0.0,False
910,171.0891,764.82,0.0,False
911,171.0988,920.39,90.0,False
912,171.1019,892.0,0.0,False
913,171.1165,855.27,90.0,False
914,171.1437,781.95,90.0,False
915,171.2068,868.13,0.0,False
916,171.2333,921.72,0.0,False
917,171.2395,991.19,0.0,True
918,171.2443,772.71,12.6667,False
919,171.2554,778.4,90.0,True
920,171.2595,872.05,0.0,False
921,171.2974,882.56,90.0,False
922,171.2998,964.9,0.0,True
923,171.3026,863.21,0.0,False
924,171.3147,956.96,0.0,False
925,171.317,980.61,90.0,False
926,171.318,855.12,0.0,False
927,171.3228,1011.15,90.0,False
928,171.3385,824.55,0.0,False
929,171.3428,901.03,90.0,False
930,171.3658,936.8,0.0,False
931,171.3957,881.41,0.0,False
932,171.437,792.21,0.0,True
933,171.4496,957.51,0.0,False
934,171.4856,868.84,0.0,False
935,171.5097,938.77,0.0,False
936,171.513,945.2,90.0,True
937,171.5186,849.04,0.0,False
938,171.5345,895.21,0.0,False
939,171.5418,873.43,0.0,True
940,171.5446,836.21,0.0,False
941,171.5702,799.8,0.0,False
942,171.5748,966.83,90.0,True
943,171.5845,819.75,0.0,False
944,171.6081,902.66,0.0,False
945,171.626,866.56,0.0,False
946,171.6401,936.71,90.0,False
947,171.6505,815.52,0.0,False
948,171.6563,846.05,0.0,True
949,171.6589,844.16,0.0,False
950,171.6826,1000.55,0.0,False
951,171.6862,902.66,0.0,False
952,171.6927,843.68,0.0,False
953,171.7234,1006.19,0.0,False
954,171.7303,896.86,0.0,True
955,171.7387,877.12,0.0,True
956,171.7407,856.0,0.0,False
957,171.7584,924.78,0.0,False
958,171.7733,961.68,0.0,False
959,171.7753,843.01,90.0,False
960,171.7803,925.6,90.0,False
961,171.7929,881.17,0.0,False
962,171.7957,838.87,0.0,False
963,171.812,837.08,0.0,False
964,171.8229,923.25,0.0,False
965,171.8286,904.82,90.0,False
966,171.8416,969.62,0.0,False
967,171.8753,1055.94,0.0,True
968,171.9001,1041.24,0.0,False
969,171.9063,807.31,0.0,False
970,171.9241,930.53,0.0,True
971,171.9449,934.73,0.0,False
972,171.9537,841.96,0.0,False
973,171.9628,877.99,0.0,True
974,171.9857,942.79,0.0,False
975,171.9987,943.25,90.0,False
976,172.0099,953.07,0.0,False
977,172.0451,770.16,0.0,False
978,172.0539,953.04,90.0,False
979,172.0723,769.44,38.0,False
980,172.0771,773.71,90.0,False
981,172.1051,905.88,0.0,False
982,172.1076,868.4,0.0,False
983,172.1222,977.79,0.0,False
984,172.1298,944.51,0.0,False
985,172.1337,785.54,0.0,False
986,172.1678,849.66,0.0,True
987,172.1881,773.89,0.0,False
988,172.1893,914.25,90.0,False
989,172.1937,924.24,0.0,False
990,172.1998,711.79,90.0,False
991,172.2052,874.19,0.0,False
992,172.2099,969.28,0.0,False
993,172.2138,838.59,0.0,False
994,172.215,1000.99,0.0,True
995,172.2243,710.45,0.0,False
996,172.2345,938.39,0.0,False
997,172.2738,1078.91,0.0,False
998,172.2751,954.75,0.0,False
999,172.2899,864.16,0.0,False
1000,172.291,734.51,0.0,False
1001,172.2983,837.7,0.0,False
1002,172.3063,887.21,0.0,True
1003,172.3064,1034.71,0.0,False
1004,172.3314,1051.61,0.0,False
1005,172.3523,826.16,0.0,False
1006,172.3523,918.38,0.0,False
1007,172.3625,861.14,0.0,False
1008,172.3637,979.1,90.0,False
1009,172.3672,892.16,0.0,False
1010,172.388,816.56,0.0,True
1011,172.4006,934.43,0.0,False
1012,172.4077,980.74,0.0,False
1013,172.4235,837.62,0.0,False
1014,172.4242,902.16,0.0,True
1015,172.428,730.16,0.0,False
1016,172.4401,721.37,0.0,False
1017,172.4706,1032.03,0.0,False
1018,172.4774,927.63,0.0,False
1019,172.4856,818.64,0.0,False
1020,172.4895,968.37,0.0,False
1021,172.496,1052.32,90.0,False
1022,172.5023,896.14,0.0,True
1023,172.5062,903.58,0.0,False
1024,172.508,1002.72,0.0,False
1025,172.6428,822.58,0.0,False
1026,172.6526,934.39,0.0,False
1027,172.6573,840.97,90.0,True
1028,172.6714,1035.51,0.0,True
1029,172.6878,871.2,0.0,False
1030,172.7128,930.15,0.0,False
1031,172.7406,855.82,90.0,False
1032,172.7425,919.08,90.0,False
1033,172.7953,1068.84,12.6667,True
1034,172.814,1009.43,0.0,True
1035,172.816,807.86,0.0,False
1036,172.8484,991.77,90.0,True
1037,172.8587,988.68,0.0,False
1038,172.8667,1032.63,0.0,False
1039,172.8704,969.01,0.0,False
1040,172.8747,994.54,0.0,False
1041,172.8948,960.36,90.0,True
1042,172.897,905.55,0.0,True
1043,172.8998,995.11,0.0,False
1044,172.9314,874.55,0.0,False
1045,172.9891,925.52,90.0,False
1046,172.9928,1009.81,0.0,False
1047,172.9958,885.65,90.0,True
1048,173.0168,897.0,0.0,False
1049,173.0184,923.62,0.0,False
1050,173.0215,821.65,0.0,False
1051,173.0235,963.68,0.0,False
1052,173.0283,841.92,0.0,False
1053,173.0547,976.95,0.0,False
1054,173.0855,874.64,0.0,True
1055,173.0931,903.06,0.0,False
1056,173.1151,865.89,0.0,True
1057,173.1513,827.81,0.0,False
1058,173.1685,759.88,0.0,False
1059,173.1777,999.93,0.0,False
1060,173.2327,1025.8,90.0,True
1061,173.2349,989.69,0.0,False
1062,173.2473,849.14,0.0,False
1063,173.2703,914.17,0.0,False
1064,173.2743,817.54,0.0,False
1065,173.2855,911.79,0.0,False
1066,173.3079,1056.9,0.0,False
1067,173.314,933.1,0.0,False
1068,173.3169,927.72,0.0,False
1069,173.3182,905.91,0.0,False
1070,173.3292,1041.47,90.0,False
1071,173.3383,782.6,0.0,False
1072,173.3503,982.6,90.0,False
1073,173.3563,898.9,0.0,False
1074,173.3908,899.82,0.0,False
1075,173.3921,879.16,90.0,False
1076,173.3972,880.59,0.0,False
1077,173.4086,835.92,90.0,False
1078,173.4555,873.68,90.0,False
1079,173.4782,879.22,0.0,False
1080,173.4898,882.68,0.0,False
1081,173.5071,797.66,90.0,False
1082,173.5184,871.92,0.0,False
1083,173.5225,1018.9,0.0,False
1084,173.5247,850.75,90.0,False
1085,173.5449,964.92,0.0,False
1086,173.5494,901.17,90.0,False
1087,173.5664,917.7,0.0,False
1088,173.5667,823.55,0.0,False
1089,173.571,940.43,0.0,False
1090,173.5732,848.19,90.0,False
1091,173.5762,996.11,0.0,False
1092,173.5935,831.26,0.0,False
1093,173.6054,866.93,0.0,False
1094,173.615,920.31,0.0,False
1095,173.6311,952.72,90.0,False
1096,173.6535,869.09,0.0,False
1097,173.6543,861.23,90.0,False
1098,173.6636,935.99,90.0,False
1099,173.6668,858.81,90.0,False
1100,173.6726,883.48,90.0,False
1101,173.6733,983.71,0.0,False
1102,173.691,1040.96,0.0,False
1103,173.6992,821.55,0.0,True
1104,173.7083,943.14,0.0,True
1105,173.7088,935.07,90.0,False
1106,173.7132,886.56,0.0,False
1107,173.7307,830.27,0.0,False
1108,173.7311,868.69,0.0,False
1109,173.7423,958.25,90.0,False
1110,173.7486,1019.41,0.0,False
1111,173.7544,901.19,0.0,False
1112,173.7887,1007.03,0.0,False
1113,173.8364,953.53,0.0,False
1114,173.84,1009.26,90.0,False
1115,173.8416,858.3,90.0,False
1116,173.8444,938.18,0.0,False
1117,173.8659,928.61,0.0,True
1118,173.867,936.24,0.0,False
1119,173.8702,954.86,0.0,False
1120,173.8954,1006.38,90.0,False
1121,173.9086,979.04,0.0,False
1122,173.9238,1031.84,12.6667,False
1123,173.9882,979.51,0.0,True
1124,174.0032,814.52,90.0,False
1125,174.005,943.81,0.0,False
1126,174.0116,865.86,0.0,False
1127,174.0279,828.08,90.0,False
1128,174.0303,940.69,0.0,False
1129,174.044,904.29,90.0,False
1130,174.0559,922.82,90.0,False
1131,174.0698,832.28,0.0,False
1132,174.1116,962.6,0.0,False
1133,174.1228,924.62,0.0,False
1134,174.1263,831.63,0.0,False
1135,174.1266,863.5,0.0,False
1136,174.1466,964.37,90.0,False
1137,174.1623,958.4,0.0,False
1138,174.1661,1004.2,12.6667,False
1139,174.1726,883.71,0.0,True
1140,174.1777,1036.79,0.0,True
1141,174.2033,1020.42,0.0,False
1142,174.2096,865.03,90.0,False
1143,174.2253,965.81,0.0,False
1144,174.2345,1066.98,0.0,False
1145,174.2433,918.56,90.0,False
1146,174.2458,796.8,0.0,False
1147,174.2465,847.52,85.0,False
1148,174.2636,870.56,0.0,False
1149,174.2842,961.49,0.0,False
1150,174.2987,851.48,0.0,False
1151,174.3066,849.99,90.0,True
1152,174.3114,1004.94,0.0,False
1153,174.3394,1262.42,0.0,False
1154,174.3533,919.28,0.0,False
1155,174.3545,737.25,0.0,False
1156,174.3661,943.82,0.0,True
1157,174.3825,922.45,0.0,False
1158,174.3877,1138.4,0.0,False
1159,174.394,935.44,0.0,True
1160,174.4094,928.19,0.0,False
1161,174.4548,864.82,0.0,False
1162,174.4704,952.18,90.0,False
1163,174.4829,898.46,0.0,False
1164,174.5056,935.31,0.0,False
1165,174.5151,988.32,0.0,False
1166,174.537,941.49,0.0,False
1167,174.5726,940.96,90.0,False
1168,174.5752,863.14,0.0,False
1169,174.6046,1070.76,12.6667,False
1170,174.6121,999.16,90.0,False
1171,174.6203,917.94,0.0,True
1172,174.6269,951.39,90.0,False
1173,174.636,1003.99,90.0,False
1174,174.6494,861.73,0.0,False
1175,174.6544,1015.49,0.0,False
1176,174.6546,943.48,0.0,False
1177,174.6563,961.74,0.0,False
1178,174.6679,809.98,0.0,False
1179,174.6864,913.83,0.0,False
1180,174.6982,894.43,0.0,True
1181,174.7039,976.33,0.0,True
1182,174.7102,883.43,0.0,True
1183,174.729,877.0,90.0,True
1184,174.7369,1043.53,0.0,False
1185,174.7426,1073.36,0.0,False
1186,174.7453,882.81,0.0,False
1187,174.7551,951.29,0.0,False
1188,174.7662,1015.08,0.0,False
1189,174.7674,829.96,0.0,False
1190,174.7727,901.11,90.0,False
1191,174.7756,862.43,0.0,False
1192,174.7863,799.62,0.0,False
1193,174.7921,1036.35,0.0,False
1194,174.7976,944.79,90.0,False
1195,174.806,843.19,85.0,False
1196,174.8065,911.86,0.0,True
1197,174.8082,833.37,0.0,False
1198,174.8093,870.02,0.0,False
1199,174.8323,908.56,90.0,True
1200,174.8476,867.33,0.0,True
1201,174.8482,863.42,90.0,True
1202,174.8641,877.47,0.0,False
1203,174.8802,946.47,0.0,False
1204,174.8882,908.25,0.0,True
1205,174.8894,881.51,0.0,False
1206,174.9083,861.42,0.0,False
1207,174.9206,922.39,0.0,True
1208,174.9291,828.43,0.0,False
1209,174.9393,1031.44,0.0,False
1210,174.9636,814.94,0.0,False
1211,174.9646,996.54,0.0,False
1212,174.987,985.89,0.0,False
1213,175.006,946.87,0.0,True
1214,175.0178,870.85,0.0,True
1215,175.018,797.64,0.0,True
1216,175.0312,1089.09,0.0,True
1217,175.033,781.42,0.0,False
1218,175.0438,930.81,90.0,False
1219,175.059,1000.53,0.0,True
1220,175.0784,856.88,0.0,False
1221,175.109,784.19,0.0,False
1222,175.1095,974.62,0.0,False
1223,175.1554,1023.01,0.0,True
1224,175.1686,827.9,0.0,False
1225,175.2093,868.87,0.0,False
1226,175.2438,928.83,0.0,False
1227,175.2482,1064.06,90.0,False
1228,175.2543,883.27,0.0,False
1229,175.2591,1002.14,50.6667,False
1230,175.2708,826.15,0.0,False
1231,175.2783,1016.42,90.0,False
1232,175.3006,957.19,0.0,False
1233,175.3329,866.32,90.0,False
1234,175.3453,968.02,0.0,True
1235,175.3487,977.39,0.0,False
1236,175.3516,863.17,90.0,True
1237,175.3532,836.46,0.0,True
1238,175.3804,827.05,0.0,False
1239,175.3977,919.03,0.0,False
1240,175.4301,951.21,0.0,False
1241,175.4517,871.63,0.0,False
1242,175.4584,962.61,19.0,False
1243,175.485,916.37,0.0,False
1244,175.4904,815.8,38.0,False
1245,175.4945,930.4,0.0,True
1246,175.5139,792.15,0.0,False
1247,175.5231,776.47,0.0,True
1248,175.5819,951.8,90.0,False
1249,175.6139,734.67,0.0,False
1250,175.6569,988.34,0.0,False
1251,175.6654,899.47,0.0,False
1252,175.6657,933.83,0.0,True
1253,175.6937,992.55,90.0,False
1254,175.7804,902.14,0.0,False
1255,175.7827,925.89,0.0,False
1256,175.7979,876.53,0.0,False
1257,175.8462,1037.81,0.0,False
1258,175.8463,947.39,0.0,False
1259,175.8576,846.69,0.0,True
1260,175.861,795.77,90.0,False
1261,175.8771,886.64,90.0,False
1262,175.8844,1029.8,0.0,False
1263,175.911,850.5,0.0,True
1264,175.9117,934.24,0.0,False
1265,175.9227,973.76,0.0,True
1266,175.9236,942.75,0.0,False
1267,175.9738,996.37,0.0,False
1268,176.0032,852.74,0.0,False
1269,176.005,985.94,0.0,False
1270,176.0139,870.26,0.0,False
1271,176.0446,855.62,90.0,True
1272,176.0462,1011.09,0.0,True
1273,176.0928,939.89,0.0,True
1274,176.098,935.52,0.0,True
1275,176.1081,891.11,0.0,True
1276,176.1127,880.36,90.0,True
1277,176.1317,776.46,0.0,False
1278,176.153,886.89,0.0,False
1279,176.1569,967.28,0.0,False
1280,176.1831,937.92,0.0,False
1281,176.2156,858.15,0.0,False
1282,176.2176,1049.61,90.0,False
1283,176.226,1057.86,0.0,False
1284,176.2463,916.8,0.0,False
1285,176.2659,839.68,0.0,True
1286,176.2834,905.31,90.0,False
1287,176.2986,932.78,0.0,True
1288,176.3027,916.65,0.0,False
1289,176.3092,1027.66,0.0,False
1290,176.3183,1044.56,0.0,False
1291,176.3314,1007.77,0.0,False
1292,176.3349,890.48,0.0,False
1293,176.482,931.5,90.0,False
1294,176.4883,885.55,0.0,False
1295,176.5111,892.83,0.0,False
1296,176.5574,964.18,0.0,False
1297,176.5722,885.72,0.0,False
1298,176.5788,834.18,19.0,False
1299,176.6069,946.49,0.0,False
1300,176.6128,911.43,90.0,False
1301,176.6277,782.58,90.0,False
1302,176.6353,897.72,90.0,False
1303,176.6692,1028.44,0.0,False
1304,176.6766,932.2,0.0,False
1305,176.7052,1025.79,0.0,False
1306,176.7406,962.02,0.0,False
1307,176.7554,936.44,90.0,False
1308,176.7658,927.76,0.0,True
1309,176.773,915.78,0.0,False
1310,176.7749,879.94,90.0,True
1311,176.7888,893.32,95.0,False
1312,176.7982,843.59,0.0,False
1313,176.8341,868.63,0.0,False
1314,176.8525,813.3,0.0,False
1315,176.856,955.8,90.0,False
1316,176.8604,908.33,0.0,False
1317,176.8638,926.84,0.0,True
1318,176.8875,1099.8,0.0,False
1319,176.9045,1121.2,25.3333,False
1320,176.939,999.02,0.0,False
1321,176.9503,881.16,0.0,False
1322,176.958,877.36,0.0,False
1323,177.037,987.44,0.0,False
1324,177.0639,962.8,0.0,False
1325,177.1275,1050.86,0.0,False
1326,177.128,872.18,0.0,False
1327,177.1456,960.66,0.0,True
1328,177.1601,827.44,0.0,False
1329,177.2397,873.97,12.6667,False
1330,177.2515,1047.06,0.0,False
1331,177.2543,824.47,90.0,False
1332,177.2874,967.88,90.0,False
1333,177.3396,915.29,0.0,True
1334,177.3893,1015.55,0.0,True
1335,177.3908,831.71,0.0,False
1336,177.4097,848.03,0.0,False
1337,177.4664,848.99,0.0,True
1338,177.4826,921.92,0.0,False
1339,177.4943,919.72,0.0,False
1340,177.5362,896.53,0.0,False
1341,177.5519,1004.48,0.0,False
1342,177.5848,1043.01,0.0,False
1343,177.629,817.55,0.0,False
1344,177.6319,1008.62,90.0,False
1345,177.6443,886.6,0.0,False
1346,177.6564,1078.35,0.0,False
1347,177.6773,816.51,90.0,False
1348,177.6878,1006.03,0.0,False
1349,177.7052,796.38,0.0,False
1350,177.7412,955.47,38.0,False
1351,177.7446,913.78,0.0,False
1352,177.7731,919.43,0.0,False
1353,177.8298,861.7,90.0,True
1354,177.8322,847.06,0.0,False
1355,177.8442,1052.83,0.0,False
1356,177.8537,939.3,90.0,False
1357,177.9287,924.93,0.0,False
1358,177.9934,958.39,90.0,False
1359,178.0014,977.55,0.0,False
1360,178.0443,830.59,0.0,True
1361,178.0779,920.29,0.0,False
1362,178.0794,797.75,0.0,False
1363,178.1037,737.22,0.0,False
1364,178.156,890.32,0.0,False
1365,178.168,854.12,0.0,False
1366,178.2008,1028.03,0.0,False
1367,178.2051,834.47,90.0,False
1368,178.2185,798.57,0.0,True
1369,178.2337,789.68,90.0,False
1370,178.2517,1069.92,0.0,False
1371,178.262,969.9,0.0,False
1372,178.2707,1027.13,0.0,True
1373,178.2715,1078.62,90.0,False
1374,178.2832,836.46,0.0,True
1375,178.2973,951.67,0.0,False
1376,178.2986,799.95,90.0,False
1377,178.3243,977.51,90.0,False
1378,178.3805,1094.01,0.0,False
1379,178.3853,1047.66,0.0,False
1380,178.394,948.08,0.0,True
1381,178.4046,894.15,0.0,False
1382,178.4324,925.23,0.0,False
1383,178.4372,864.48,0.0,True
1384,178.4413,936.71,90.0,True
1385,178.4822,933.04,0.0,False
1386,178.5166,899.43,0.0,False
1387,178.5294,822.84,0.0,False
1388,178.5648,924.83,0.0,False
1389,178.5746,848.25,0.0,True
1390,178.5956,847.6,0.0,False
1391,178.6363,888.77,90.0,False
1392,178.658,1001.92,90.0,False
1393,178.6669,4.09,0.0,False
1394,178.6669,978.96,90.0,False
1395,178.6697,889.54,0.0,True
1396,178.67,911.73,50.6667,True
1397,178.7469,933.72,0.0,False
1398,178.8226,905.82,0.0,False
1399,178.8523,886.96,0.0,False
1400,178.8876,914.2,90.0,False
1401,178.9009,900.76,0.0,False
1402,178.91,877.14,90.0,True
1403,178.9136,912.22,0.0,False
1404,178.9613,1032.82,90.0,False
1405,178.9836,897.15,0.0,False
1406,179.027,1024.53,0.0,False
1407,179.0979,851.29,0.0,True
1408,179.1259,778.95,0.0,False
1409,179.1637,878.09,0.0,True
1410,179.1723,989.68,0.0,False
1411,179.1816,943.87,0.0,False
1412,179.2345,997.87,0.0,True
1413,179.3236,841.1,0.0,False
1414,179.4073,992.6,85.0,False
1415,179.4759,914.28,0.0,False
1416,179.4762,823.13,90.0,False
1417,179.5493,1061.38,0.0,False
1418,179.5781,1012.54,0.0,True
1419,179.5982,1008.39,0.0,False
1420,179.6204,910.1,0.0,True
1421,179.6554,1003.63,90.0,False
1422,179.6828,852.5,0.0,False
1423,179.6945,942.0,90.0,False
1424,179.7227,958.87,90.0,False
1425,179.7837,980.41,0.0,False
1426,179.8054,890.96,90.0,False
1427,179.8159,775.6,0.0,False
1428,179.8486,901.34,0.0,False
1429,179.9613,831.1,0.0,False
1430,180.0023,945.74,0.0,False
1431,180.0499,868.72,0.0,False
1432,180.0739,854.27,0.0,False
1433,180.1233,1020.09,0.0,False
1434,180.129,904.18,0.0,False
1435,180.1325,797.86,90.0,False
1436,180.1507,754.2,0.0,False
1437,180.2988,974.98,0.0,False
1438,180.3106,974.13,0.0,False
1439,180.3139,903.64,0.0,True
1440,180.3266,923.98,0.0,False
1441,180.4094,903.98,0.0,True
1442,180.4373,993.59,0.0,False
1443,180.4929,964.21,38.0,False
1444,180.536,844.96,0.0,False
1445,180.5765,761.62,0.0,False
1446,180.6269,962.82,0.0,False
1447,180.6431,2.62,0.0,False
1448,180.6588,845.31,0.0,False
1449,180.6663,867.37,90.0,False
1450,180.7036,972.56,0.0,False
1451,180.7631,760.3,0.0,False
1452,180.8112,837.83,0.0,False
1453,180.8296,952.99,0.0,False
1454,180.8696,878.87,0.0,False
1455,180.9052,809.59,0.0,False
1456,180.9078,1072.96,0.0,False
1457,180.9232,5.49,0.0,False
1458,180.9347,1010.93,0.0,False
1459,181.0316,942.2,90.0,True
1460,181.1,928.14,0.0,True
1461,181.151,759.79,0.0,False
1462,181.2021,878.63,0.0,True
1463,181.2564,969.35,90.0,False
1464,181.2702,881.29,0.0,False
1465,181.3457,930.43,0.0,True
1466,181.3884,945.22,90.0,False
1467,181.4608,5.35,0.0,True
1468,181.5294,915.42,0.0,False
1469,181.5746,825.4,38.0,False
1470,181.5768,811.09,0.0,False
1471,181.6068,887.28,0.0,False
1472,181.641,869.2,90.0,True
1473,181.6831,925.89,90.0,False
1474,181.7526,1020.25,0.0,False
1475,181.7811,777.24,90.0,False
1476,181.8377,897.9,0.0,True
1477,181.8419,927.46,0.0,False
1478,181.8816,881.9,0.0,False
1479,181.9284,947.64,0.0,False
1480,181.9966,864.26,0.0,True
1481,181.9976,890.44,0.0,False
1482,182.0178,947.61,0.0,False
1483,182.077,3.64,0.0,False
1484,182.2778,902.53,0.0,False
1485,182.2917,856.8,0.0,False
1486,182.3065,930.85,0.0,False
1487,182.3767,843.89,0.0,False
1488,182.4065,4.17,0.0,False
1489,182.462,1045.37,0.0,False
1490,182.5081,1011.15,0.0,False
1491,182.6441,984.28,0.0,False
1492,182.7232,5.28,63.3333,False
1493,182.8335,855.85,0.0,False
1494,182.9282,3.42,0.0,False
1495,183.0306,3.7,0.0,False
1496,183.0346,5.02,0.0,True
1497,183.0567,905.61,0.0,True
1498,183.0817,11.35,0.0,False
1499,183.0861,904.56,90.0,False
1500,183.2181,3.14,12.6667,False
1501,183.3194,4.48,0.0,True
1502,183.3338,924.61,0.0,False
1503,183.3384,814.97,0.0,False
1504,183.3469,5.1,0.0,False
1505,183.3817,803.16,0.0,False
1506,183.4679,4.21,0.0,False
1507,183.4851,847.07,0.0,False
1508,183.5622,833.41,90.0,False
1509,183.6421,7.46,0.0,False
1510,183.6549,3.45,0.0,False
1511,183.8813,3.59,0.0,False
1512,183.9763,5.8,0.0,False
1513,183.9931,1072.98,0.0,False
1514,184.0332,3.3,90.0,False
1515,184.0488,7.77,0.0,False
1516,184.2144,3.58,0.0,False
1517,184.2498,4.44,90.0,False
1518,184.2894,11.91,0.0,False
1519,184.3732,3.83,0.0,False
1520,184.4018,6.41,0.0,False
1521,184.426,5.28,0.0,False
1522,184.4627,848.46,0.0,False
1523,184.5251,5.37,90.0,False
1524,184.5789,5.87,0.0,True
1525,184.5979,3.38,90.0,False
1526,184.6017,6.09,90.0,True
1527,184.6453,3.68,0.0,False
1528,184.8042,4.53,0.0,False
1529,184.8643,2.6,0.0,True
1530,184.9178,3.82,0.0,True
1531,184.933,4.68,90.0,False
1532,184.9342,5.51,0.0,False
1533,184.9767,4.64,0.0,False
1534,185.0659,6.69,0.0,False
1535,185.0661,3.9,0.0,True
1536,185.1206,2.35,0.0,True
1537,185.1766,4.84,0.0,False
1538,185.221,4.07,90.0,True
1539,185.2417,6.81,0.0,False
1540,185.2704,3.94,0.0,False
1541,185.2954,3.62,0.0,False
1542,185.3159,881.86,0.0,False
1543,185.3241,3.5,0.0,False
1544,185.3444,5.18,0.0,False
1545,185.3564,3.84,0.0,False
1546,185.4136,5.24,0.0,False
1547,185.4234,9.25,0.0,False
1548,185.4322,3.57,90.0,False
1549,185.6119,4.99,0.0,True
1550,185.6399,4.99,0.0,False
1551,185.6407,6.69,0.0,False
1552,185.698,7.17,90.0,False
1553,185.7321,7.96,90.0,False
1554,185.7506,9.69,0.0,False
1555,185.8562,10.67,0.0,False
1556,185.9037,5.64,90.0,False
1557,185.9112,8.28,0.0,False
1558,185.9151,4.08,90.0,True
1559,185.9399,2.88,90.0,False
1560,185.9431,2.76,90.0,False
1561,185.9652,2.91,0.0,False
1562,186.0015,2.9,0.0,False
1563,186.0257,4.52,0.0,True
1564,186.0372,3.4,0.0,False
1565,186.0761,3.74,0.0,True
1566,186.0849,4.71,0.0,False
1567,186.091,7.16,0.0,False
1568,186.1088,2.7,90.0,True
1569,186.138,5.49,0.0,False
1570,186.1404,836.07,0.0,False
1571,186.1909,4.17,0.0,False
1572,186.2551,4.1,90.0,True
1573,186.2842,5.8,0.0,True
1574,186.3324,2.51,90.0,False
1575,186.3477,3.4,0.0,False
1576,186.3508,4.1,0.0,False
1577,186.4166,5.0,0.0,False
1578,186.4172,4.11,0.0,True
1579,186.5072,2.09,0.0,False
1580,186.521,7.37,0.0,False
1581,186.5459,6.57,85.0,False
1582,186.5578,3.5,90.0,True
1583,186.5771,4.8,90.0,False
1584,186.5883,6.33,0.0,False
1585,186.5938,5.46,0.0,False
1586,186.6681,4.64,0.0,False
1587,186.6753,4.81,90.0,False
1588,186.7147,3.83,0.0,False
1589,186.7593,5.8,0.0,False
1590,186.7739,4.59,0.0,True
1591,186.7814,5.94,0.0,False
1592,186.7941,3.96,0.0,False
1593,186.8376,2.41,90.0,False
1594,186.841,6.18,90.0,False
1595,186.8551,8.83,0.0,True
1596,186.8704,5.72,0.0,False
1597,186.8804,4.18,0.0,False
1598,186.8847,9.79,0.0,False
1599,186.8952,5.35,90.0,False
1600,186.9306,6.31,90.0,False
1601,186.9647,4.49,90.0,True
1602,187.0215,2.3,0.0,False
1603,187.029,2.79,0.0,False
1604,187.0685,3.13,0.0,False
1605,187.0858,5.33,0.0,False
1606,187.0958,7.39,0.0,False
1607,187.1322,5.64,0.0,False
1608,187.1388,4.54,0.0,False
1609,187.1506,3.49,0.0,False
1610,187.172,10.7,0.0,True
1611,187.1763,4.9,0.0,False
1612,187.2044,5.41,90.0,False
1613,187.2249,6.12,0.0,True
1614,187.2548,2.7,0.0,False
1615,187.297,8.36,0.0,False
1616,187.3068,5.45,0.0,False
1617,187.31,2.64,90.0,False
1618,187.3218,5.66,0.0,False
1619,187.3257,4.49,0.0,True
1620,187.3484,8.99,90.0,False
1621,187.3594,4.73,0.0,False
1622,187.3851,6.26,0.0,False
1623,187.3869,6.37,0.0,False
1624,187.417,3.55,0.0,False
1625,187.4241,10.62,0.0,False
1626,187.4305,4.04,0.0,False
1627,187.4368,5.04,90.0,False
1628,187.4487,3.36,0.0,False
1629,187.4542,3.0,0.0,False
1630,187.4632,7.77,0.0,False
1631,187.4719,3.74,0.0,False
1632,187.4985,5.55,0.0,True
1633,187.4992,5.63,0.0,False
1634,187.5211,5.49,90.0,False
1635,187.5406,3.49,0.0,False
1636,187.5552,4.77,0.0,False
1637,187.5565,4.09,0.0,False
1638,187.5639,5.66,0.0,False
1639,187.5901,6.5,90.0,False
1640,187.6245,4.99,0.0,False
1641,187.6273,4.59,0.0,False
1642,187.628,5.54,0.0,False
1643,187.6479,3.59,0.0,False
1644,187.6627,4.95,90.0,False
1645,187.6777,5.04,90.0,True
1646,187.6878,4.0,0.0,False
1647,187.6973,5.3,0.0,False
1648,187.7163,7.65,0.0,True
1649,187.7821,4.33,90.0,False
1650,187.8203,4.37,0.0,False
1651,187.8254,5.0,0.0,True
1652,187.8368,6.9,90.0,False
1653,187.8402,3.1,0.0,False
1654,187.8457,4.47,0.0,False
1655,187.8645,4.66,90.0,False
1656,187.8849,5.02,0.0,False
1657,187.8933,5.56,0.0,False
1658,187.9181,4.22,0.0,False
1659,187.9649,3.65,0.0,False
1660,187.9753,4.34,0.0,False
1661,187.9761,5.25,0.0,False
1662,188.028,3.92,0.0,False
1663,188.0311,6.25,90.0,False
1664,188.0618,5.27,0.0,False
1665,188.0672,5.04,0.0,False
1666,188.068,4.46,0.0,False
1667,188.0715,9.02,90.0,False
1668,188.0863,4.4,0.0,False
1669,188.0916,6.09,90.0,False
1670,188.173,4.88,0.0,False
1671,188.2409,3.12,0.0,True
1672,188.2492,2.59,0.0,True
1673,188.2531,5.31,0.0,False
1674,188.2546,4.76,0.0,False
1675,188.2576,4.2,0.0,False
1676,188.2576,5.14,0.0,True
1677,188.283,4.85,0.0,False
1678,188.286,4.06,0.0,False
1679,188.294,5.23,0.0,False
1680,188.3392,6.91,90.0,False
1681,188.3393,5.99,0.0,False
1682,188.3397,3.53,38.0,False
1683,188.3432,5.85,0.0,False
1684,188.351,4.45,0.0,False
1685,188.3777,4.82,90.0,False
1686,188.3871,10.47,0.0,False
1687,188.3999,2.38,0.0,False
1688,188.4236,2.28,0.0,True
1689,188.4483,4.4,0.0,False
1690,188.4608,4.77,0.0,False
1691,188.5077,3.39,0.0,False
1692,188.5086,2.61,90.0,True
1693,188.5104,4.8,90.0,False
1694,188.5249,4.89,0.0,False
1695,188.5521,7.02,0.0,False
1696,188.5681,4.41,0.0,False
1697,188.5777,8.41,0.0,False
1698,188.582,7.39,0.0,False
1699,188.5932,6.5,0.0,False
1700,188.6058,11.99,90.0,False
1701,188.612,3.84,0.0,False
1702,188.6438,5.76,0.0,True
1703,188.6634,6.61,0.0,True
1704,188.6651,6.72,0.0,True
1705,188.6715,7.23,38.0,False
1706,188.6756,6.65,90.0,False
1707,188.694,2.83,90.0,False
1708,188.6995,2.16,0.0,True
1709,188.7094,3.72,0.0,True
1710,188.7203,5.87,0.0,True
1711,188.7235,6.11,90.0,False
1712,188.7303,3.62,0.0,True
1713,188.7613,3.9,0.0,False
1714,188.7659,4.9,90.0,False
1715,188.7997,6.89,0.0,False
1716,188.8126,5.38,0.0,False
1717,188.8206,6.13,0.0,False
1718,188.8361,10.58,0.0,False
1719,188.8632,3.22,0.0,False
1720,188.8838,6.34,90.0,True
1721,188.9052,8.25,0.0,False
1722,188.9065,4.05,0.0,False
1723,188.9259,4.19,0.0,False
1724,188.9383,3.94,0.0,True
1725,188.9521,3.9,0.0,False
1726,188.977,4.5,0.0,True
1727,189.0101,5.03,0.0,False
1728,189.0347,3.34,0.0,False
1729,189.0356,3.11,0.0,False
1730,189.0375,5.93,0.0,False
1731,189.1574,5.34,0.0,True
1732,189.1894,6.8,0.0,False
1733,189.2145,8.72,0.0,False
1734,189.2192,6.24,0.0,False
1735,189.244,4.36,90.0,False
1736,189.25,4.52,0.0,True
1737,189.2644,3.49,0.0,False
1738,189.2668,6.05,0.0,False
1739,189.289,4.97,90.0,False
1740,189.3072,3.96,0.0,False
1741,189.311,5.18,90.0,False
1742,189.3404,5.58,0.0,True
1743,189.3481,4.54,90.0,False
1744,189.3746,2.41,0.0,False
1745,189.3856,5.32,0.0,False
1746,189.435,4.01,0.0,False
1747,189.4435,7.26,90.0,False
1748,189.4538,5.51,0.0,False
1749,189.4555,8.58,0.0,False
1750,189.4574,6.58,0.0,False
1751,189.4728,7.43,0.0,False
1752,189.4911,3.39,0.0,False
1753,189.5079,9.57,0.0,False
1754,189.5166,9.28,0.0,False
1755,189.5295,3.14,0.0,False
1756,189.5297,3.29,90.0,True
1757,189.5414,4.96,0.0,False
1758,189.5427,3.79,0.0,True
1759,189.5661,3.33,90.0,True
1760,189.5738,5.97,90.0,True
1761,189.5819,4.02,0.0,False
1762,189.5952,4.59,0.0,False
1763,189.6223,4.45,90.0,False
1764,189.6313,3.3,90.0,True
1765,189.6361,6.55,0.0,False
1766,189.6381,4.15,0.0,False
1767,189.6433,5.54,0.0,True
1768,189.6587,3.8,90.0,True
1769,189.678,3.4,0.0,False
1770,189.6964,2.65,0.0,False
1771,189.6995,6.64,0.0,False
1772,189.7352,4.87,0.0,False
1773,189.7425,3.43,0.0,False
1774,189.7595,3.74,0.0,False
1775,189.848,4.01,0.0,True
1776,189.8529,4.32,90.0,False
1777,189.8599,5.06,0.0,False
1778,189.8684,4.95,0.0,False
1779,189.8825,8.25,0.0,False
1780,189.8997,4.64,0.0,False
1781,189.9095,2.8,0.0,False
1782,189.9167,5.82,0.0,False
1783,189.9611,6.08,0.0,False
1784,189.9692,4.67,90.0,True
1785,189.9769,4.77,85.0,False
1786,190.0137,3.19,0.0,False
1787,190.017,7.25,0.0,False
1788,190.0177,2.23,0.0,False
1789,190.0257,4.03,0.0,False
1790,190.0387,2.86,0.0,True
1791,190.045,5.6,0.0,False
1792,190.11,6.25,0.0,False
1793,190.1536,9.63,0.0,False
1794,190.1633,4.31,90.0,False
1795,190.1691,3.61,90.0,False
1796,190.1721,5.48,0.0,False
1797,190.1936,5.84,0.0,True
1798,190.206,8.43,0.0,False
1799,190.2174,4.3,0.0,False
1800,190.2317,4.04,19.0,False
1801,190.2319,6.94,0.0,False
1802,190.2364,8.52,0.0,False
1803,190.2511,5.93,0.0,False
1804,190.3035,3.58,90.0,False
1805,190.3075,2.9,0.0,False
1806,190.3146,1.81,0.0,True
1807,190.3148,8.03,0.0,False
1808,190.3373,2.85,90.0,False
1809,190.3459,8.96,0.0,True
1810,190.3576,5.39,90.0,False
1811,190.3645,5.66,0.0,True
1812,190.3663,3.6,0.0,True
1813,190.3845,3.36,90.0,True
1814,190.3891,7.85,0.0,False
1815,190.4046,8.88,90.0,True
1816,190.4521,8.36,90.0,False
1817,190.4526,5.51,0.0,False
1818,190.4707,3.75,0.0,True
1819,190.4792,8.35,90.0,True
1820,190.4807,3.4,0.0,False
1821,190.4841,4.3,0.0,False
1822,190.5004,5.5,0.0,True
1823,190.5098,6.13,0.0,False
1824,190.5225,4.83,0.0,False
1825,190.5615,6.22,90.0,False
1826,190.599,3.66,0.0,False
1827,190.6041,9.67,0.0,True
1828,190.6056,6.4,0.0,False
1829,190.6081,4.78,0.0,False
1830,190.6097,5.0,90.0,True
1831,190.6358,5.39,90.0,False
1832,190.6448,3.29,90.0,True
1833,190.6485,3.03,90.0,False
1834,190.6522,5.42,0.0,False
1835,190.6669,5.99,90.0,False
1836,190.6786,4.95,0.0,False
1837,190.6824,5.43,0.0,False
1838,190.6869,1.48,12.6667,False
1839,190.6933,6.59,0.0,False
1840,190.6997,5.78,90.0,False
1841,190.7025,4.99,90.0,False
1842,190.7087,6.24,90.0,False
1843,190.7144,6.01,0.0,False
1844,190.7308,7.15,90.0,False
1845,190.7479,3.83,0.0,False
1846,190.7495,4.08,0.0,False
1847,190.7666,3.24,0.0,False
1848,190.7856,4.83,0.0,False
1849,190.7859,1.86,90.0,False
1850,190.7881,6.66,0.0,False
1851,190.7941,2.91,0.0,False
1852,190.7953,4.97,0.0,False
1853,190.8199,6.28,0.0,False
1854,190.8307,6.42,90.0,False
1855,190.8456,4.43,0.0,False
1856,190.8535,3.91,0.0,False
1857,190.8595,3.87,0.0,False
1858,190.8702,3.0,0.0,False
1859,190.9026,5.58,0.0,False
1860,190.9081,7.1,90.0,True
1861,190.9795,3.66,0.0,False
1862,190.9916,3.55,0.0,True
1863,191.0556,5.07,90.0,True
1864,191.0622,4.41,90.0,False
1865,191.0673,6.93,0.0,False
1866,191.0937,2.45,0.0,False
1867,191.0991,8.53,90.0,False
1868,191.1038,3.95,90.0,False
1869,191.1104,2.45,0.0,False
1870,191.1141,894.12,0.0,False
1871,191.1482,2.89,0.0,False
1872,191.1526,4.42,0.0,False
1873,191.1562,3.46,0.0,False
1874,191.1722,6.42,0.0,True
1875,191.1918,8.32,0.0,False
1876,191.2103,3.45,0.0,False
1877,191.2107,4.89,90.0,False
1878,191.2193,6.42,0.0,False
1879,191.2463,7.99,0.0,True
1880,191.247,5.45,0.0,False
1881,191.2593,6.03,90.0,True
1882,191.2759,6.12,0.0,False
1883,191.2767,4.32,38.0,False
1884,191.2889,5.41,0.0,False
1885,191.3182,3.12,0.0,False
1886,191.3228,7.43,0.0,False
1887,191.3346,4.28,0.0,False
1888,191.3429,3.47,0.0,True
1889,191.3571,4.22,0.0,False
1890,191.3685,3.76,0.0,True
1891,191.3764,4.46,0.0,False
1892,191.377,5.04,0.0,False
1893,191.3812,5.54,12.6667,False
1894,191.4106,10.46,0.0,False
1895,191.4154,8.5,90.0,False
1896,191.425,8.49,0.0,True
1897,191.4369,9.51,90.0,False
1898,191.438,3.14,90.0,False
1899,191.4499,4.41,0.0,False
1900,191.4536,7.45,0.0,False
1901,191.4855,1.97,90.0,True
1902,191.4975,6.55,0.0,False
1903,191.5085,4.49,0.0,True
1904,191.5117,5.78,25.3333,False
1905,191.5187,9.39,0.0,True
1906,191.5282,4.46,90.0,False
1907,191.5491,6.2,0.0,False
1908,191.5622,6.95,0.0,True
1909,191.5634,4.93,19.0,True
1910,191.6051,5.32,90.0,False
1911,191.61,6.57,90.0,False
1912,191.6103,6.39,0.0,True
1913,191.6204,4.07,0.0,False
1914,191.627,8.54,0.0,False
1915,191.6361,4.66,0.0,False
1916,191.6399,4.66,0.0,True
1917,191.6448,6.45,0.0,True
1918,191.6591,7.03,0.0,False
1919,191.6624,7.55,90.0,True
1920,191.672,5.79,0.0,False
1921,191.6742,4.91,19.0,False
1922,191.679,8.67,90.0,False
1923,191.6809,4.84,0.0,True
1924,191.6912,8.58,0.0,False
1925,191.7296,4.99,0.0,False
1926,191.7299,7.99,90.0,False
1927,191.7324,4.48,0.0,False
1928,191.7455,7.1,0.0,False
1929,191.7464,3.8,90.0,False
1930,191.7644,3.15,0.0,False
1931,191.7809,4.75,0.0,False
1932,191.7974,4.1,0.0,True
1933,191.8032,11.17,90.0,False
1934,191.8278,6.16,90.0,False
1935,191.8323,13.17,0.0,False
1936,191.8655,5.91,0.0,False
1937,191.8918,2.9,0.0,False
1938,191.9003,5.87,0.0,True
1939,191.9037,3.83,85.0,False
1940,191.932,5.42,0.0,False
1941,191.9326,3.6,0.0,False
1942,191.9344,6.59,0.0,True
1943,192.035,9.2,0.0,False
1944,192.0447,5.85,0.0,True
1945,192.0492,8.31,0.0,True
1946,192.1111,6.46,0.0,False
1947,192.1451,9.67,0.0,False
1948,192.1515,3.51,0.0,False
1949,192.1528,3.17,0.0,True
1950,192.1537,7.85,0.0,False
1951,192.1723,5.3,0.0,False
1952,192.1797,6.69,0.0,False
1953,192.185,9.74,0.0,False
1954,192.2193,3.67,90.0,False
1955,192.2414,3.37,0.0,False
1956,192.252,6.83,0.0,False
1957,192.2633,2.93,0.0,False
1958,192.2668,4.98,0.0,True
1959,192.2968,8.63,0.0,False
1960,192.2987,6.66,0.0,False
1961,192.3011,9.51,0.0,False
1962,192.3032,4.13,0.0,True
1963,192.3033,5.26,0.0,False
1964,192.3189,4.09,0.0,True
1965,192.3283,3.3,0.0,True
1966,192.3415,8.42,0.0,False
1967,192.3534,9.96,0.0,False
1968,192.3569,2.68,0.0,True
1969,192.3599,9.13,0.0,True
1970,192.3899,7.33,0.0,False
1971,192.4061,4.07,0.0,True
1972,192.4196,3.92,90.0,True
1973,192.4394,9.94,0.0,False
1974,192.4693,6.32,0.0,False
1975,192.4772,3.27,90.0,True
1976,192.5049,3.54,0.0,True
1977,192.506,5.18,0.0,False
1978,192.5266,9.99,0.0,False
1979,192.5284,6.15,0.0,False
1980,192.564,5.34,0.0,False
1981,192.5693,2.87,90.0,False
1982,192.5786,8.42,0.0,False
1983,192.5941,5.08,90.0,False
1984,192.6493,6.03,90.0,True
1985,192.6541,2.37,90.0,False
1986,192.6631,4.75,38.0,False
1987,192.6946,3.94,0.0,True
1988,192.6992,6.58,90.0,False
1989,192.7049,6.92,0.0,False
1990,192.7146,6.55,0.0,False
1991,192.7169,8.11,0.0,False
1992,192.7192,3.09,0.0,False
1993,192.7307,2.31,0.0,False
1994,192.7348,5.01,0.0,True
1995,192.7518,3.94,90.0,False
1996,192.7764,5.08,0.0,False
1997,192.7982,5.15,0.0,False
1998,192.809,7.11,0.0,False
1999,192.8106,8.79,90.0,True
2000,192.8169,9.44,90.0,False
2001,192.817,5.2,0.0,False
2002,192.8372,3.08,0.0,True
2003,192.8518,9.45,90.0,False
2004,192.8646,2.55,12.6667,False
2005,192.9006,6.17,90.0,False
2006,192.9092,3.59,0.0,False
2007,192.9241,3.22,0.0,False
2008,192.9248,5.87,0.0,True
2009,192.9389,3.74,85.0,True
2010,192.9609,4.16,0.0,False
2011,193.0169,7.49,0.0,False
2012,193.0255,3.69,0.0,False
2013,193.0384,5.07,0.0,False
2014,193.0682,3.47,0.0,True
2015,193.0828,8.8,90.0,False
2016,193.1144,3.98,0.0,True
2017,193.1464,4.6,0.0,False
2018,193.1613,5.98,90.0,True
2019,193.1632,3.63,0.0,False
2020,193.1758,2.93,0.0,True
2021,193.1816,5.2,90.0,False
2022,193.1835,6.9,0.0,False
2023,193.1888,3.2,0.0,False
2024,193.2159,9.28,0.0,True
2025,193.232,10.4,0.0,False
2026,193.2456,6.68,0.0,False
2027,193.2717,4.04,90.0,True
2028,193.2908,6.48,0.0,False
2029,193.2943,9.33,90.0,False
2030,193.3052,4.58,0.0,False
2031,193.3075,7.27,0.0,False
2032,193.3564,9.81,0.0,False
2033,193.3832,5.52,90.0,False
2034,193.3844,8.69,63.3333,False
2035,193.3868,5.44,0.0,True
2036,193.3868,8.13,90.0,False
2037,193.4172,6.95,0.0,True
2038,193.4178,5.33,0.0,True
2039,193.4196,3.49,0.0,False
2040,193.4218,3.64,90.0,False
2041,193.43,6.76,0.0,False
2042,193.4364,6.19,0.0,False
2043,193.4445,5.62,0.0,False
2044,193.4479,5.48,0.0,False
2045,193.4673,3.68,90.0,False
2046,193.4862,9.06,0.0,False
2047,193.5178,3.9,0.0,False
2048,193.5281,2.69,0.0,False
2049,193.5393,8.35,90.0,True
2050,193.5425,6.58,90.0,False
2051,193.5471,3.59,0.0,False
2052,193.5764,3.28,0.0,False
2053,193.5846,10.34,90.0,False
2054,193.5904,4.11,90.0,False
2055,193.5959,6.01,0.0,False
2056,193.6002,9.04,0.0,False
2057,193.6003,5.88,0.0,False
2058,193.601,11.7,90.0,False
2059,193.6341,8.02,0.0,True
2060,193.6993,5.07,0.0,False
2061,193.72,8.76,0.0,True
2062,193.7567,5.55,19.0,False
2063,193.7656,6.13,0.0,False
2064,193.7958,3.69,0.0,False
2065,193.8143,5.23,90.0,True
2066,193.8838,8.28,0.0,False
2067,193.8888,9.37,0.0,False
2068,193.8968,3.52,0.0,False
2069,193.9009,5.0,90.0,False
2070,193.9159,4.38,0.0,False
2071,193.9188,8.66,12.6667,False
2072,193.9308,5.89,0.0,True
2073,193.95,6.57,85.0,False
2074,193.9606,4.62,12.6667,False
2075,193.9735,5.48,0.0,False
2076,193.975,4.36,0.0,False
2077,193.9925,9.26,0.0,False
2078,194.0228,10.36,0.0,False
2079,194.0766,4.22,0.0,True
2080,194.0866,3.82,0.0,False
2081,194.1015,8.97,0.0,False
2082,194.1298,9.46,0.0,False
2083,194.1424,8.92,90.0,True
2084,194.1763,2.99,0.0,False
2085,194.1816,5.21,0.0,False
2086,194.2001,2.83,0.0,True
2087,194.2043,10.08,0.0,False
2088,194.2571,8.8,0.0,False
2089,194.2591,4.74,0.0,False
2090,194.2712,9.58,0.0,False
2091,194.2759,2.77,0.0,False
2092,194.2825,9.38,0.0,False
2093,194.3036,9.03,0.0,True
2094,194.3653,5.78,0.0,False
2095,194.3867,19.94,0.0,True
2096,194.4057,3.22,90.0,False
2097,194.4224,3.77,0.0,False
2098,194.4538,8.9,0.0,True
2099,194.4979,5.26,90.0,False
2100,194.5232,2.65,0.0,False
2101,194.5559,5.6,0.0,False
2102,194.5823,4.29,0.0,True
2103,194.5856,4.32,0.0,False
2104,194.5993,9.45,0.0,False
2105,194.6297,9.62,0.0,False
2106,194.6378,4.49,0.0,False
2107,194.6395,3.09,0.0,True
2108,194.6561,7.74,0.0,True
2109,194.6618,9.77,90.0,False
2110,194.6623,8.58,0.0,False
2111,194.6718,9.71,90.0,False
2112,194.6729,3.55,0.0,False
2113,194.7147,4.87,0.0,False
2114,194.7152,10.85,90.0,False
2115,194.7196,8.09,0.0,False
2116,194.7278,9.09,0.0,False
2117,194.732,9.03,90.0,False
2118,194.763,8.89,90.0,False
2119,194.7942,5.57,0.0,True
2120,194.8369,9.56,0.0,False
2121,194.8577,9.05,0.0,True
2122,194.8768,9.0,0.0,False
2123,194.9077,8.25,0.0,False
2124,194.919,10.71,0.0,False
2125,194.9271,4.01,0.0,False
2126,194.9831,8.53,0.0,True
2127,195.0231,8.72,0.0,False
2128,195.0295,9.89,90.0,True
2129,195.0304,10.64,0.0,False
2130,195.0327,3.64,90.0,True
2131,195.0435,9.08,0.0,False
2132,195.0519,9.93,0.0,False
2133,195.0656,9.95,90.0,False
2134,195.0718,4.51,0.0,False
2135,195.0718,7.99,0.0,False
2136,195.0763,9.03,0.0,True
2137,195.1033,9.19,90.0,True
2138,195.1197,8.94,90.0,False
2139,195.1314,8.43,0.0,False
2140,195.1404,8.49,0.0,False
2141,195.1728,6.55,90.0,False
2142,195.1788,10.85,0.0,False
2143,195.1868,8.57,0.0,False
2144,195.2246,8.16,90.0,False
2145,195.2583,9.73,90.0,True
2146,195.2709,9.71,0.0,False
2147,195.2948,8.35,0.0,False
2148,195.2951,8.49,0.0,False
2149,195.3114,10.36,0.0,False
2150,195.3177,3.08,85.0,False
2151,195.3484,3.91,0.0,False
2152,195.3548,3.56,90.0,True
2153,195.357,2.55,85.0,False
2154,195.3642,8.17,0.0,False
2155,195.3654,8.5,90.0,False
2156,195.389,9.32,0.0,False
2157,195.3956,3.33,0.0,False
2158,195.402,5.87,0.0,False
2159,195.4105,8.82,0.0,False
2160,195.4535,10.47,0.0,False
2161,195.4645,8.14,0.0,True
2162,195.4679,9.43,0.0,False
2163,195.5103,8.51,0.0,False
2164,195.5108,8.37,0.0,False
2165,195.5223,9.75,0.0,False
2166,195.526,9.7,0.0,False
2167,195.5557,9.37,0.0,False
2168,195.5622,9.22,90.0,False
2169,195.5952,8.49,90.0,False
2170,195.6333,8.8,0.0,False
2171,195.6417,9.93,0.0,True
2172,195.6657,2.79,0.0,False
2173,195.6668,4.95,0.0,True
2174,195.6788,9.86,0.0,False
2175,195.6788,11.28,0.0,True
2176,195.6815,9.05,19.0,True
2177,195.6856,7.61,0.0,False
2178,195.7016,4.83,0.0,True
2179,195.7102,6.49,0.0,False
2180,195.7171,8.37,0.0,True
2181,195.7335,8.3,19.0,True
2182,195.7588,7.84,0.0,False
2183,195.7708,10.09,0.0,False
2184,195.7895,4.61,0.0,False
2185,195.7944,8.84,0.0,False
2186,195.7981,9.55,0.0,False
2187,195.7987,4.74,0.0,False
2188,195.8061,4.44,0.0,False
2189,195.8126,8.66,90.0,False
2190,195.8154,9.15,0.0,False
2191,195.8578,8.91,0.0,False
2192,195.8646,5.5,0.0,False
2193,195.8686,10.43,0.0,False
2194,195.8865,9.58,0.0,False
2195,195.8875,7.49,0.0,True
2196,195.8951,9.31,0.0,False
2197,195.8968,8.94,0.0,False
2198,195.9004,9.2,0.0,False
2199,195.9069,9.73,0.0,False
2200,195.9629,15.02,90.0,False
2201,195.9862,5.1,0.0,False
2202,195.9945,8.69,0.0,True
2203,195.9948,7.63,0.0,False
2204,195.9963,8.2,0.0,False
2205,195.9978,5.3,90.0,False
2206,195.9999,8.62,90.0,True
2207,196.0006,10.88,0.0,False
2208,196.017,6.84,0.0,False
2209,196.0431,8.2,0.0,False
2210,196.0499,8.76,90.0,True
2211,196.0588,8.97,0.0,False
2212,196.0602,6.41,0.0,True
2213,196.0646,2.71,0.0,False
2214,196.1136,4.34,90.0,True
2215,196.1485,10.33,0.0,False
2216,196.1616,8.9,0.0,False
2217,196.1679,9.24,90.0,False
2218,196.1877,8.64,0.0,False
2219,196.1912,8.84,0.0,False
2220,196.1965,7.46,90.0,False
2221,196.2017,8.99,90.0,True
2222,196.2098,9.81,0.0,False
2223,196.2172,2.54,0.0,False
2224,196.2535,10.25,0.0,False
2225,196.2636,9.58,0.0,True
2226,196.2661,10.24,63.3333,False
2227,196.2721,8.41,0.0,False
2228,196.3374,8.73,0.0,False
2229,196.3458,10.35,0.0,False
2230,196.3596,3.07,0.0,True
2231,196.4047,10.54,0.0,False
2232,196.4052,3.97,90.0,False
2233,196.4152,8.91,0.0,True
2234,196.4208,9.71,90.0,False
2235,196.4484,8.93,0.0,True
2236,196.456,9.53,0.0,False
2237,196.4771,9.26,12.6667,False
2238,196.4864,8.81,0.0,True
2239,196.4878,8.68,95.0,False
2240,196.4915,9.33,0.0,False
2241,196.4925,4.03,0.0,False
2242,196.4969,10.63,0.0,False
2243,196.5087,9.14,90.0,False
2244,196.5194,4.18,90.0,True
2245,196.5301,8.26,90.0,False
2246,196.5306,9.1,90.0,True
2247,196.5403,8.86,95.0,False
2248,196.541,9.65,90.0,True
2249,196.5519,9.89,0.0,False
2250,196.5583,2.79,0.0,False
2251,196.5655,8.82,0.0,False
2252,196.5677,8.71,90.0,False
2253,196.5731,9.37,0.0,False
2254,196.5781,8.95,0.0,False
2255,196.5996,8.55,0.0,False
2256,196.6054,9.74,90.0,False
2257,196.6057,9.53,90.0,False
2258,196.6062,8.34,0.0,False
2259,196.6167,10.95,90.0,False
2260,196.6366,9.24,0.0,False
2261,196.6417,8.52,0.0,True
2262,196.6431,8.75,0.0,True
2263,196.6622,8.37,90.0,False
2264,196.6714,9.24,0.0,False
2265,196.692,9.46,25.3333,False
2266,196.7027,8.97,0.0,False
2267,196.7389,9.35,0.0,False
2268,196.7763,9.13,0.0,False
2269,196.782,10.25,0.0,False
2270,196.7847,8.2,0.0,False
2271,196.7932,9.53,0.0,False
2272,196.7981,9.54,90.0,False
2273,196.8031,9.51,0.0,False
2274,196.8042,10.19,0.0,False
2275,196.8059,6.11,0.0,False
2276,196.8141,8.99,90.0,True
2277,196.8164,9.01,90.0,False
2278,196.8224,10.02,90.0,False
2279,196.8371,8.94,0.0,False
2280,196.8377,9.6,38.0,False
2281,196.8426,4.95,0.0,False
2282,196.8804,10.36,0.0,False
2283,196.9062,8.64,0.0,False
2284,196.9206,10.04,0.0,False
2285,196.9397,9.57,90.0,True
2286,196.9405,8.71,0.0,False
2287,196.9508,11.16,0.0,False
2288,196.9524,11.13,0.0,True
2289,196.9531,9.96,0.0,False
2290,196.9566,8.14,90.0,False
2291,196.9691,9.11,0.0,False
2292,196.9877,9.47,90.0,True
2293,196.9894,9.51,0.0,False
2294,196.9933,9.72,0.0,False
2295,197.0521,8.53,0.0,False
2296,197.0685,8.96,0.0,False
2297,197.0713,10.05,0.0,False
2298,197.0768,9.27,90.0,False
2299,197.0822,5.2,0.0,False
2300,197.1175,8.9,0.0,False
2301,197.1198,9.78,0.0,True
2302,197.133,8.18,90.0,False
2303,197.1419,9.27,19.0,False
2304,197.1457,3.36,90.0,False
2305,197.1578,3.96,0.0,True
2306,197.1688,7.33,0.0,False
2307,197.1835,9.11,90.0,False
2308,197.1844,8.14,90.0,False
2309,197.2025,9.05,0.0,False
2310,197.2068,5.29,0.0,False
2311,197.2149,10.35,0.0,False
2312,197.2255,10.66,0.0,False
2313,197.2285,9.22,0.0,False
2314,197.2319,8.71,0.0,True
2315,197.2424,9.93,90.0,False
2316,197.2445,5.84,0.0,False
2317,197.2468,3.55,0.0,False
2318,197.2572,8.59,0.0,False
2319,197.2617,9.85,0.0,True
2320,197.2658,3.66,0.0,True
2321,197.2809,5.04,0.0,False
2322,197.3194,5.52,90.0,False
2323,197.3222,8.23,90.0,True
2324,197.3229,10.13,90.0,False
2325,197.3262,10.65,0.0,False
2326,197.3292,9.45,0.0,True
2327,197.3307,9.45,90.0,False
2328,197.3489,8.44,0.0,False
2329,197.3578,8.96,0.0,False
2330,197.3652,2.89,0.0,False
2331,197.3663,9.55,95.0,True
2332,197.3787,9.37,0.0,False
2333,197.388,8.94,0.0,True
2334,197.3899,9.36,90.0,False
2335,197.3915,9.42,0.0,False
2336,197.3982,9.82,0.0,True
2337,197.4111,7.97,90.0,False
2338,197.4286,9.94,90.0,False
2339,197.4377,8.29,90.0,True
2340,197.4467,9.1,0.0,False
2341,197.4525,9.98,0.0,False
2342,197.494,9.28,0.0,False
2343,197.4982,9.0,0.0,False
2344,197.5478,9.13,0.0,False
2345,197.5525,8.85,0.0,False
2346,197.5548,7.33,0.0,False
2347,197.5616,8.42,0.0,False
2348,197.566,3.02,0.0,False
2349,197.5682,8.87,0.0,False
2350,197.614,8.14,0.0,False
2351,197.6484,9.03,90.0,False
2352,197.649,8.9,0.0,False
2353,197.6511,9.36,0.0,True
2354,197.6531,8.99,0.0,False
2355,197.6605,8.85,90.0,False
2356,197.6787,9.28,0.0,False
2357,197.684,8.96,90.0,False
2358,197.6987,10.35,90.0,False
2359,197.7202,9.12,0.0,False
2360,197.741,10.41,12.6667,False
2361,197.7446,9.94,19.0,False
2362,197.7628,8.94,0.0,True
2363,197.7629,8.15,0.0,False
2364,197.7821,10.06,0.0,False
2365,197.7912,9.43,19.0,True
2366,197.8063,7.38,0.0,False
2367,197.8272,9.82,0.0,False
2368,197.853,9.17,0.0,False
2369,197.8574,11.12,0.0,False
2370,197.8731,8.04,38.0,False
2371,197.8886,10.23,0.0,False
2372,197.9042,9.75,0.0,False
2373,197.9146,4.12,0.0,False
2374,197.9201,8.71,0.0,False
2375,197.9422,9.54,90.0,False
2376,197.9678,3.63,0.0,False
2377,197.971,8.44,0.0,False
2378,197.9818,10.03,0.0,False
2379,197.9885,9.45,0.0,True
2380,197.9985,9.0,0.0,False
2381,197.9991,10.04,90.0,False
2382,198.0,10.13,0.0,False
2383,198.0148,8.58,0.0,True
2384,198.0192,8.62,0.0,False
2385,198.0294,3.92,0.0,True
2386,198.0329,9.05,0.0,True
2387,198.035,9.79,0.0,False
2388,198.0605,8.77,0.0,False
2389,198.0675,8.58,90.0,False
2390,198.0695,10.19,0.0,True
2391,198.0778,9.15,0.0,True
2392,198.0838,8.01,90.0,False
2393,198.0873,8.88,0.0,False
2394,198.0989,10.78,0.0,False
2395,198.0994,8.92,0.0,False
2396,198.1001,9.94,0.0,False
2397,198.1276,10.02,0.0,False
2398,198.1315,9.9,0.0,False
2399,198.1375,2.32,90.0,False
2400,198.1381,8.88,0.0,False
2401,198.1391,9.44,0.0,False
2402,198.1527,10.43,0.0,False
2403,198.1719,8.81,90.0,False
2404,198.1753,9.91,0.0,False
2405,198.177,4.14,0.0,False
2406,198.1854,8.68,95.0,False
2407,198.1899,9.0,0.0,False
2408,198.2166,4.07,0.0,True
2409,198.221,8.64,0.0,True
2410,198.2216,8.39,0.0,False
2411,198.2227,8.44,0.0,False
2412,198.2349,9.62,0.0,True
2413,198.2473,10.12,0.0,False
2414,198.2489,8.72,0.0,True
2415,198.2501,5.47,0.0,False
2416,198.2562,9.23,90.0,False
2417,198.2678,7.95,0.0,False
2418,198.2915,9.53,90.0,False
2419,198.2969,8.78,90.0,False
2420,198.2988,9.16,0.0,False
2421,198.3152,9.22,90.0,False
2422,198.3179,8.57,0.0,False
2423,198.3198,8.79,90.0,False
2424,198.3415,9.28,0.0,False
2425,198.3498,10.36,0.0,False
2426,198.3622,9.39,0.0,False
2427,198.3622,11.09,0.0,True
2428,198.3651,9.81,90.0,False
2429,198.3686,8.06,0.0,False
2430,198.3779,8.22,90.0,False
2431,198.3811,7.72,0.0,True
2432,198.3831,4.67,0.0,False
2433,198.3836,10.23,0.0,True
2434,198.3854,4.73,90.0,True
2435,198.4082,7.93,0.0,False
2436,198.4169,11.55,0.0,False
2437,198.4234,9.04,0.0,False
2438,198.4308,8.87,0.0,True
2439,198.4411,9.2,0.0,False
2440,198.4483,9.14,0.0,False
2441,198.4659,9.56,0.0,False
2442,198.4689,9.2,90.0,True
2443,198.4767,9.5,90.0,False
2444,198.4818,10.32,90.0,False
2445,198.4866,8.97,90.0,False
2446,198.4871,8.73,0.0,False
2447,198.4913,8.13,90.0,True
2448,198.5015,9.58,0.0,True
2449,198.5036,9.29,0.0,False
2450,198.506,8.91,90.0,True
2451,198.5286,9.35,90.0,False
2452,198.5479,9.82,0.0,False
2453,198.5613,8.5,0.0,False
2454,198.5672,10.09,0.0,False
2455,198.5675,8.05,0.0,False
2456,198.583,8.99,0.0,True
2457,198.5908,8.31,0.0,False
2458,198.5938,9.18,0.0,False
2459,198.5953,9.78,0.0,False
2460,198.6067,8.67,0.0,True
2461,198.6124,9.14,0.0,False
2462,198.629,7.78,0.0,False
2463,198.6385,8.61,0.0,False
2464,198.6477,9.65,90.0,False
2465,198.6503,10.53,0.0,True
2466,198.6544,8.25,0.0,False
2467,198.6566,8.6,90.0,False
2468,198.6663,8.81,90.0,False
2469,198.6683,9.59,0.0,False
2470,198.6706,9.28,0.0,False
2471,198.6767,3.36,0.0,False
2472,198.6792,8.52,90.0,True
2473,198.6921,9.86,0.0,False
2474,198.6995,9.28,0.0,False
2475,198.7085,8.79,90.0,False
2476,198.7388,8.96,0.0,True
2477,198.7523,9.57,0.0,True
2478,198.7572,9.71,0.0,False
2479,198.7572,7.58,85.0,False
2480,198.7912,9.93,0.0,False
2481,198.7915,8.52,0.0,False
2482,198.7937,8.16,0.0,False
2483,198.8004,8.55,0.0,True
2484,198.8094,9.39,0.0,False
2485,198.8153,10.07,0.0,False
2486,198.8363,2.94,0.0,False
2487,198.8374,9.81,0.0,False
2488,198.8554,10.29,0.0,False
2489,198.8651,8.38,0.0,False
2490,198.8693,8.87,0.0,False
2491,198.883,7.81,90.0,True
2492,198.8864,9.06,0.0,True
2493,198.9038,8.98,0.0,False
2494,198.9222,9.56,0.0,False
2495,198.9279,8.52,0.0,False
2496,198.9369,8.67,95.0,False
2497,198.9431,9.05,12.6667,False
2498,198.9472,8.53,0.0,True
2499,198.9714,9.01,12.6667,False
2500,198.9862,8.6,63.3333,False
2501,198.9885,10.22,90.0,False
2502,198.9988,9.14,0.0,False
2503,198.9992,9.87,0.0,True
2504,199.0021,9.52,0.0,False
2505,199.0054,9.32,0.0,False
2506,199.025,10.46,0.0,True
2507,199.0256,7.81,0.0,False
2508,199.0473,8.98,0.0,True
2509,199.0512,8.89,0.0,False
2510,199.0546,9.47,0.0,False
2511,199.0696,10.11,0.0,False
2512,199.0706,8.67,90.0,False
2513,199.0948,9.95,0.0,False
2514,199.1058,10.05,85.0,True
2515,199.1118,10.59,0.0,False
2516,199.1416,9.49,0.0,False
2517,199.1514,8.76,0.0,False
2518,199.1625,9.47,0.0,False
2519,199.1723,8.61,0.0,False
2520,199.1984,9.51,90.0,False
2521,199.2032,9.83,90.0,False
2522,199.2069,10.29,0.0,False
2523,199.2087,8.65,90.0,False
2524,199.2119,7.53,0.0,False
2525,199.2155,8.56,90.0,False
2526,199.2234,8.1,0.0,False
2527,199.2412,8.61,0.0,False
2528,199.2659,9.15,90.0,False
2529,199.2778,9.41,0.0,False
2530,199.281,10.95,0.0,False
2531,199.2827,9.25,0.0,True
2532,199.2975,9.4,0.0,False
2533,199.2999,10.07,0.0,True
2534,199.3122,4.13,0.0,False
2535,199.3216,8.21,0.0,False
2536,199.3219,9.71,0.0,False
2537,199.325,8.75,0.0,True
2538,199.3316,9.26,0.0,False
2539,199.3509,9.19,0.0,False
2540,199.3556,9.09,90.0,True
2541,199.3568,8.92,12.6667,False
2542,199.3652,9.42,0.0,False
2543,199.3757,5.35,0.0,False
2544,199.3791,9.16,0.0,False
2545,199.3823,8.6,0.0,False
2546,199.4108,10.21,90.0,False
2547,199.4235,7.88,0.0,False
2548,199.4324,9.65,0.0,False
2549,199.439,8.73,0.0,False
2550,199.4485,10.88,0.0,False
2551,199.4694,9.88,90.0,False
2552,199.4697,10.42,0.0,False
2553,199.4743,9.06,90.0,True
2554,199.4837,8.39,0.0,False
2555,199.4842,8.32,0.0,False
2556,199.4931,9.52,90.0,True
2557,199.5007,9.55,0.0,False
2558,199.5077,9.41,0.0,False
2559,199.5116,8.88,0.0,True
2560,199.5134,9.97,0.0,False
2561,199.5238,9.72,0.0,True
2562,199.5241,9.63,0.0,False
2563,199.5267,8.3,90.0,False
2564,199.5298,9.12,0.0,False
2565,199.5351,10.0,0.0,False
2566,199.5364,10.02,0.0,False
2567,199.5658,8.11,0.0,True
2568,199.5677,9.71,0.0,False
2569,199.6337,8.68,90.0,False
2570,199.6446,9.28,0.0,False
2571,199.6502,8.32,0.0,False
2572,199.6639,7.97,0.0,False
2573,199.6868,8.61,0.0,False
2574,199.6944,8.71,0.0,False
2575,199.7143,8.54,0.0,False
2576,199.7371,9.48,0.0,False
2577,199.7718,8.92,0.0,True
2578,199.7755,3.03,90.0,False
2579,199.7787,10.15,0.0,False
2580,199.8009,8.77,0.0,False
2581,199.8128,9.73,0.0,True
2582,199.8375,9.03,0.0,False
2583,199.8475,8.61,0.0,True
2584,199.8485,9.2,0.0,False
2585,199.8674,9.31,0.0,False
2586,199.8781,8.5,0.0,False
2587,199.8814,8.82,0.0,False
2588,199.9122,10.06,90.0,False
2589,199.9179,8.61,0.0,False
2590,199.9208,10.32,0.0,False
2591,199.9256,10.07,90.0,False
2592,199.9439,8.52,0.0,False
2593,199.9539,9.64,90.0,False
2594,199.961,8.47,90.0,False
2595,199.9663,8.68,0.0,False
2596,199.9742,9.21,0.0,False
2597,199.9745,9.02,0.0,False
2598,199.9872,9.17,0.0,False
2599,199.9925,9.67,0.0,False
2600,200.0372,9.02,0.0,True
2601,200.0545,9.51,0.0,False
2602,200.0583,8.25,90.0,False
2603,200.0596,10.04,0.0,False
2604,200.0637,8.86,0.0,False
2605,200.0711,8.21,0.0,False
2606,200.0754,9.24,0.0,False
2607,200.0762,8.23,90.0,True
2608,200.0807,8.19,85.0,False
2609,200.0999,7.96,0.0,False
2610,200.1107,8.07,0.0,False
2611,200.1327,9.88,90.0,False
2612,200.1406,10.72,0.0,False
2613,200.1523,9.87,0.0,False
2614,200.1547,8.58,0.0,False
2615,200.1557,9.43,0.0,False
2616,200.165,8.26,0.0,False
2617,200.1778,9.7,90.0,False
2618,200.2002,9.4,90.0,False
2619,200.2031,7.53,0.0,False
2620,200.2125,8.62,90.0,False
2621,200.228,10.42,90.0,False
2622,200.2356,9.27,0.0,False
2623,200.2456,8.48,90.0,False
2624,200.2594,9.27,0.0,False
2625,200.2917,9.04,90.0,False
2626,200.3007,8.52,90.0,False
2627,200.3084,3.6,0.0,True
2628,200.3147,8.98,90.0,False
2629,200.3559,9.03,90.0,False
2630,200.3621,8.53,0.0,False
2631,200.3626,9.0,0.0,True
2632,200.3651,8.57,90.0,False
2633,200.3652,8.51,0.0,True
2634,200.3668,11.0,0.0,False
2635,200.3907,9.93,0.0,False
2636,200.4155,9.17,0.0,False
2637,200.4236,8.65,0.0,False
2638,200.4258,8.57,90.0,False
2639,200.4417,8.51,0.0,True
2640,200.4608,9.91,0.0,True
2641,200.4819,8.34,0.0,False
2642,200.5127,8.51,0.0,False
2643,200.5128,8.9,19.0,True
2644,200.5144,8.88,0.0,False
2645,200.52,9.4,0.0,False
2646,200.5308,8.7,0.0,False
2647,200.5492,8.15,0.0,False
2648,200.5522,10.22,0.0,False
2649,200.5529,9.89,0.0,False
2650,200.5646,9.85,0.0,False
2651,200.5646,9.31,0.0,True
2652,200.5888,8.52,0.0,False
2653,200.5958,8.69,0.0,False
2654,200.596,9.12,90.0,False
2655,200.598,9.83,0.0,False
2656,200.6162,9.28,95.0,True
2657,200.6242,8.37,0.0,False
2658,200.6342,9.05,0.0,False
2659,200.6433,9.4,0.0,False
2660,200.6847,8.35,90.0,False
2661,200.6874,8.05,0.0,False
2662,200.731,8.98,90.0,False
2663,200.7613,9.28,0.0,False
2664,200.7694,10.18,0.0,False
2665,200.7949,8.57,0.0,True
2666,200.8186,8.83,0.0,True
2667,200.8434,8.35,0.0,True
2668,200.8636,10.6,90.0,False
2669,200.8665,9.27,0.0,True
2670,200.8752,10.14,0.0,False
2671,200.9413,8.9,0.0,False
2672,201.0017,8.51,90.0,False
2673,201.0448,9.22,0.0,False
2674,201.0534,7.87,90.0,False
2675,201.0575,10.19,0.0,False
2676,201.0579,10.38,0.0,False
2677,201.0611,10.52,0.0,False
2678,201.0634,7.93,0.0,False
2679,201.0695,8.33,0.0,False
2680,201.0794,10.16,0.0,False
2681,201.086,8.3,0.0,False
2682,201.0915,8.83,0.0,False
2683,201.0937,9.12,0.0,False
2684,201.1019,9.75,0.0,False
2685,201.1128,9.43,0.0,False
2686,201.1142,9.58,0.0,False
2687,201.1258,9.62,0.0,True
2688,201.1483,8.27,0.0,False
2689,201.1517,8.74,0.0,False
2690,201.1751,9.21,90.0,False
2691,201.2032,8.84,0.0,True
2692,201.2139,10.25,90.0,False
2693,201.224,7.64,90.0,False
2694,201.2341,10.57,0.0,False
2695,201.2614,10.19,0.0,False
2696,201.2969,7.92,0.0,True
2697,201.3133,9.56,0.0,False
2698,201.3238,9.4,90.0,True
2699,201.3443,10.26,0.0,False
2700,201.4093,9.55,90.0,False
2701,201.4152,9.43,0.0,True
2702,201.4156,9.23,0.0,False
2703,201.4226,9.61,0.0,True
2704,201.4454,8.44,90.0,False
2705,201.447,9.43,90.0,False
2706,201.452,9.29,0.0,True
2707,201.4528,8.74,0.0,False
2708,201.4578,9.4,0.0,False
2709,201.4726,8.82,0.0,False
2710,201.4835,8.46,0.0,False
2711,201.5101,10.06,0.0,False
2712,201.5512,10.36,0.0,False
2713,201.5593,8.17,0.0,False
2714,201.5718,9.6,0.0,False
2715,201.5925,9.01,0.0,True
2716,201.5943,9.82,0.0,False
2717,201.6072,8.08,90.0,False
2718,201.6107,3.76,0.0,False
2719,201.6168,8.79,0.0,False
2720,201.6231,9.47,90.0,False
2721,201.6452,9.86,0.0,False
2722,201.657,9.65,19.0,True
2723,201.6687,9.2,0.0,False
2724,201.6783,10.39,0.0,False
2725,201.692,8.79,0.0,False
2726,201.7024,10.31,0.0,True
2727,201.7093,10.33,0.0,False
2728,201.7299,9.23,0.0,False
2729,201.7556,9.48,0.0,False
2730,201.7758,9.09,0.0,False
2731,201.8319,9.33,90.0,False
2732,201.8362,9.93,0.0,False
2733,201.8369,8.3,0.0,False
2734,201.8382,9.99,90.0,False
2735,201.8405,8.41,90.0,False
2736,201.851,10.24,0.0,False
2737,201.8557,10.45,90.0,False
2738,201.8642,11.41,0.0,True
2739,201.8688,8.9,90.0,True
2740,201.8705,10.27,90.0,True
2741,201.8728,8.93,0.0,True
2742,201.8905,9.15,90.0,False
2743,201.8963,8.94,0.0,False
2744,201.9116,7.33,90.0,False
2745,201.946,9.07,0.0,True
2746,201.9491,8.94,90.0,True
2747,201.9497,9.71,0.0,False
2748,201.9763,7.46,0.0,False
2749,202.0112,9.94,0.0,False
2750,202.0631,8.89,90.0,False
2751,202.0738,9.23,0.0,False
2752,202.095,10.12,90.0,False
2753,202.136,9.14,0.0,False
2754,202.1432,9.48,0.0,False
2755,202.1636,9.58,0.0,False
2756,202.1933,9.43,0.0,False
2757,202.2029,8.33,0.0,False
2758,202.2118,8.24,0.0,True
2759,202.2129,9.09,0.0,False
2760,202.2373,8.1,0.0,True
2761,202.2453,8.91,0.0,False
2762,202.2593,8.88,0.0,False
2763,202.2759,7.35,0.0,True
2764,202.2952,10.96,0.0,False
2765,202.2975,8.29,0.0,False
2766,202.312,9.23,12.6667,False
2767,202.3193,9.38,0.0,True
2768,202.3202,9.72,0.0,False
2769,202.3437,10.73,0.0,False
2770,202.4007,10.3,0.0,False
2771,202.403,9.82,90.0,False
2772,202.4322,9.27,90.0,False
2773,202.4456,10.0,0.0,False
2774,202.4742,7.75,0.0,False
2775,202.5003,9.18,0.0,True
2776,202.5176,8.95,0.0,False
2777,202.5237,8.33,90.0,True
2778,202.5311,7.69,0.0,False
2779,202.5601,9.7,0.0,False
2780,202.6031,9.72,0.0,False
2781,202.6129,8.97,90.0,True
2782,202.6206,7.81,0.0,False
2783,202.6829,9.28,0.0,False
2784,202.7187,8.85,0.0,False
2785,202.7205,9.25,90.0,True
2786,202.7322,8.2,90.0,False
2787,202.7371,8.07,90.0,False
2788,202.7489,8.22,90.0,False
2789,202.7781,8.62,0.0,False
2790,202.8171,9.11,0.0,False
2791,202.827,9.85,0.0,False
2792,202.8614,10.05,0.0,False
2793,202.8694,7.53,0.0,True
2794,202.8897,7.91,12.6667,False
2795,202.9022,8.15,0.0,True
2796,202.9148,9.76,0.0,False
2797,202.9407,8.9,0.0,False
2798,202.9597,7.9,90.0,True
2799,203.0089,10.71,0.0,False
2800,203.0647,9.01,0.0,False
2801,203.0661,8.32,0.0,False
2802,203.0712,8.28,0.0,False
2803,203.0916,9.05,85.0,True
2804,203.0995,9.04,12.6667,False
2805,203.1404,8.72,90.0,False
2806,203.1638,9.69,0.0,False
2807,203.1755,8.39,0.0,False
2808,203.1823,9.07,0.0,False
2809,203.1913,9.96,0.0,False
2810,203.2325,9.1,0.0,False
2811,203.2513,9.93,0.0,False
2812,203.2707,8.99,0.0,False
2813,203.2835,9.24,0.0,False
2814,203.2921,8.72,0.0,True
2815,203.2972,8.57,0.0,False
2816,203.3072,9.16,90.0,True
2817,203.3094,8.57,90.0,False
2818,203.3725,8.26,0.0,False
2819,203.3803,9.1,0.0,False
2820,203.4641,9.59,90.0,True
2821,203.4806,10.64,0.0,False
2822,203.4891,10.13,0.0,False
2823,203.4928,10.55,0.0,False
2824,203.5235,8.42,0.0,False
2825,203.5836,9.18,0.0,False
2826,203.6036,8.12,0.0,False
2827,203.6112,10.2,90.0,True
2828,203.6376,8.27,90.0,False
2829,203.6454,9.34,0.0,False
2830,203.8056,8.97,0.0,False
2831,203.853,9.57,0.0,False
2832,203.869,8.35,90.0,False
2833,203.8935,7.79,0.0,True
2834,203.8972,846.05,12.6667,False
2835,203.9243,10.15,0.0,False
2836,204.0624,8.07,0.0,True
2837,204.0727,7.63,0.0,False
2838,204.1845,9.39,0.0,False
2839,204.1942,8.64,90.0,False
2840,204.2207,7.74,0.0,False
2841,204.2258,9.51,90.0,False
2842,204.2777,9.14,0.0,False
2843,204.4199,3.08,0.0,False
2844,204.4218,10.1,0.0,True
2845,204.425,9.82,0.0,False
2846,204.4571,9.27,0.0,False
2847,204.4706,928.57,90.0,True
2848,204.492,8.58,0.0,True
2849,204.5288,962.88,0.0,False
2850,204.6646,9.06,38.0,True
2851,204.9625,10.29,0.0,True
2852,204.9808,8.05,0.0,False
2853,205.0336,788.32,0.0,False
2854,205.1835,9.88,0.0,False
2855,205.2046,9.09,90.0,False
2856,205.2126,8.49,0.0,False
2857,205.3097,1043.6,0.0,False
2858,205.357,8.72,85.0,False
2859,205.6276,9.49,0.0,True
2860,205.7207,9.0,0.0,False
2861,205.758,9.76,90.0,False
2862,205.8069,23701.48,0.0,False
2863,205.8364,9.22,0.0,False
2864,206.0755,931.96,90.0,False
2865,206.2045,916.73,0.0,False
2866,206.2107,944.19,0.0,True
2867,206.2143,8.68,0.0,False
2868,206.2234,1057.45,0.0,False
2869,206.2806,24647.93,38.0,True
2870,206.4886,759.54,0.0,True
2871,206.6104,8.7,0.0,True
2872,206.8097,33.84,0.0,False
2873,206.8552,29.61,0.0,False
2874,206.9384,808.33,0.0,True
2875,207.0099,976.03,90.0,False
2876,207.0141,9.09,0.0,True
2877,207.0305,62.95,90.0,False
2878,207.0376,16.06,90.0,False
2879,207.1765,933.97,0.0,True
2880,207.3658,1012.09,0.0,False
2881,207.3818,1018.22,0.0,False
2882,207.3902,848.42,0.0,True
2883,207.4295,952.59,0.0,True
2884,207.4358,25350.6,0.0,False
2885,207.4556,9.43,0.0,False
2886,207.5377,24773.96,0.0,False
2887,207.5918,901.32,0.0,True
2888,207.6042,1192.14,0.0,False
2889,207.6455,929.8,90.0,True
2890,207.6902,924.46,90.0,False
2891,207.7653,947.66,90.0,False
2892,207.7899,811.19,0.0,False
2893,207.7915,877.4,0.0,False
2894,207.8625,42.9,90.0,True
2895,207.9105,26.1,0.0,False
2896,208.0046,931.2,0.0,False
2897,208.0182,926.97,0.0,True
2898,208.0857,850.85,90.0,False
2899,208.087,846.9,0.0,False
2900,208.2006,796.52,90.0,False
2901,208.2287,723.98,0.0,False
2902,208.2589,932.94,0.0,False
2903,208.266,809.47,0.0,True
2904,208.2867,901.08,0.0,True
2905,208.3063,933.14,90.0,False
2906,208.344,12.16,0.0,True
2907,208.4085,837.34,90.0,False
2908,208.4488,834.11,0.0,False
2909,208.4741,1017.33,0.0,True
2910,208.4936,27.45,0.0,False
2911,208.5314,929.65,90.0,True
2912,208.6265,799.1,0.0,False
2913,208.6395,24721.51,0.0,True
2914,208.8383,935.77,90.0,False
2915,208.8994,24797.02,0.0,False
2916,208.9436,24400.78,0.0,False
2917,209.03,869.19,0.0,False
2918,209.113,850.69,0.0,False
2919,209.1292,807.2,90.0,False
2920,209.1715,867.3,12.6667,False
2921,209.1805,955.59,0.0,False
2922,209.1922,30.21,0.0,False
2923,209.234,30.73,90.0,False
2924,209.2393,23563.59,0.0,False
2925,209.2817,911.75,90.0,False
2926,209.3013,870.31,0.0,False
2927,209.3111,933.33,0.0,False
2928,209.3543,32.86,0.0,False
2929,209.3857,908.93,0.0,False
2930,209.3869,986.91,0.0,False
2931,209.4064,1026.76,0.0,False
2932,209.4248,907.74,0.0,True
2933,209.4331,864.44,0.0,True
2934,209.4455,936.42,0.0,False
2935,209.4764,853.97,90.0,False
2936,209.5028,946.66,0.0,False
2937,209.5465,1013.84,0.0,False
2938,209.551,941.57,90.0,False
2939,209.6071,863.82,0.0,False
2940,209.6338,954.45,0.0,True
2941,209.6442,919.39,0.0,False
2942,209.7875,977.2,0.0,False
2943,209.7978,806.11,0.0,False
2944,209.7996,24008.63,0.0,False
2945,209.8333,954.55,0.0,False
2946,209.836,898.9,0.0,False
2947,209.8613,865.22,0.0,False
2948,209.8649,878.83,90.0,True
2949,209.8965,953.75,0.0,True
2950,209.9012,910.45,90.0,False
2951,209.9379,862.67,90.0,False
2952,209.9427,38.15,0.0,False
2953,209.9587,880.86,0.0,False
2954,209.965,944.34,90.0,False
2955,209.9675,13.48,90.0,False
2956,210.0218,845.3,0.0,False
2957,210.028,946.18,0.0,False
2958,210.0463,1067.25,90.0,False
2959,210.0509,923.89,0.0,False
2960,210.0773,846.78,0.0,True
2961,210.0813,23838.86,0.0,False
2962,210.0835,15.61,90.0,False
2963,210.1001,10.94,0.0,True
2964,210.1168,781.92,0.0,False
2965,210.1727,27.77,0.0,False
2966,210.174,925.52,0.0,False
2967,210.2376,884.59,0.0,False
2968,210.2692,1030.81,90.0,False
2969,210.3754,968.11,0.0,False
2970,210.4299,835.68,0.0,True
2971,210.5622,38.08,0.0,False
2972,210.565,907.43,90.0,False
2973,210.6068,932.69,0.0,False
2974,210.6727,929.93,0.0,False
2975,210.6921,18.4,0.0,True
2976,210.6934,32.89,0.0,False
2977,210.712,944.02,0.0,False
2978,210.7204,38.42,0.0,False
2979,210.7315,920.5,0.0,False
2980,210.7486,780.77,38.0,False
2981,210.7489,988.51,0.0,False
2982,210.758,14.31,90.0,True
2983,210.7609,835.65,0.0,False
2984,210.7757,1013.19,0.0,True
2985,210.8323,12.36,0.0,False
2986,210.835,53.32,0.0,False
2987,210.8452,25183.82,0.0,False
2988,210.8547,872.38,0.0,False
2989,210.9235,38.8,0.0,False
2990,210.9433,876.58,0.0,False
2991,210.9487,741.06,0.0,True
2992,210.9583,775.17,0.0,False
2993,210.9668,924.38,0.0,False
2994,211.0196,937.67,90.0,False
2995,211.0379,862.88,90.0,False
2996,211.0516,874.94,90.0,False
2997,211.0562,807.95,90.0,False
2998,211.0632,926.11,0.0,True
2999,211.0759,24587.01,90.0,False
3000,211.0778,882.2,0.0,False
3001,211.0831,936.07,0.0,False
3002,211.0986,38.22,0.0,False
3003,211.1219,18.36,12.6667,False
3004,211.1223,1023.52,0.0,False
3005,211.1338,24972.26,0.0,True
3006,211.1581,29.94,0.0,False
3007,211.2021,23747.89,0.0,False
3008,211.2147,1082.55,90.0,True
3009,211.2351,968.76,0.0,False
3010,211.2616,836.94,0.0,False
3011,211.2705,45.34,0.0,False
3012,211.272,978.34,0.0,False
3013,211.3014,885.29,0.0,False
3014,211.3473,906.58,90.0,False
3015,211.3616,823.24,90.0,False
3016,211.4002,14.54,0.0,False
3017,211.4393,821.35,0.0,True
3018,211.4442,908.88,90.0,True
3019,211.446,832.24,0.0,False
3020,211.4468,9.21,90.0,False
3021,211.4523,900.36,0.0,False
3022,211.4753,1106.03,0.0,True
3023,211.4774,763.04,0.0,False
3024,211.4787,1001.01,0.0,False
3025,211.4791,18.49,0.0,False
3026,211.5135,864.73,0.0,False
3027,211.5181,874.08,0.0,False
3028,211.5331,878.49,90.0,False
3029,211.5345,855.34,0.0,True
3030,211.5409,904.86,0.0,False
3031,211.5464,886.69,90.0,False
3032,211.5476,872.63,0.0,False
3033,211.548,21.2,0.0,False
3034,211.5553,24548.54,95.0,False
3035,211.5756,24.34,90.0,True
3036,211.5802,32.23,0.0,False
3037,211.6051,963.24,0.0,True
3038,211.6364,896.01,0.0,False
3039,211.6445,24989.78,90.0,False
3040,211.6625,43.0,90.0,False
3041,211.7348,1118.73,90.0,False
3042,211.7479,13.43,0.0,False
3043,211.7934,24534.14,0.0,False
3044,211.7937,32.68,0.0,False
3045,211.8041,30.61,0.0,False
3046,211.8097,23.53,0.0,False
3047,211.823,922.17,90.0,False
3048,211.8322,1043.37,90.0,False
3049,211.8418,963.08,0.0,False
3050,211.8512,871.16,90.0,False
3051,211.868,999.89,0.0,False
3052,211.8736,23905.18,0.0,False
3053,211.8766,29.54,0.0,False
3054,211.8774,9.94,0.0,True
3055,211.9327,926.96,0.0,True
3056,211.9576,1011.54,0.0,False
3057,211.959,895.84,90.0,False
3058,211.9969,885.91,0.0,False
3059,212.0015,38.29,0.0,False
3060,212.0023,964.04,90.0,True
3061,212.0046,24.01,0.0,False
3062,212.0323,928.67,90.0,False
3063,212.0355,778.28,0.0,False
3064,212.0422,938.34,0.0,False
3065,212.065,896.31,0.0,False
3066,212.0785,24436.26,90.0,False
3067,212.1219,756.71,0.0,False
3068,212.1355,869.69,12.6667,True
3069,212.1513,13.43,0.0,False
3070,212.1709,983.59,0.0,False
3071,212.1987,985.5,0.0,False
3072,212.2106,973.6,0.0,False
3073,212.2381,916.19,0.0,False
3074,212.2413,910.0,0.0,False
3075,212.249,826.77,90.0,False
3076,212.25,891.35,90.0,True
3077,212.2555,832.98,0.0,False
3078,212.2588,25331.25,0.0,True
3079,212.2658,914.9,0.0,False
3080,212.2735,793.46,0.0,False
3081,212.3112,24268.12,0.0,False
3082,212.3155,19.34,90.0,True
3083,212.3217,1077.92,90.0,True
3084,212.3605,18.8,0.0,False
3085,212.3696,934.38,90.0,False
3086,212.3979,854.77,0.0,False
3087,212.4028,848.67,0.0,False
3088,212.4077,773.98,0.0,False
3089,212.4135,1035.11,12.6667,False
3090,212.4269,877.42,90.0,True
3091,212.4388,805.42,0.0,True
3092,212.4556,985.98,90.0,False
3093,212.4853,896.12,90.0,False
3094,212.4904,862.11,0.0,False
3095,212.5006,853.13,0.0,False
3096,212.5088,1002.05,90.0,False
3097,212.5277,924.13,90.0,True
3098,212.5522,861.33,0.0,False
3099,212.5745,880.48,0.0,False
3100,212.5871,969.96,0.0,True
3101,212.5969,23140.41,90.0,True
3102,212.6255,871.84,0.0,False
3103,212.6486,24229.18,90.0,False
3104,212.6575,959.56,0.0,False
3105,212.6641,25055.22,0.0,False
3106,212.6697,24023.73,0.0,False
3107,212.7182,25727.4,90.0,True
3108,212.7335,937.79,0.0,True
3109,212.7494,24164.0,0.0,True
3110,212.7794,15.64,0.0,True
3111,212.797,938.73,0.0,False
3112,212.8077,947.85,0.0,False
3113,212.8082,873.08,90.0,False
3114,212.8216,903.48,12.6667,True
3115,212.8376,941.16,90.0,False
3116,212.8666,858.64,0.0,False
3117,212.8693,16.87,0.0,False
3118,212.8776,851.3,90.0,True
3119,212.8795,1061.29,0.0,False
3120,212.8894,887.2,0.0,True
3121,212.8916,903.52,0.0,False
3122,212.8922,23915.34,0.0,False
3123,212.9261,987.53,0.0,True
3124,212.929,36.63,0.0,False
3125,212.9316,984.44,0.0,False
3126,212.9329,23718.85,0.0,False
3127,212.9337,23.78,0.0,True
3128,212.937,24449.09,0.0,False
3129,212.9581,856.62,90.0,False
3130,212.9581,1062.37,0.0,False
3131,212.9602,19.56,0.0,False
3132,212.961,16.4,0.0,False
3133,212.973,970.74,0.0,False
3134,212.9768,889.7,0.0,False
3135,212.9785,29.79,0.0,False
3136,212.9928,882.05,0.0,True
3137,212.9951,31.69,0.0,True
3138,212.9985,936.16,0.0,False
3139,213.003,47.81,0.0,False
3140,213.0261,826.89,0.0,False
3141,213.0303,22.0,0.0,True
3142,213.0462,15.65,0.0,False
3143,213.0643,9.12,90.0,False
3144,213.0673,24566.11,0.0,False
3145,213.0847,903.41,0.0,True
3146,213.096,20.69,0.0,True
3147,213.0967,874.77,90.0,False
3148,213.1039,15.34,90.0,False
3149,213.1055,867.12,90.0,True
3150,213.1144,828.08,0.0,False
3151,213.1224,24959.9,0.0,False
3152,213.1524,871.28,0.0,False
3153,213.1539,9.74,0.0,False
3154,213.1724,26000.27,0.0,False
3155,213.189,781.48,0.0,False
3156,213.1989,22931.87,0.0,False
3157,213.2026,837.31,0.0,False
3158,213.2029,949.82,0.0,False
3159,213.2061,990.67,90.0,False
3160,213.2287,909.65,0.0,False
3161,213.2396,993.57,90.0,False
3162,213.2605,970.79,90.0,False
3163,213.3041,35.38,0.0,False
3164,213.3041,770.04,0.0,False
3165,213.3104,882.53,0.0,False
3166,213.3139,18.66,0.0,False
3167,213.335,7.92,0.0,False
3168,213.3389,769.61,0.0,False
3169,213.3411,22.2,12.6667,False
3170,213.3543,949.28,0.0,False
3171,213.3594,6.89,0.0,False
3172,213.3633,828.92,0.0,False
3173,213.3668,844.83,0.0,True
3174,213.3746,986.6,90.0,True
3175,213.3797,1042.04,0.0,True
3176,213.4027,922.98,90.0,True
3177,213.4277,892.54,0.0,False
3178,213.4339,868.92,0.0,True
3179,213.4405,45.54,0.0,False
3180,213.4462,37.49,0.0,False
3181,213.45,36.5,0.0,False
3182,213.453,987.36,90.0,False
3183,213.4538,898.27,0.0,False
3184,213.4644,1017.24,90.0,False
3185,213.4751,1039.46,0.0,False
3186,213.489,896.22,0.0,False
3187,213.4976,984.58,0.0,False
3188,213.5469,869.9,0.0,False
3189,213.5562,900.59,0.0,False
3190,213.5813,850.83,90.0,True
3191,213.6044,15.16,12.6667,False
3192,213.6075,872.14,0.0,False
3193,213.6132,971.47,90.0,False
3194,213.6232,944.91,0.0,False
3195,213.624,822.75,0.0,False
3196,213.6349,836.29,0.0,False
3197,213.6534,24584.16,0.0,False
3198,213.6617,8.94,0.0,False
3199,213.663,24705.7,0.0,True
3200,213.6701,842.76,0.0,True
3201,213.6785,820.14,90.0,False
3202,213.6789,822.43,38.0,True
3203,213.6803,865.11,0.0,False
3204,213.6958,798.73,0.0,True
3205,213.7134,838.66,0.0,False
3206,213.7138,832.43,0.0,False
3207,213.7171,897.31,0.0,False
3208,213.7262,25040.0,0.0,False
3209,213.7342,808.44,0.0,False
3210,213.7722,913.8,0.0,False
3211,213.7752,896.93,0.0,False
3212,213.78,791.7,90.0,False
3213,213.799,837.46,0.0,False
3214,213.808,967.23,90.0,False
3215,213.854,15.79,90.0,False
3216,213.8593,882.27,0.0,False
3217,213.8673,974.95,0.0,True
3218,213.8705,1015.05,0.0,False
3219,213.8838,778.65,0.0,True
3220,213.8924,47.12,0.0,False
3221,213.9075,24950.34,0.0,False
3222,213.9082,853.86,19.0,False
3223,213.9445,909.62,90.0,False
3224,213.9486,901.74,0.0,False
3225,213.9543,24560.42,0.0,False
3226,213.962,975.35,90.0,False
3227,213.9685,1042.24,90.0,False
3228,213.9762,957.82,0.0,False
3229,213.9795,23619.53,0.0,False
3230,213.988,901.92,90.0,False
3231,214.0059,922.28,0.0,False
3232,214.0235,932.86,90.0,False
3233,214.032,42.95,0.0,False
3234,214.0428,36.68,0.0,False
3235,214.0476,21.23,0.0,False
3236,214.0544,903.69,0.0,False
3237,214.0661,828.34,0.0,False
3238,214.0754,1091.94,0.0,False
3239,214.094,798.03,0.0,True
3240,214.1195,978.45,0.0,False
3241,214.1287,27.57,90.0,False
3242,214.1474,14.2,0.0,False
3243,214.162,938.34,90.0,False
3244,214.1845,954.02,0.0,False
3245,214.1952,807.29,0.0,False
3246,214.2082,743.51,0.0,False
3247,214.2354,23198.3,90.0,False
3248,214.2455,998.37,0.0,False
3249,214.2579,1041.28,0.0,False
3250,214.2593,800.91,0.0,True
3251,214.2669,819.37,0.0,False
3252,214.2713,1006.98,0.0,False
3253,214.2806,931.39,90.0,False
3254,214.2816,8.4,90.0,True
3255,214.3029,15.79,0.0,False
3256,214.3282,992.21,0.0,False
3257,214.3342,1006.89,0.0,False
3258,214.3386,34.65,0.0,False
3259,214.3387,806.06,0.0,False
3260,214.3486,31.94,0.0,True
3261,214.3551,908.6,0.0,True
3262,214.3608,873.69,0.0,False
3263,214.3666,38.9,0.0,False
3264,214.3876,837.56,0.0,False
3265,214.4098,816.9,90.0,False
3266,214.418,899.67,0.0,True
3267,214.4308,801.99,95.0,False
3268,214.4332,892.0,0.0,True
3269,214.4366,809.58,0.0,False
3270,214.4633,52.12,0.0,False
3271,214.4886,747.94,90.0,False
3272,214.4888,841.1,0.0,False
3273,214.5021,8.15,90.0,False
3274,214.5116,860.11,0.0,False
3275,214.553,896.9,0.0,False
3276,214.5613,920.37,90.0,True
3277,214.5668,891.89,90.0,False
3278,214.5716,1047.72,0.0,False
3279,214.5761,891.47,0.0,True
3280,214.6018,884.95,90.0,False
3281,214.6055,925.63,90.0,False
3282,214.6069,990.72,0.0,False
3283,214.6258,943.1,0.0,False
3284,214.6428,1010.8,90.0,False
3285,214.6542,926.98,0.0,False
3286,214.6735,1045.57,90.0,False
3287,214.6736,926.26,0.0,False
3288,214.6814,950.05,90.0,True
3289,214.6997,24525.61,0.0,False
3290,214.7051,794.22,90.0,False
3291,214.7114,900.21,0.0,True
3292,214.737,24805.9,0.0,False
3293,214.7436,881.04,0.0,False
3294,214.7536,874.29,0.0,False
3295,214.7669,23243.49,0.0,False
3296,214.7703,846.72,85.0,False
3297,214.7778,824.7,90.0,True
3298,214.7893,843.11,0.0,True
3299,214.7923,26.99,0.0,False
3300,214.8135,908.45,0.0,False
3301,214.8205,937.62,0.0,True
3302,214.8246,937.66,0.0,False
3303,214.8252,864.44,90.0,False
3304,214.8387,945.0,0.0,False
3305,214.8412,866.89,0.0,True
3306,214.8463,973.2,0.0,False
3307,214.8713,22.14,0.0,False
3308,214.8725,1042.48,0.0,False
3309,214.8757,1002.62,0.0,False
3310,214.9083,19.58,0.0,True
3311,214.9135,968.01,0.0,False
3312,214.9287,918.99,0.0,False
3313,214.9323,837.58,90.0,True
3314,214.9341,999.35,0.0,True
3315,214.94,23416.16,0.0,False
3316,214.9425,899.87,90.0,False
3317,214.9446,946.61,0.0,False
3318,214.9462,839.25,0.0,True
3319,214.9533,947.52,0.0,False
3320,214.9538,40.2,90.0,False
3321,214.9593,863.15,0.0,False
3322,214.9698,18.32,90.0,False
3323,214.9913,24933.39,0.0,False
3324,215.0006,910.92,0.0,False
3325,215.0417,26.17,0.0,False
3326,215.0519,762.76,90.0,False
3327,215.0853,777.64,0.0,False
3328,215.0854,921.17,0.0,False
3329,215.0944,23452.34,0.0,False
3330,215.1273,894.56,0.0,False
3331,215.134,909.25,90.0,False
3332,215.1384,18.53,90.0,True
3333,215.1424,995.28,12.6667,False
3334,215.1465,38.33,0.0,True
3335,215.148,946.7,0.0,False
3336,215.1738,32.73,0.0,False
3337,215.1774,880.33,0.0,False
3338,215.1847,924.23,90.0,False
3339,215.1984,763.18,0.0,False
3340,215.2009,777.15,0.0,True
3341,215.2169,799.65,0.0,True
3342,215.2219,15.1,0.0,False
3343,215.2349,802.66,90.0,False
3344,215.2364,951.4,90.0,False
3345,215.2537,763.85,0.0,False
3346,215.2633,929.59,0.0,True
3347,215.2712,24115.51,90.0,False
3348,215.2755,831.75,0.0,False
3349,215.2903,24451.45,0.0,False
3350,215.2989,954.04,90.0,False
3351,215.3167,992.49,0.0,False
3352,215.3351,1004.99,0.0,False
3353,215.3393,705.8,0.0,False
3354,215.3468,23935.16,0.0,False
3355,215.3536,950.16,90.0,False
3356,215.394,983.56,12.6667,False
3357,215.4397,773.75,0.0,False
3358,215.4679,856.16,0.0,True
3359,215.4843,932.33,0.0,False
3360,215.4916,904.03,90.0,False
3361,215.4938,890.22,0.0,False
3362,215.5349,924.57,0.0,False
3363,215.5432,7.9,0.0,False
3364,215.5529,14.4,90.0,False
3365,215.5565,855.44,0.0,False
3366,215.5715,44.64,0.0,False
3367,215.5831,877.09,0.0,False
3368,215.5929,890.4,0.0,False
3369,215.6214,249181.7,0.0,True
3370,215.6421,800.12,0.0,True
3371,215.6591,2147.44,90.0,False
3372,215.6761,24173.29,63.3333,False
3373,215.6931,1012.55,0.0,False
3374,215.7049,828.42,0.0,False
3375,215.7125,1102.22,0.0,False
3376,215.7154,23608.3,0.0,False
3377,215.7478,23694.24,0.0,False
3378,215.7577,23971.26,0.0,False
3379,215.7601,896.82,0.0,False
3380,215.7613,37.93,0.0,False
3381,215.7665,843.29,90.0,False
3382,215.7846,796.17,0.0,False
3383,215.7985,22.61,0.0,False
3384,215.7987,993.52,90.0,True
3385,215.8144,846.15,90.0,False
3386,215.8267,854.45,0.0,False
3387,215.8292,26045.04,90.0,False
3388,215.8377,847.34,90.0,False
3389,215.8474,850.63,0.0,False
3390,215.8481,984.15,90.0,False
3391,215.8528,770.07,90.0,False
3392,215.8648,869.25,90.0,True
3393,215.8675,743.3,0.0,False
3394,215.8756,121.45,0.0,False
3395,215.8784,853.77,90.0,True
3396,215.8868,922.59,0.0,False
3397,215.888,25207.39,0.0,False
3398,215.8991,891.56,90.0,False
3399,215.9043,22.11,0.0,True
3400,215.9106,24440.1,19.0,False
3401,215.9134,884.2,90.0,False
3402,215.9162,25278.6,0.0,False
3403,215.9201,25241.37,90.0,False
3404,215.9305,981.9,0.0,True
3405,215.9362,858.03,0.0,True
3406,215.9422,857.29,0.0,False
3407,215.9469,1017.71,0.0,False
3408,215.9539,37.16,0.0,False
3409,215.9541,1024.43,0.0,False
3410,215.9584,822.74,90.0,False
3411,215.9637,883.73,0.0,False
3412,215.9809,19.29,0.0,False
3413,215.9878,987.86,0.0,False
3414,215.9907,24.05,90.0,False
3415,215.9992,767.55,0.0,True
3416,216.0052,13.86,0.0,True
3417,216.0056,23189.86,0.0,False
3418,216.0092,884.08,0.0,False
3419,216.0149,1023.89,0.0,False
3420,216.0172,8.13,0.0,False
3421,216.0184,28.33,0.0,True
3422,216.0197,25133.67,0.0,False
3423,216.0377,925.31,90.0,False
3424,216.0452,1025.99,0.0,False
3425,216.052,10.2,90.0,False
3426,216.0791,1075.5,0.0,False
3427,216.0796,850.1,90.0,True
3428,216.08,879.25,0.0,False
3429,216.0815,1010.5,0.0,False
3430,216.082,872.53,90.0,False
3431,216.1163,83.98,0.0,False
3432,216.1327,778.99,0.0,False
3433,216.1492,192.93,90.0,False
3434,216.151,31.79,0.0,False
3435,216.1566,946.49,0.0,False
3436,216.1643,15.16,0.0,False
3437,216.1781,948.25,19.0,False
3438,216.2054,971.12,0.0,False
3439,216.2055,24380.13,0.0,True
3440,216.2083,933.11,0.0,False
3441,216.212,875.9,0.0,False
3442,216.2155,877.2,0.0,False
3443,216.222,865.76,90.0,False
3444,216.2399,13.7,0.0,False
3445,216.2509,32.0,0.0,False
3446,216.259,993.99,0.0,False
3447,216.2755,24624.56,0.0,True
3448,216.2803,21.54,0.0,True
3449,216.2828,922.19,0.0,False
3450,216.2918,888.7,90.0,False
3451,216.2995,880.39,0.0,False
3452,216.3193,945.57,0.0,False
3453,216.3209,23929.03,90.0,False
3454,216.3217,896.79,0.0,False
3455,216.3219,893.14,0.0,False
3456,216.3348,948.38,0.0,True
3457,216.3368,1056.15,0.0,False
3458,216.3545,987.88,0.0,False
3459,216.3626,1150.07,0.0,False
3460,216.3663,869.18,0.0,False
3461,216.3744,946.92,0.0,False
3462,216.3759,835.56,0.0,False
3463,216.38,47.42,0.0,False
3464,216.3844,22696.23,0.0,False
3465,216.3848,836.23,0.0,False
3466,216.4022,899.03,0.0,False
3467,216.4154,878.79,0.0,False
3468,216.4354,897.88,90.0,False
3469,216.4583,12.39,12.6667,False
3470,216.4623,771.02,0.0,False
3471,216.4714,901.22,0.0,False
3472,216.4743,11.0,0.0,False
3473,216.4753,23362.03,0.0,False
3474,216.4819,17.59,0.0,False
3475,216.5018,997.45,0.0,False
3476,216.5161,855.64,0.0,False
3477,216.5186,67.1,85.0,False
3478,216.5204,826.61,90.0,True
3479,216.5297,815.9,0.0,False
3480,216.5329,886.32,0.0,False
3481,216.5563,24.1,0.0,True
3482,216.5891,12.13,0.0,False
3483,216.5898,888.49,90.0,False
3484,216.5907,24.79,0.0,True
3485,216.5916,842.93,90.0,False
3486,216.5921,929.02,0.0,False
3487,216.5979,843.61,90.0,False
3488,216.6058,917.94,0.0,False
3489,216.6206,28.83,0.0,False
3490,216.6241,903.76,0.0,False
3491,216.6244,889.95,0.0,False
3492,216.6301,77.87,0.0,True
3493,216.6428,715.85,0.0,True
3494,216.6508,38.2,90.0,False
3495,216.6522,895.02,0.0,False
3496,216.6837,22912.68,0.0,False
3497,216.7075,32.01,90.0,False
3498,216.7166,18.42,0.0,False
3499,216.7342,19.19,90.0,False
3500,216.7418,868.21,0.0,True
3501,216.7436,883.81,0.0,False
3502,216.7455,29.23,0.0,False
3503,216.7581,1005.96,0.0,False
3504,216.7598,126.4,90.0,True
3505,216.7736,1032.44,0.0,False
3506,216.7775,29996.35,0.0,False
3507,216.7779,778.16,0.0,False
3508,216.8251,456.05,90.0,False
3509,216.8502,968.52,0.0,False
3510,216.8938,948.51,0.0,False
3511,216.9021,925.07,0.0,False
3512,216.9092,960.34,0.0,False
3513,216.91,560808.62,0.0,False
3514,216.936,906.58,0.0,False
3515,216.9401,867.47,0.0,False
3516,216.9416,24532.15,0.0,True
3517,216.9671,728.47,0.0,False
3518,216.9705,27.82,0.0,False
3519,216.9711,915.75,0.0,True
3520,216.9951,23963.26,0.0,False
3521,216.9961,940.85,90.0,False
3522,217.0109,914.71,90.0,False
3523,217.0164,862.92,0.0,False
3524,217.0186,903.91,0.0,False
3525,217.0189,878.49,0.0,False
3526,217.0204,938.93,0.0,False
3527,217.0229,831.37,0.0,False
3528,217.0292,35.28,0.0,True
3529,217.031,805.24,90.0,False
3530,217.0432,40.21,90.0,False
3531,217.0443,9.31,90.0,True
3532,217.0458,20.0,90.0,False
3533,217.0549,24335.21,90.0,True
3534,217.0595,872.31,0.0,False
3535,217.0661,854.23,90.0,False
3536,217.075,766.63,0.0,False
3537,217.0937,1013.17,0.0,True
3538,217.0954,34.77,0.0,False
3539,217.0985,25174.92,0.0,False
3540,217.1,912.86,0.0,True
3541,217.1062,1089.54,90.0,False
3542,217.1173,826.43,90.0,False
3543,217.1224,953.76,0.0,True
3544,217.1233,10.16,0.0,False
3545,217.1322,10.37,25.3333,False
3546,217.1421,956.66,0.0,False
3547,217.1677,903.36,0.0,False
3548,217.1787,987.4,0.0,False
3549,217.1837,960.89,0.0,False
3550,217.196,24660.79,90.0,False
3551,217.2084,12.51,12.6667,False
3552,217.2143,13.55,90.0,False
3553,217.2238,898.42,90.0,False
3554,217.2292,823.81,90.0,False
3555,217.2371,29.64,25.3333,False
3556,217.2414,9.83,0.0,False
3557,217.2419,878.52,0.0,False
3558,217.2428,30.68,90.0,False
3559,217.2613,952.84,0.0,True
3560,217.2683,117.7,0.0,True
3561,217.2979,912.04,0.0,True
3562,217.3057,317.97,0.0,False
3563,217.3069,812.23,0.0,False
3564,217.3095,864.8,90.0,False
3565,217.3126,833.84,0.0,False
3566,217.3224,9.92,90.0,False
3567,217.3346,8.78,90.0,False
3568,217.3521,1003.75,0.0,False
3569,217.3528,911.28,0.0,False
3570,217.3587,18.68,0.0,False
3571,217.3624,24517.68,0.0,False
3572,217.3646,849.35,90.0,False
3573,217.3656,782.92,0.0,True
3574,217.368,149.74,90.0,False
3575,217.385,855.79,85.0,True
3576,217.3854,25925.34,0.0,False
3577,217.3896,851.15,90.0,False
3578,217.4006,957.84,0.0,False
3579,217.4179,404.29,0.0,False
3580,217.4385,829.65,90.0,False
3581,217.4508,40.15,0.0,False
3582,217.4563,1103.24,0.0,False
3583,217.4882,932.01,90.0,True
3584,217.4894,11.41,0.0,True
3585,217.5424,967.32,0.0,False
3586,217.5436,835.8,90.0,False
3587,217.5713,8.88,0.0,False
3588,217.5899,24932.51,0.0,False
3589,217.6235,928.08,0.0,True
3590,217.6251,18.24,0.0,False
3591,217.6339,18.31,0.0,True
3592,217.65,35.1,90.0,True
3593,217.6532,348.42,0.0,False
3594,217.6536,9.89,38.0,False
3595,217.6599,1008.89,90.0,False
3596,217.6708,8.97,0.0,False
3597,217.6855,800.99,90.0,False
3598,217.7181,25198.7,0.0,False
3599,217.7181,16.07,0.0,False
3600,217.7224,24109.93,0.0,False
3601,217.7553,9.36,0.0,False
3602,217.7565,30.33,0.0,True
3603,217.7655,853.67,85.0,False
3604,217.7767,7.95,90.0,False
3605,217.7779,905.9,0.0,True
3606,217.7873,940.81,90.0,False
3607,217.7949,976.38,0.0,False
3608,217.8051,922.53,0.0,False
3609,217.8318,921.74,0.0,False
3610,217.8517,24178.29,90.0,False
3611,217.8587,4242.03,0.0,False
3612,217.8611,2984.04,90.0,False
3613,217.8662,6116.21,0.0,False
3614,217.8703,9.25,90.0,False
3615,217.912,876.09,90.0,False
3616,217.9514,29.61,0.0,False
3617,217.9722,2097.45,0.0,False
3618,217.9736,102.45,90.0,False
3619,217.9792,982.14,0.0,False
3620,217.9837,1025.48,0.0,False
3621,217.9974,23582.6,0.0,False
3622,218.0042,63.88,0.0,True
3623,218.0094,13453.82,0.0,False
3624,218.0095,9.37,0.0,False
3625,218.0153,920.88,0.0,False
3626,218.0203,951.01,0.0,True
3627,218.0316,42.59,90.0,False
3628,218.0391,884.36,0.0,False
3629,218.0405,71.72,0.0,True
3630,218.0452,10.09,0.0,False
3631,218.0495,224.0,0.0,False
3632,218.0502,941.48,0.0,False
3633,218.0836,163.1,0.0,False
3634,218.1055,861.55,19.0,False
3635,218.107,13.19,90.0,False
3636,218.1365,30.57,90.0,False
3637,218.1414,894.56,85.0,True
3638,218.1438,927.01,0.0,False
3639,218.155,302.54,0.0,False
3640,218.1589,995.82,0.0,False
3641,218.175,923.53,0.0,False
3642,218.1775,366.19,0.0,False
3643,218.2004,14.8,0.0,False
3644,218.2067,266.52,0.0,False
3645,218.2075,890.13,0.0,False
3646,218.2236,73378.21,90.0,True
3647,218.2417,24906.26,90.0,False
3648,218.2542,921.97,90.0,False
3649,218.266,110.66,90.0,True
3650,218.2728,945.65,90.0,False
3651,218.2855,27.71,90.0,False
3652,218.3145,17.87,0.0,False
3653,218.3149,913.84,0.0,False
3654,218.3157,24638.73,90.0,False
3655,218.3285,15.79,0.0,False
3656,218.3348,861.8,0.0,False
3657,218.3363,1357.57,0.0,False
3658,218.3387,11.19,0.0,False
3659,218.3427,24859.75,0.0,False
3660,218.3529,802.47,0.0,False
3661,218.3547,19.22,85.0,True
3662,218.3616,10343.78,0.0,False
3663,218.3636,50.57,0.0,False
3664,218.3771,8.87,90.0,False
3665,218.3795,12.12,0.0,False
3666,218.3844,988.77,95.0,False
3667,218.3903,952.9,0.0,True
3668,218.4002,902.27,0.0,False
3669,218.4274,453.49,0.0,True
3670,218.4376,1003.73,90.0,False
3671,218.4399,27.68,90.0,False
3672,218.4525,24018.48,0.0,False
3673,218.4632,9.09,0.0,True
3674,218.4711,48.09,0.0,False
3675,218.4821,1048.48,0.0,True
3676,218.4884,9.5,0.0,False
3677,218.49,914.37,90.0,True
3678,218.4949,901.64,0.0,True
3679,218.5092,984.24,63.3333,False
3680,218.512,948.75,90.0,False
3681,218.528,1628.98,0.0,False
3682,218.5327,5772.87,0.0,True
3683,218.5438,23137.93,0.0,False
3684,218.5923,921.49,0.0,False
3685,218.6127,21.25,0.0,False
3686,218.64,511.02,0.0,True
3687,218.652,828.82,90.0,False
3688,218.6633,1038.57,0.0,False
3689,218.6659,921.99,90.0,False
3690,218.6716,8.87,0.0,False
3691,218.6919,7.53,0.0,True
3692,218.6961,23849.13,0.0,True
3693,218.6966,33.35,90.0,False
3694,218.7021,24564.97,0.0,False
3695,218.7112,15.52,0.0,False
3696,218.7137,20.34,0.0,False
3697,218.7172,39257.91,0.0,True
3698,218.7276,1044.73,90.0,False
3699,218.7292,874.5,0.0,False
3700,218.7405,35946.65,0.0,False
3701,218.7543,901.59,0.0,False
3702,218.7584,886.14,0.0,True
3703,218.7641,9.0,0.0,False
3704,218.7678,806.63,90.0,False
3705,218.7741,793.18,0.0,False
3706,218.797,9.64,0.0,False
3707,218.8157,768.32,0.0,False
3708,218.8372,856.42,0.0,False
3709,218.8374,822.97,0.0,False
3710,218.8505,8.71,0.0,False
3711,218.8655,914.86,0.0,False
3712,218.8689,203.17,0.0,False
3713,218.8797,978.76,0.0,False
3714,218.8957,24864.45,57.0,False
3715,218.9,897.65,0.0,False
3716,218.902,827.75,0.0,False
3717,218.9077,910.2,0.0,True
3718,218.916,415.69,0.0,False
3719,218.9227,893.45,0.0,False
3720,218.9234,857.05,0.0,False
3721,218.9342,9.26,0.0,False
3722,218.9387,849.88,0.0,False
3723,218.952,1020.86,0.0,False
3724,218.9639,982.2,0.0,False
3725,218.991,9.2,0.0,False
3726,218.9927,381.62,0.0,True
3727,218.9972,18.25,0.0,False
3728,219.0106,25102.23,0.0,False
3729,219.0299,9.86,0.0,False
3730,219.0404,96.07,0.0,False
3731,219.0419,379.95,0.0,True
3732,219.0444,8.34,0.0,False
3733,219.0494,902.34,90.0,True
3734,219.0518,879.58,0.0,False
3735,219.0526,24068.93,0.0,False
3736,219.1007,9.1,0.0,False
3737,219.1097,1317.03,12.6667,False
3738,219.1185,44.94,0.0,False
3739,219.1189,923.24,0.0,False
3740,219.1315,896.9,90.0,False
3741,219.1332,58.5,0.0,False
3742,219.1608,955.39,0.0,False
3743,219.1661,8.75,0.0,True
3744,219.1772,333.2,90.0,False
3745,219.178,813.39,0.0,False
3746,219.1795,40.53,90.0,False
3747,219.1802,889.98,0.0,True
3748,219.1861,24113.6,0.0,False
3749,219.1951,30.08,0.0,False
3750,219.1989,796.7,90.0,False
3751,219.2045,28.67,0.0,False
3752,219.2166,23919.49,0.0,False
3753,219.2494,1326.28,0.0,True
3754,219.2571,892.98,85.0,False
3755,219.2649,536.47,0.0,False
3756,219.2812,929.73,0.0,False
3757,219.2847,73804.8,0.0,False
3758,219.2849,16.19,0.0,False
3759,219.2901,584.33,0.0,False
3760,219.2978,102.71,0.0,False
3761,219.327,8.22,90.0,False
3762,219.3319,491.86,0.0,False
3763,219.3372,425033.26,0.0,False
3764,219.3373,9.75,90.0,True
3765,219.3433,97.68,90.0,False
3766,219.3544,863.93,0.0,False
3767,219.391,8.58,0.0,False
3768,219.3954,879.18,90.0,False
3769,219.3959,23410.32,0.0,True
3770,219.3988,234.43,0.0,False
3771,219.4026,1087.41,0.0,False
3772,219.4065,296.58,90.0,False
3773,219.4114,9.09,0.0,False
3774,219.4158,1247.55,0.0,False
3775,219.4187,9.8,90.0,False
3776,219.4196,204.78,0.0,False
3777,219.4396,798.4,0.0,False
3778,219.4573,23.9,85.0,False
3779,219.458,119.57,0.0,False
3780,219.4638,1007.36,0.0,False
3781,219.4775,45.19,0.0,False
3782,219.5,9738.12,0.0,False
3783,219.5097,148.32,0.0,False
3784,219.5139,930.7,0.0,True
3785,219.5165,10.31,0.0,False
3786,219.5268,26.07,0.0,False
3787,219.5601,972.18,0.0,False
3788,219.5665,49.96,0.0,False
3789,219.5856,714.92,90.0,False
3790,219.5916,34.69,0.0,False
3791,219.5931,10.1,19.0,False
3792,219.5982,845.33,0.0,False
3793,219.6233,9.18,0.0,True
3794,219.6357,893.51,0.0,False
3795,219.6403,24.95,0.0,False
3796,219.6425,25.13,0.0,False
3797,219.6491,23254.73,0.0,False
3798,219.669,57563.09,0.0,False
3799,219.6908,903.1,90.0,False
3800,219.7343,913.87,0.0,False
3801,219.7345,10792.85,0.0,False
3802,219.7421,23946.62,90.0,True
3803,219.7779,6162.35,0.0,False
3804,219.7793,883.01,90.0,False
3805,219.7838,122.04,12.6667,True
3806,219.7963,879.17,0.0,True
3807,219.7995,8384.94,0.0,False
3808,219.8072,878.32,0.0,False
3809,219.8514,271.4,0.0,False
3810,219.8516,1061.19,0.0,True
3811,219.8641,874.06,0.0,False
3812,219.8737,23.35,0.0,True
3813,219.8739,698.77,90.0,True
3814,219.8747,7.78,0.0,False
3815,219.8836,10.81,0.0,False
3816,219.8938,160.51,0.0,False
3817,219.9139,3256.77,0.0,False
3818,219.9142,1502.55,90.0,True
3819,219.9196,20.8,0.0,False
3820,219.924,363.23,0.0,False
3821,219.9295,529907.04,0.0,False
3822,219.9355,775.15,0.0,True
3823,219.9433,241734.05,90.0,False
3824,219.947,9.51,0.0,False
3825,219.9525,1846.05,0.0,False
3826,219.9588,14185.1,0.0,False
3827,219.9802,28.72,0.0,False
3828,219.9812,907.57,90.0,False
3829,219.9961,8.96,0.0,True
3830,220.0058,952.78,0.0,False
3831,220.0081,14.96,0.0,False
3832,220.0161,607.08,90.0,True
3833,220.0221,13.69,0.0,True
3834,220.0261,1007.61,90.0,False
3835,220.0493,962.71,0.0,False
3836,220.0527,215.8,90.0,False
3837,220.0531,852.22,0.0,False
3838,220.0534,8.93,0.0,False
3839,220.054,933.69,0.0,False
3840,220.0556,40067.93,0.0,True
3841,220.0622,938.03,0.0,True
3842,220.0704,39853.37,0.0,True
3843,220.0827,822.07,0.0,False
3844,220.0901,607.63,0.0,False
3845,220.1141,2836.28,0.0,True
3846,220.1251,292.95,0.0,False
3847,220.1362,962.61,0.0,False
3848,220.1651,96.93,0.0,True
3849,220.1681,66713.48,0.0,False
3850,220.1882,11086.56,0.0,True
3851,220.1914,8.93,12.6667,False
3852,220.1999,9.12,0.0,False
3853,220.2057,172.3,90.0,False
3854,220.2291,57.91,0.0,False
3855,220.2316,8.4,0.0,False
3856,220.2323,976.16,0.0,False
3857,220.2365,974.52,0.0,True
3858,220.2491,951.81,90.0,False
3859,220.2529,1023.18,0.0,False
3860,220.263,768.88,38.0,False
3861,220.264,141465.49,0.0,False
3862,220.2684,9.79,0.0,False
3863,220.2709,548.82,0.0,False
3864,220.2753,863.11,0.0,False
3865,220.2864,7.72,0.0,False
3866,220.3021,23.23,0.0,False
3867,220.3324,8.63,90.0,False
3868,220.3335,3858.92,0.0,False
3869,220.3665,8.45,0.0,False
3870,220.3711,10.01,0.0,False
3871,220.3901,36.23,90.0,False
3872,220.3911,931.55,90.0,False
3873,220.3957,128.08,90.0,False
3874,220.4015,7.52,90.0,False
3875,220.4327,3626.46,0.0,False
3876,220.4335,8.62,0.0,False
3877,220.4733,9.92,90.0,False
3878,220.4829,1198046.31,0.0,False
3879,220.4845,336.57,90.0,False
3880,220.486,2849.93,0.0,False
3881,220.4876,9.94,0.0,False
3882,220.4879,617.53,0.0,False
3883,220.4888,1525.1,0.0,False
3884,220.4925,916.93,0.0,True
3885,220.4952,1432.55,0.0,False
3886,220.5035,99.29,0.0,False
3887,220.5074,978.83,0.0,True
3888,220.5154,10.89,90.0,False
3889,220.5162,426.49,90.0,False
3890,220.5196,81817.34,0.0,False
3891,220.5206,20035.97,90.0,False
3892,220.5238,766.84,0.0,False
3893,220.5383,166.98,90.0,False
3894,220.5408,7.76,90.0,False
3895,220.5471,743.2,0.0,True
3896,220.5578,9.52,0.0,True
3897,220.5626,9.2,0.0,False
3898,220.5929,1064.3,0.0,True
3899,220.6029,10.38,90.0,False
3900,220.6109,38.74,90.0,True
3901,220.6128,845.75,0.0,True
3902,220.6153,907.85,0.0,False
3903,220.6162,7.82,0.0,False
3904,220.6417,353.16,0.0,False
3905,220.6487,924.01,0.0,True
3906,220.65,3087.61,90.0,True
3907,220.6741,389.84,90.0,True
3908,220.6769,3831.18,0.0,False
3909,220.7137,793.02,0.0,True
3910,220.721,2870.34,0.0,False
3911,220.7368,10.08,0.0,False
3912,220.7453,834.96,0.0,False
3913,220.7553,9.87,0.0,False
3914,220.7781,18.58,0.0,True
3915,220.7941,295.36,0.0,False
3916,220.7991,9.51,0.0,False
3917,220.8091,352.39,0.0,True
3918,220.821,193.48,90.0,False
3919,220.8226,8.24,0.0,False
3920,220.8246,810.48,90.0,False
3921,220.8283,234.43,0.0,False
3922,220.8456,265.87,0.0,False
3923,220.8628,53.02,0.0,False
3924,220.8688,11.48,0.0,False
3925,220.8766,236.07,0.0,False
3926,220.877,9.03,0.0,False
3927,220.8954,901.31,90.0,False
3928,220.9186,174.65,85.0,False
3929,220.9193,9.46,0.0,False
3930,220.9304,720.23,90.0,False
3931,220.9599,111.9,90.0,False
3932,220.9624,683.63,0.0,False
3933,220.9696,8.8,0.0,True
3934,221.0007,8.64,0.0,False
3935,221.0107,954.78,0.0,False
3936,221.0165,3607950.57,0.0,True
3937,221.0305,183.38,0.0,False
3938,221.0763,9.67,0.0,False
3939,221.0791,574.3,0.0,False
3940,221.0948,560.04,0.0,False
3941,221.0972,8.96,0.0,False
3942,221.1127,559.93,0.0,False
3943,221.1189,181.11,0.0,True
3944,221.1221,9.67,0.0,False
3945,221.1236,157.16,90.0,False
3946,221.1312,8.42,0.0,False
3947,221.1597,836.27,0.0,False
3948,221.1748,372.11,0.0,False
3949,221.1801,344.68,90.0,False
3950,221.1877,166.81,0.0,False
3951,221.1901,3207.03,0.0,False
3952,221.1981,1002.91,0.0,False
3953,221.2011,528.74,0.0,False
3954,221.2017,8.83,0.0,False
3955,221.2205,919.24,90.0,False
3956,221.226,6743.98,0.0,False
3957,221.2295,8.8,0.0,False
3958,221.2354,260.85,0.0,True
3959,221.2373,7.85,90.0,False
3960,221.2383,363.46,0.0,False
3961,221.264,617.74,90.0,True
3962,221.2666,161.81,0.0,False
3963,221.2706,8.8,90.0,False
3964,221.2762,898.26,0.0,False
3965,221.288,187311.54,0.0,False
3966,221.2883,281.22,0.0,False
3967,221.2899,9.87,0.0,False
3968,221.2938,9.15,0.0,False
3969,221.3089,828.55,90.0,False
3970,221.3174,936.36,0.0,False
3971,221.3237,164.07,0.0,False
3972,221.3277,1183.07,90.0,False
3973,221.3298,9.29,0.0,False
3974,221.3334,782.8,0.0,True
3975,221.3661,52751.34,0.0,False
3976,221.3661,946.66,0.0,True
3977,221.3747,9.24,90.0,False
3978,221.3758,798.88,90.0,True
3979,221.377,10.39,0.0,False
3980,221.3771,105138.01,90.0,False
3981,221.382,8.99,0.0,False
3982,221.3995,455.6,0.0,True
3983,221.4066,8.53,0.0,False
3984,221.4179,236.87,0.0,False
3985,221.424,755.51,0.0,False
3986,221.4403,531.22,0.0,False
3987,221.4459,5293.42,0.0,False
3988,221.4476,253.4,0.0,True
3989,221.4495,216.01,0.0,False
3990,221.4551,42.5,0.0,False
3991,221.46,922.81,0.0,False
3992,221.4649,9.35,90.0,False
3993,221.467,2175.17,0.0,False
3994,221.5151,43310.01,19.0,False
3995,221.5283,207.73,90.0,False
3996,221.5303,835.72,0.0,False
3997,221.5375,1348.58,90.0,False
3998,221.5378,24790.49,0.0,True
3999,221.5518,932.01,0.0,False
4000,221.5601,6530.61,90.0,False
4001,221.5617,46.18,0.0,False
4002,221.5849,9.8,0.0,False
4003,221.5985,133.07,0.0,False
4004,221.5986,281.1,0.0,False
4005,221.6068,2060.39,0.0,False
4006,221.609,8.78,90.0,True
4007,221.6113,33.41,0.0,False
4008,221.6202,8.92,0.0,True
4009,221.6228,8.86,0.0,False
4010,221.6296,1486.83,0.0,False
4011,221.6367,366.01,90.0,False
4012,221.6573,9.23,0.0,True
4013,221.6579,305.84,90.0,False
4014,221.6645,1006.73,0.0,False
4015,221.6706,644368.09,0.0,False
4016,221.6962,8730.68,0.0,False
4017,221.7144,267.61,90.0,False
4018,221.721,2416.66,0.0,False
4019,221.733,307.44,90.0,False
4020,221.7387,77.68,0.0,False
4021,221.7496,386.92,0.0,True
4022,221.7544,418.65,90.0,False
4023,221.7822,7.74,0.0,True
4024,221.7846,597.01,0.0,False
4025,221.7878,1510.25,0.0,False
4026,221.8236,159.09,90.0,False
4027,221.8257,9.62,90.0,False
4028,221.8288,4147.78,0.0,False
4029,221.8462,10.68,90.0,False
4030,221.8528,445.44,0.0,False
4031,221.8574,62.03,12.6667,False
4032,221.8744,566.83,0.0,False
4033,221.8855,6535640.07,0.0,False
4034,221.887,22771.85,90.0,False
4035,221.8922,9.08,0.0,False
4036,221.895,9.9,0.0,False
4037,221.9047,9.61,90.0,False
4038,221.9099,850.96,90.0,True
4039,221.9123,9.11,0.0,False
4040,221.9281,391.33,0.0,True
4041,221.9308,10.07,90.0,False
4042,221.941,10.1,0.0,False
4043,221.9649,888.04,0.0,False
4044,221.9663,8.59,90.0,False
4045,221.9736,8.65,90.0,False
4046,221.9881,764.55,0.0,False
4047,221.9917,59.76,0.0,True
4048,222.0009,252.77,0.0,False
4049,222.0083,13714.54,0.0,False
4050,222.0117,11.01,63.3333,False
4051,222.0187,8.51,0.0,False
4052,222.0212,8.55,12.6667,True
4053,222.0345,1625.93,90.0,False
4054,222.0413,139.9,90.0,False
4055,222.0488,871.19,0.0,False
4056,222.0552,9.28,0.0,False
4057,222.0659,10.08,0.0,False
4058,222.0672,8.16,90.0,False
4059,222.0751,3159.13,90.0,False
4060,222.0944,7.78,0.0,False
4061,222.0963,9.92,90.0,False
4062,222.0971,9.44,90.0,False
4063,222.0997,16.77,0.0,True
4064,222.1227,1039.98,38.0,False
4065,222.1256,9.51,0.0,False
4066,222.127,927.02,0.0,True
4067,222.1436,8.48,0.0,False
4068,222.1628,272.31,0.0,True
4069,222.1726,888.96,0.0,False
4070,222.175,219.0,0.0,True
4071,222.1829,753.74,0.0,False
4072,222.1862,648.12,0.0,False
4073,222.1875,925.52,0.0,True
4074,222.2021,9.92,90.0,False
4075,222.2049,488.82,0.0,False
4076,222.2074,407215.18,0.0,False
4077,222.235,358.28,0.0,False
4078,222.2361,413.96,90.0,True
4079,222.2388,489.04,90.0,True
4080,222.2465,9.66,90.0,False
4081,222.2476,49.18,90.0,False
4082,222.2536,980.58,0.0,False
4083,222.2681,2511.61,0.0,False
4084,222.2742,108.21,0.0,False
4085,222.2744,5807.0,0.0,False
4086,222.2749,8.06,0.0,False
4087,222.3027,8.89,0.0,False
4088,222.3182,10.06,0.0,True
4089,222.3204,10.01,0.0,True
4090,222.3462,319.36,0.0,True
4091,222.3506,7.87,0.0,False
4092,222.355,9.71,0.0,False
4093,222.3773,935.14,0.0,False
4094,222.3785,3028.57,0.0,False
4095,222.3863,9.35,90.0,False
4096,222.3915,542.44,0.0,False
4097,222.3944,2790.09,0.0,False
4098,222.3945,9.44,0.0,False
4099,222.4002,229.12,90.0,False
4100,222.4046,18518.11,0.0,True
4101,222.4099,420.87,0.0,False
4102,222.4217,123.47,90.0,False
4103,222.4218,10.52,90.0,False
4104,222.4248,241.24,0.0,False
4105,222.4277,235.41,0.0,False
4106,222.429,154.12,0.0,False
4107,222.4412,342641.59,0.0,False
4108,222.4568,4489.57,90.0,False
4109,222.4588,44.52,0.0,False
4110,222.4664,14729.87,0.0,False
4111,222.469,8.81,0.0,False
4112,222.4706,23972.07,0.0,True
4113,222.4852,1940496.68,63.3333,False
4114,222.4898,1553.09,0.0,False
4115,222.5009,216.7,0.0,False
4116,222.5021,9.68,0.0,False
4117,222.5217,116.87,0.0,False
4118,222.5285,2230.17,0.0,True
4119,222.5298,805.78,0.0,False
4120,222.5331,321.81,0.0,False
4121,222.5419,188.29,0.0,False
4122,222.5611,10.05,0.0,False
4123,222.5625,28.58,0.0,True
4124,222.5773,72.35,0.0,False
4125,222.5829,10.93,0.0,False
4126,222.5884,385.86,0.0,False
4127,222.5915,301.16,19.0,False
4128,222.5938,9.04,0.0,False
4129,222.5983,819.99,90.0,False
4130,222.6014,50.97,90.0,True
4131,222.6144,7.63,0.0,False
4132,222.6266,10.51,0.0,False
4133,222.6303,1224.55,0.0,False
4134,222.6343,44.41,0.0,False
4135,222.6371,1767.55,0.0,True
4136,222.6443,54403.58,0.0,False
4137,222.6494,143.91,0.0,False
4138,222.6601,29267.04,90.0,False
4139,222.6652,10700.28,0.0,False
4140,222.6669,589.15,0.0,False
4141,222.6677,20569.62,0.0,True
4142,222.6703,844861.62,0.0,False
4143,222.7037,111.11,90.0,False
4144,222.7049,9.03,90.0,True
4145,222.7049,171.68,90.0,True
4146,222.7052,8.65,0.0,True
4147,222.7082,19859.3,0.0,False
4148,222.719,70.81,90.0,False
4149,222.7215,1090.84,0.0,False
4150,222.7237,30459.78,0.0,True
4151,222.7438,17588.25,90.0,False
4152,222.744,230923.49,0.0,True
4153,222.7529,8.52,0.0,False
4154,222.7548,262.85,0.0,True
4155,222.7677,597.12,0.0,False
4156,222.7716,9.7,90.0,False
4157,222.7754,472.32,0.0,False
4158,222.7781,11.0,0.0,False
4159,222.7834,2863.39,0.0,False
4160,222.7842,110.37,0.0,False
4161,222.8176,9.16,0.0,True
4162,222.8219,23803.57,0.0,True
4163,222.8219,948.86,0.0,False
4164,222.8368,8.59,0.0,True
4165,222.8468,11.47,0.0,False
4166,222.86,364.92,90.0,False
4167,222.8687,698.27,0.0,True
4168,222.8779,74.42,0.0,False
4169,222.8792,215.03,0.0,False
4170,222.8822,8.81,0.0,True
4171,222.8942,12543.24,0.0,False
4172,222.9041,36257.29,0.0,False
4173,222.9107,3566.86,90.0,False
4174,222.9115,35889.36,0.0,False
4175,222.9188,8.77,90.0,False
4176,222.9193,223.92,0.0,False
4177,222.9364,9.85,0.0,False
4178,222.9404,889.32,90.0,False
4179,222.9456,28.38,0.0,False
4180,222.9548,1031.79,90.0,True
4181,222.966,164.37,90.0,False
4182,222.9763,932831.86,90.0,False
4183,222.9772,7.07,0.0,False
4184,222.9875,2344.82,0.0,False
4185,222.9907,465.25,0.0,False
4186,222.9991,9.7,0.0,False
4187,223.002,32594.19,0.0,False
4188,223.0135,903.73,90.0,False
4189,223.0189,9.19,0.0,False
4190,223.0235,10.35,90.0,False
4191,223.0251,9.81,90.0,False
4192,223.0313,23997.75,0.0,False
4193,223.0344,169.19,0.0,False
4194,223.0377,9.07,0.0,True
4195,223.0412,7.93,90.0,False
4196,223.0675,8.85,0.0,False
4197,223.0722,9.34,90.0,False
4198,223.075,540.72,90.0,False
4199,223.0758,10.51,0.0,False
4200,223.0821,437.43,0.0,False
4201,223.0899,871.12,0.0,False
4202,223.1112,8.51,0.0,False
4203,223.1123,9.3,0.0,True
4204,223.126,738997.04,38.0,False
4205,223.1285,18192.73,0.0,True
4206,223.1329,4903.15,0.0,False
4207,223.1341,286.29,0.0,True
4208,223.1417,537998.03,90.0,False
4209,223.1521,10513.97,0.0,False
4210,223.1544,128.18,90.0,False
4211,223.158,117.12,0.0,False
4212,223.1595,272.9,0.0,False
4213,223.1695,10.03,0.0,False
4214,223.1764,4567.59,0.0,False
4215,223.1802,1264.58,0.0,False
4216,223.1821,94.66,0.0,False
4217,223.1845,9.99,0.0,False
4218,223.2041,534.0,0.0,False
4219,223.2117,9169.19,0.0,False
4220,223.2228,8.55,0.0,False
4221,223.226,66.42,0.0,False
4222,223.2307,9.18,0.0,False
4223,223.2398,472.24,0.0,False
4224,223.2474,243.55,0.0,False
4225,223.2493,1414860.8,0.0,False
4226,223.2587,8.09,90.0,False
4227,223.2588,9.42,90.0,False
4228,223.2601,350.56,90.0,False
4229,223.2642,289.86,0.0,False
4230,223.2897,54.04,0.0,False
4231,223.2908,9.11,0.0,False
4232,223.3011,809.91,0.0,False
4233,223.304,189.79,0.0,True
4234,223.3059,2366.53,0.0,False
4235,223.3145,30.32,0.0,False
4236,223.3212,149.83,90.0,False
4237,223.3387,8.36,0.0,False
4238,223.3452,8.87,0.0,False
4239,223.3533,7.89,0.0,False
4240,223.3542,1008.61,0.0,False
4241,223.3567,9.25,90.0,False
4242,223.3691,405.24,90.0,False
4243,223.379,98.03,0.0,True
4244,223.3944,10.47,0.0,False
4245,223.3963,266.21,50.6667,True
4246,223.3996,1017.62,90.0,False
4247,223.4024,32.94,0.0,True
4248,223.4051,209.09,0.0,False
4249,223.4136,380.78,0.0,False
4250,223.415,41.18,0.0,False
4251,223.4389,328.11,0.0,False
4252,223.4419,8.56,90.0,False
4253,223.4565,4675.16,0.0,True
4254,223.4644,88214.22,0.0,True
4255,223.4893,211.23,90.0,False
4256,223.4975,8.41,0.0,False
4257,223.4995,1061.78,90.0,False
4258,223.5094,461.72,90.0,False
4259,223.5143,9.35,90.0,False
4260,223.516,287.99,0.0,True
4261,223.516,203.8,90.0,False
4262,223.5249,1968.12,0.0,False
4263,223.5392,9.39,0.0,False
4264,223.542,9.42,0.0,False
4265,223.5425,163.44,0.0,False
4266,223.5492,10.53,0.0,False
4267,223.5578,47952.99,0.0,False
4268,223.5584,16129.43,0.0,False
4269,223.5682,1627.24,90.0,True
4270,223.5748,9.82,90.0,False
4271,223.581,101.35,0.0,True
4272,223.5863,8.81,0.0,False
4273,223.59,372.36,0.0,False
4274,223.6133,10.6,0.0,False
4275,223.6288,110.04,90.0,False
4276,223.6393,8.79,90.0,False
4277,223.6431,1685.64,0.0,True
4278,223.6526,7.85,0.0,False
4279,223.671,199.69,0.0,False
4280,223.677,218.71,0.0,False
4281,223.6825,9.18,0.0,False
4282,223.69,1526655.49,0.0,True
4283,223.6933,1244.91,90.0,False
4284,223.728,8.86,0.0,False
4285,223.752,9.45,0.0,True
4286,223.7604,45.07,0.0,False
4287,223.7692,18088.5,90.0,False
4288,223.7855,563.25,90.0,False
4289,223.7901,8.62,0.0,False
4290,223.7984,9.36,90.0,False
4291,223.8092,9.51,0.0,True
4292,223.8119,838.34,0.0,False
4293,223.8182,1025.93,0.0,False
4294,223.8197,2514.83,90.0,False
4295,223.8277,265215.31,0.0,False
4296,223.8278,8.7,0.0,False
4297,223.8359,959.66,0.0,False
4298,223.8699,9.02,0.0,True
4299,223.8718,9.28,0.0,False
4300,223.877,122.5,0.0,False
4301,223.877,213.65,0.0,False
4302,223.8788,950.37,0.0,False
4303,223.8821,9.13,0.0,True
4304,223.8852,9.79,0.0,False
4305,223.8883,1495.82,0.0,True
4306,223.8964,320.98,90.0,True
4307,223.9056,9.24,0.0,True
4308,223.9082,10.41,90.0,False
4309,223.913,535.11,0.0,True
4310,223.9139,980.99,90.0,False
4311,223.9415,3623.75,0.0,True
4312,223.9418,10.14,0.0,False
4313,223.942,732.47,0.0,False
4314,223.9444,719.25,0.0,False
4315,223.9531,9.93,90.0,False
4316,223.9608,9.77,90.0,False
4317,223.9725,798.05,0.0,False
4318,223.9838,10.49,0.0,False
4319,224.0044,1130.63,50.6667,False
4320,224.0107,1567.98,0.0,False
4321,224.0198,362.28,0.0,True
4322,224.0215,16860.07,90.0,True
4323,224.0351,7434.7,90.0,False
4324,224.0398,63832.9,0.0,False
4325,224.0488,748.84,90.0,False
4326,224.0501,110.11,0.0,False
4327,224.0596,8.43,0.0,False
4328,224.0632,9.74,0.0,False
4329,224.0768,210.49,0.0,False
4330,224.0838,165.2,0.0,True
4331,224.0857,1009.94,0.0,False
4332,224.0911,10.65,0.0,False
4333,224.0912,897673.07,0.0,True
4334,224.0954,9.03,0.0,False
4335,224.0965,178.77,0.0,False
4336,224.0969,9.79,0.0,False
4337,224.1002,8.12,0.0,False
4338,224.103,140.03,0.0,False
4339,224.1078,8.45,0.0,False
4340,224.1192,402.02,90.0,False
4341,224.1276,4836.39,90.0,False
4342,224.1373,343.02,0.0,False
4343,224.1473,9.78,90.0,False
4344,224.1542,409.89,90.0,False
4345,224.171,27.43,0.0,True
4346,224.1799,26735.14,0.0,False
4347,224.1941,578.95,0.0,False
4348,224.1968,8.71,90.0,True
4349,224.1997,8.14,0.0,False
4350,224.2055,12239.19,0.0,False
4351,224.2056,797.25,0.0,False
4352,224.2138,520.06,90.0,False
4353,224.2158,49.21,0.0,False
4354,224.2176,4454.64,0.0,False
4355,224.2283,589.32,0.0,False
4356,224.2376,783.42,0.0,False
4357,224.2591,750.97,0.0,True
4358,224.26,220.06,0.0,True
4359,224.2688,504.42,0.0,True
4360,224.2763,219.19,0.0,False
4361,224.2774,3128.05,0.0,False
4362,224.2786,832.55,0.0,False
4363,224.2806,994.9,0.0,False
4364,224.2892,137.44,90.0,False
4365,224.2913,543.87,90.0,False
4366,224.2943,9.9,0.0,False
4367,224.2986,26364.0,0.0,True
4368,224.313,192.7,90.0,False
4369,224.3191,10.47,90.0,True
4370,224.3338,76670.78,0.0,False
4371,224.3459,9.16,0.0,True
4372,224.3511,192.77,0.0,False
4373,224.3543,885.45,90.0,False
4374,224.3611,340.35,0.0,False
4375,224.3651,8.9,90.0,False
4376,224.368,656.93,0.0,False
4377,224.373,48141.93,90.0,False
4378,224.3736,517.36,0.0,False
4379,224.3801,9.23,0.0,False
4380,224.3871,10.8,0.0,False
4381,224.4024,1400.68,90.0,False
4382,224.411,283.39,0.0,False
4383,224.4192,579.41,90.0,False
4384,224.4338,3900.74,0.0,False
4385,224.4345,420.87,0.0,False
4386,224.4464,356.36,0.0,False
4387,224.4519,9.31,0.0,True
4388,224.4559,9.39,90.0,False
4389,224.4604,511.33,0.0,False
4390,224.4677,49361.59,0.0,False
4391,224.4719,10.25,0.0,False
4392,224.4996,369.69,0.0,False
4393,224.501,2108247.31,0.0,True
4394,224.5112,8.43,90.0,False
4395,224.5113,8.26,0.0,False
4396,224.5139,18052.29,0.0,False
4397,224.5305,1186.77,0.0,False
4398,224.5481,577.88,0.0,False
4399,224.5521,1407.35,0.0,False
4400,224.5555,288.94,0.0,False
4401,224.558,26869.62,90.0,False
4402,224.56,179.61,0.0,False
4403,224.5619,11.75,90.0,False
4404,224.5851,2310.01,0.0,False
4405,224.5872,4465.12,0.0,False
4406,224.591,429.21,0.0,False
4407,224.5932,29011.19,0.0,False
4408,224.6117,326656.8,0.0,False
4409,224.6219,959.69,90.0,False
4410,224.6349,455.03,0.0,False
4411,224.6494,8.69,0.0,False
4412,224.6565,8.49,0.0,False
4413,224.6571,675.97,0.0,False
4414,224.6686,28.51,90.0,False
4415,224.6727,181.54,0.0,False
4416,224.6736,637.56,0.0,True
4417,224.6736,264.43,90.0,False
4418,224.6748,7650.98,0.0,False
4419,224.6846,19555.7,0.0,False
4420,224.6939,178709.09,0.0,True
4421,224.6945,8.67,0.0,False
4422,224.7034,6739.96,0.0,False
4423,224.7078,9.24,0.0,False
4424,224.715,569.39,0.0,True
4425,224.7178,9.16,0.0,False
4426,224.7213,2868.15,90.0,False
4427,224.7348,1107.23,90.0,False
4428,224.7582,8.1,90.0,False
4429,224.7941,118.37,0.0,False
4430,224.816,10.28,0.0,False
4431,224.8185,9.38,0.0,False
4432,224.8273,24152.27,0.0,True
4433,224.834,170.5,0.0,False
4434,224.8405,531.97,0.0,True
4435,224.8507,8.8,0.0,False
4436,224.8652,695.86,0.0,False
4437,224.8752,248.94,0.0,False
4438,224.8887,56465.83,0.0,False
4439,224.9066,979.0,0.0,True
4440,224.9172,368.54,0.0,False
4441,224.9211,209.83,0.0,False
4442,224.9242,360.95,90.0,True
4443,224.9299,91.61,0.0,False
4444,224.9351,8.81,0.0,False
4445,224.9424,278.0,0.0,False
4446,224.9475,9.14,0.0,True
4447,224.9486,34.06,0.0,False
4448,224.9627,674.5,0.0,False
4449,224.9794,111.99,0.0,False
4450,224.9801,111.95,0.0,False
4451,224.9865,371.08,90.0,False
4452,224.9866,11.01,0.0,False
4453,224.9946,47626.95,0.0,False
4454,224.9999,34398.34,90.0,False
4455,225.0009,8.78,0.0,True
4456,225.0022,8.14,0.0,False
4457,225.0162,8.71,0.0,False
4458,225.0331,72.41,0.0,False
4459,225.0336,512.92,0.0,False
4460,225.045,8.06,0.0,False
4461,225.0592,349.83,0.0,False
4462,225.0734,590.36,0.0,False
4463,225.0798,353.72,90.0,False
4464,225.089,54.42,90.0,False
4465,225.099,11.05,0.0,False
4466,225.1015,8.08,0.0,False
4467,225.1146,1563.95,0.0,False
4468,225.1306,261.13,0.0,False
4469,225.1361,124.71,0.0,True
4470,225.1408,1025.87,0.0,False
4471,225.1422,116.98,0.0,False
4472,225.1565,32391.0,0.0,False
4473,225.1649,8664.37,0.0,False
4474,225.1947,48507.09,90.0,False
4475,225.2013,907.51,38.0,True
4476,225.2349,225.02,0.0,True
4477,225.2388,212.01,0.0,True
4478,225.239,124.16,12.6667,False
4479,225.2574,9253.86,0.0,False
4480,225.2794,69.25,0.0,False
4481,225.291,574.5,90.0,False
4482,225.2926,141.18,0.0,False
4483,225.3017,10.11,90.0,False
4484,225.3018,370.7,0.0,False
4485,225.3033,2594.79,0.0,False
4486,225.3123,411.26,0.0,True
4487,225.3179,216.48,0.0,False
4488,225.3342,157.16,0.0,False
4489,225.347,9.65,90.0,False
4490,225.3859,52.15,90.0,True
4491,225.3875,8.77,0.0,False
4492,225.3952,355.17,0.0,False
4493,225.4004,91.62,0.0,False
4494,225.4048,1096.68,0.0,False
4495,225.4109,414.57,19.0,True
4496,225.4165,1956.67,0.0,False
4497,225.4167,90.45,0.0,False
4498,225.4232,64.89,0.0,True
4499,225.429,9.62,0.0,False
4500,225.4311,153.76,90.0,False
4501,225.4558,227.61,0.0,False
4502,225.461,8.79,90.0,False
4503,225.4647,245.48,0.0,False
4504,225.4715,349.71,0.0,False
4505,225.4739,637.76,0.0,False
4506,225.4752,9.05,0.0,True
4507,225.4977,992.23,90.0,False
4508,225.5022,170.75,0.0,False
4509,225.5345,50.42,0.0,False
4510,225.5355,8.82,0.0,False
4511,225.5357,8.32,0.0,False
4512,225.5616,9.64,0.0,True
4513,225.5648,147.45,0.0,False
4514,225.5654,158.73,0.0,False
4515,225.5832,370.57,0.0,True
4516,225.5955,9.25,90.0,True
4517,225.5967,2202.44,0.0,False
4518,225.603,1573.88,0.0,False
4519,225.6038,15613.16,0.0,False
4520,225.6079,38.71,0.0,False
4521,225.6105,8.97,0.0,False
4522,225.6158,2283.1,0.0,False
4523,225.617,513.18,0.0,False
4524,225.6249,10.18,0.0,False
4525,225.634,2877.41,0.0,False
4526,225.6438,1220.75,0.0,False
4527,225.645,236.77,90.0,False
4528,225.6545,9.96,0.0,False
4529,225.6586,57364.96,0.0,False
4530,225.6612,7.01,0.0,False
4531,225.6633,1514.1,0.0,True
4532,225.669,106.9,0.0,True
4533,225.6715,374.96,90.0,False
4534,225.6979,39.73,0.0,False
4535,225.7033,404.81,0.0,False
4536,225.7173,806.57,0.0,False
4537,225.7244,348.63,0.0,False
4538,225.73,137.78,90.0,False
4539,225.7317,19.38,0.0,False
4540,225.7355,19673.66,90.0,True
4541,225.7419,126191.57,0.0,False
4542,225.7597,9.53,0.0,False
4543,225.7649,329.86,0.0,True
4544,225.7654,8.74,0.0,False
4545,225.7742,649.95,0.0,False
4546,225.7839,9.37,0.0,False
4547,225.7907,270.72,0.0,False
4548,225.7943,109729.58,0.0,False
4549,225.8171,954.23,0.0,False
4550,225.82,4157.92,0.0,True
4551,225.823,235094.45,0.0,False
4552,225.8606,31225.6,0.0,False
4553,225.8704,2126.64,90.0,True
4554,225.8715,945.61,19.0,True
4555,225.8795,9.83,0.0,False
4556,225.8867,8.91,0.0,True
4557,225.9021,111.92,0.0,False
4558,225.9119,8.77,0.0,False
4559,225.9241,138.37,0.0,False
4560,225.9419,504.45,0.0,True
4561,225.9481,2849.53,90.0,False
4562,225.9514,8.46,0.0,True
4563,225.9701,329.96,0.0,False
4564,225.971,76.31,0.0,False
4565,226.0209,9.79,90.0,False
4566,226.0213,168.91,90.0,False
4567,226.0474,3600.89,90.0,False
4568,226.0535,3088.13,0.0,False
4569,226.0593,9.99,0.0,False
4570,226.0635,75.91,0.0,False
4571,226.0861,9.9,90.0,False
4572,226.0932,204.97,0.0,False
4573,226.0944,503.78,0.0,False
4574,226.0985,10.58,90.0,False
4575,226.1107,8.63,0.0,False
4576,226.1201,8.21,0.0,False
4577,226.1225,9.24,0.0,True
4578,226.1279,9.66,0.0,False
4579,226.1341,8.42,0.0,False
4580,226.1459,32.0,0.0,True
4581,226.1511,7.83,0.0,True
4582,226.1527,261.0,0.0,True
4583,226.161,88348.18,0.0,False
4584,226.1729,11.25,0.0,False
4585,226.1784,9.83,90.0,True
4586,226.1878,78.2,85.0,False
4587,226.2126,129857.41,0.0,False
4588,226.2167,9.84,0.0,False
4589,226.2394,11640.16,90.0,False
4590,226.241,17622.5,0.0,False
4591,226.254,258.7,0.0,False
4592,226.2562,149.39,90.0,False
4593,226.2571,8.7,0.0,True
4594,226.273,8.87,0.0,True
4595,226.286,8.81,90.0,False
4596,226.3035,9.29,0.0,False
4597,226.3464,95.67,0.0,False
4598,226.36,9.03,0.0,False
4599,226.3842,443.98,0.0,False
4600,226.4032,543.46,0.0,False
4601,226.4041,9.15,0.0,False
4602,226.4079,8.47,90.0,False
4603,226.4144,140973.32,90.0,False
4604,226.4144,60.92,0.0,False
4605,226.4186,8.54,0.0,False
4606,226.4225,31476.16,0.0,False
4607,226.4264,754.56,0.0,False
4608,226.4277,9.49,0.0,False
4609,226.4486,443.77,0.0,True
4610,226.4611,379.56,90.0,False
4611,226.467,131018.77,0.0,True
4612,226.4811,341.35,0.0,False
4613,226.4926,58.77,90.0,False
4614,226.496,189.51,0.0,False
4615,226.4999,9.74,0.0,False
4616,226.5191,8.0,0.0,True
4617,226.5412,8.39,0.0,False
4618,226.5547,332.95,0.0,False
4619,226.5559,8.32,0.0,True
4620,226.5578,8.02,0.0,False
4621,226.5633,326.08,90.0,True
4622,226.6107,420.75,0.0,False
4623,226.6128,9153.78,0.0,False
4624,226.6132,27.14,0.0,False
4625,226.6153,9.79,0.0,False
4626,226.6202,9.22,0.0,False
4627,226.6222,8.59,19.0,True
4628,226.6252,8.77,0.0,False
4629,226.6426,4593.28,0.0,False
4630,226.6432,8.02,0.0,False
4631,226.6512,252.26,90.0,True
4632,226.6519,189.03,0.0,True
4633,226.6678,542.27,0.0,False
4634,226.6869,8.84,0.0,False
4635,226.701,2414.63,90.0,False
4636,226.7214,9.73,0.0,False
4637,226.7283,107805.19,0.0,False
4638,226.7319,16653.4,90.0,False
4639,226.7556,134.98,90.0,True
4640,226.7781,8.65,0.0,False
4641,226.7861,8.98,0.0,False
4642,226.8121,746.18,0.0,False
4643,226.8149,133.74,90.0,False
4644,226.8247,382.31,0.0,False
4645,226.8413,735.09,0.0,False
4646,226.8614,23.44,0.0,False
4647,226.8789,10.08,0.0,False
4648,226.8898,9.89,90.0,False
4649,226.8913,8.57,0.0,False
4650,226.8953,7.19,90.0,False
4651,226.9444,160.17,0.0,False
4652,226.9447,1087.78,0.0,False
4653,226.9528,4484.04,0.0,False
4654,226.9697,9.01,90.0,False
4655,226.9751,10.32,0.0,False
4656,226.9756,4522.3,90.0,False
4657,226.9818,932.28,90.0,False
4658,226.9953,78.1,0.0,False
4659,227.0246,1138861.66,0.0,False
4660,227.0598,9.03,0.0,False
4661,227.1305,9.09,0.0,False
4662,227.1335,270.16,0.0,False
4663,227.1754,663.47,0.0,False
4664,227.1762,8.61,0.0,False
4665,227.1778,9.33,0.0,False
4666,227.2005,229.77,0.0,False
4667,227.222,9.11,90.0,True
4668,227.2238,9.29,0.0,False
4669,227.2288,242.68,90.0,False
4670,227.23,9.24,0.0,False
4671,227.2367,8.33,90.0,False
4672,227.2429,80.49,95.0,False
4673,227.2466,212.61,0.0,False
4674,227.2467,9.78,0.0,False
4675,227.2565,628.23,0.0,False
4676,227.2616,28.72,90.0,False
4677,227.2787,8.66,0.0,False
4678,227.2906,89.8,0.0,True
4679,227.3075,10.08,0.0,False
4680,227.3089,297.44,90.0,False
4681,227.3133,8.39,0.0,False
4682,227.3152,68.2,90.0,False
4683,227.3222,2806.7,90.0,False
4684,227.323,993.14,0.0,False
4685,227.3591,69.29,90.0,False
4686,227.3741,842.82,0.0,True
4687,227.3873,206.65,0.0,False
4688,227.396,1781.94,0.0,False
4689,227.406,1602.53,0.0,False
4690,227.4548,290.47,0.0,True
4691,227.4555,9.23,0.0,False
4692,227.4728,2664.94,0.0,False
4693,227.5229,77.77,0.0,False
4694,227.5431,8.22,90.0,True
4695,227.5622,443.06,0.0,False
4696,227.6045,261876.19,0.0,False
4697,227.6288,8.88,0.0,False
4698,227.6367,157.57,90.0,False
4699,227.6377,488.08,0.0,False
4700,227.646,66.55,0.0,False
4701,227.6544,54738.93,90.0,False
4702,227.6632,134.5,85.0,False
4703,227.6733,9.42,25.3333,False
4704,227.6931,619.34,0.0,False
4705,227.7068,189.71,90.0,False
4706,227.8344,2409.38,0.0,True
4707,227.849,9.73,0.0,False
4708,227.8521,9.96,0.0,False
4709,227.866,10.99,0.0,False
4710,227.8791,15.59,90.0,False
4711,227.8858,10.89,0.0,True
4712,227.9096,164.95,0.0,True
4713,227.9627,64.95,0.0,True
4714,227.9798,9.02,0.0,False
4715,227.9978,1480.02,0.0,False
4716,228.0075,1112.12,0.0,False
4717,228.0589,290.47,0.0,True
4718,228.0655,476.21,0.0,False
4719,228.0696,18.32,0.0,False
4720,228.0968,8.63,0.0,False
4721,228.1079,514.69,90.0,False
4722,228.109,237.79,0.0,False
4723,228.1248,16016.4,0.0,False
4724,228.1475,8.47,0.0,False
4725,228.1681,354.44,0.0,False
4726,228.2316,8.44,0.0,False
4727,228.2347,259.12,0.0,False
4728,228.2566,737.92,0.0,True
4729,228.3086,398.05,0.0,False
4730,228.3129,174843.98,90.0,False
4731,228.332,6.67,90.0,False
4732,228.3557,1355.73,0.0,False
4733,228.3717,9.15,0.0,False
4734,228.3812,17.61,0.0,False
4735,228.3842,10.25,90.0,False
4736,228.4269,65.55,0.0,True
4737,228.4418,204.57,90.0,False
4738,228.4558,962.42,0.0,True
4739,228.4679,9.86,0.0,False
4740,228.4972,631.85,90.0,False
4741,228.5954,1090.65,0.0,True
4742,228.599,91.02,0.0,False
4743,228.6133,75.02,0.0,False
4744,228.6461,459.63,0.0,False
4745,228.6587,460544.04,0.0,False
4746,228.6621,79.17,90.0,False
4747,228.67,728.02,0.0,False
4748,228.6956,9.06,90.0,False
4749,228.6987,85973.47,90.0,False
4750,228.7209,212.35,0.0,False
4751,228.7457,9.6,0.0,False
4752,228.7494,848.27,0.0,False
4753,228.7792,464.19,90.0,True
4754,228.7909,202.79,90.0,True
4755,228.8189,8.45,0.0,True
4756,228.8267,10.75,0.0,False
4757,228.8472,137.21,0.0,True
4758,228.8632,9.12,0.0,True
4759,228.895,8.97,0.0,False
4760,228.8983,239.93,0.0,False
4761,228.9004,9.63,0.0,True
4762,228.9068,671326.95,0.0,False
4763,228.9596,1968.52,0.0,True
4764,228.9971,18.44,90.0,False
4765,229.005,368.64,90.0,False
4766,229.0694,18.92,0.0,False
4767,229.0708,8.2,0.0,False
4768,229.1009,10.53,90.0,False
4769,229.1331,8185.66,0.0,True
4770,229.153,16.99,90.0,False
4771,229.1532,2380.43,90.0,False
4772,229.1581,9.53,90.0,False
4773,229.1785,56.9,0.0,True
4774,229.2124,5013.6,90.0,True
4775,229.354,8.15,90.0,False
4776,229.3895,18.48,90.0,False
4777,229.4331,9.43,0.0,False
4778,229.4625,50540.21,0.0,False
4779,229.4945,17.58,0.0,False
4780,229.533,144.36,0.0,False
4781,229.549,61339.82,0.0,False
4782,229.5587,17.78,0.0,False
4783,229.6317,458.72,0.0,False
4784,229.6839,11.02,0.0,False
4785,229.6874,554.52,0.0,False
4786,229.7305,190.85,0.0,False
4787,229.7609,305.26,90.0,False
4788,229.7919,7.85,0.0,True
4789,229.8245,16.74,0.0,False
4790,229.8821,8.93,0.0,True
4791,229.9127,87.87,90.0,False
4792,229.918,9.95,90.0,False
4793,229.9511,9.45,90.0,False
4794,230.0063,18.14,0.0,False
4795,230.0824,280.33,90.0,False
4796,230.0921,18.35,0.0,False
4797,230.1026,29.02,90.0,False
4798,230.1092,993.83,0.0,False
4799,230.1269,456.88,90.0,False
4800,230.1296,448.95,0.0,False
4801,230.1429,18.12,0.0,False
4802,230.1662,17.84,0.0,False
4803,230.189,18.12,0.0,False
4804,230.1994,27.6,0.0,False
4805,230.2097,9.4,0.0,True
4806,230.2111,10.73,0.0,False
4807,230.2434,17.99,0.0,False
4808,230.3239,9.64,0.0,False
4809,230.3482,9.04,0.0,True
4810,230.4227,18.08,19.0,False
4811,230.4349,75.21,0.0,False
4812,230.4864,19.93,0.0,True
4813,230.5043,11.65,0.0,False
4814,230.549,42.64,0.0,False
4815,230.5493,17.91,90.0,False
4816,230.5536,9.67,0.0,True
4817,230.5685,9.79,0.0,False
4818,230.5781,349.23,0.0,False
4819,230.5863,26.39,90.0,False
4820,230.5868,13.15,0.0,False
4821,230.6194,9.17,0.0,False
4822,230.6294,277.12,0.0,False
4823,230.6302,7.96,90.0,False
4824,230.6328,9.46,0.0,True
4825,230.6444,478.38,0.0,False
4826,230.7287,23614.47,90.0,True
4827,230.7703,8.48,0.0,False
4828,230.8377,18.26,0.0,False
4829,230.9138,17.72,0.0,False
4830,230.935,387.94,90.0,False
4831,230.9425,18.32,0.0,True
4832,230.9483,9.32,0.0,False
4833,230.9756,18.71,0.0,False
4834,230.9832,13.9,90.0,False
4835,231.0609,95.78,90.0,False
4836,231.1495,17.55,0.0,False
4837,231.1504,18.08,0.0,False
4838,231.1899,17.3,90.0,False
4839,231.254,7.44,0.0,False
4840,231.3218,8.56,0.0,False
4841,231.3432,23.23,0.0,True
4842,231.4234,8.79,0.0,False
4843,231.4288,27.45,90.0,False
4844,231.4744,16.68,0.0,False
4845,231.5036,17.56,0.0,True
4846,231.5122,22.12,90.0,False
4847,231.5179,17.23,0.0,False
4848,231.5661,18.23,90.0,False
4849,231.568,2254.44,90.0,False
4850,231.5841,18.8,0.0,False
4851,231.6004,18.16,90.0,True
4852,231.6558,10.53,0.0,False
4853,231.6729,18.64,0.0,True
4854,231.6739,18.21,0.0,False
4855,231.6754,18.07,90.0,True
4856,231.6871,18.36,0.0,False
4857,231.6876,18.06,0.0,False
4858,231.7291,17.94,0.0,False
4859,231.8158,255.15,90.0,True
4860,231.8233,17.62,0.0,False
4861,231.8234,1996.29,0.0,False
4862,231.8463,9.48,25.3333,False
4863,231.8552,13.16,0.0,False
4864,231.9143,17.86,0.0,True
4865,231.9252,17.96,0.0,True
4866,231.9399,9.25,0.0,False
4867,231.9843,10.24,90.0,False
4868,232.0488,9.54,0.0,False
4869,232.0552,17.19,0.0,False
4870,232.0718,18.69,0.0,False
4871,232.0767,18.31,0.0,False
4872,232.0838,16.95,0.0,True
4873,232.1023,19.12,0.0,False
4874,232.1634,31.8,0.0,True
4875,232.1799,9.99,0.0,False
4876,232.2091,9.41,0.0,False
4877,232.2197,28.13,0.0,False
4878,232.2204,11.01,85.0,False
4879,232.2258,9.3,0.0,True
4880,232.2571,7.52,90.0,False
4881,232.2982,18.48,0.0,True
4882,232.3095,25.02,0.0,False
4883,232.3458,9.3,0.0,False
4884,232.3886,17.47,0.0,False
4885,232.4259,9.47,0.0,False
4886,232.4303,19.44,90.0,False
4887,232.4517,17.13,90.0,False
4888,232.4599,17.87,0.0,False
4889,232.4649,10.39,0.0,False
4890,232.4716,9.52,0.0,True
4891,232.4837,16.93,0.0,True
4892,232.4917,8.66,90.0,False
4893,232.5017,18.08,0.0,False
4894,232.506,16.86,0.0,True
4895,232.5107,7.57,0.0,False
4896,232.5131,19.2,0.0,True
4897,232.5148,17.96,0.0,False
4898,232.5497,19.08,12.6667,True
4899,232.5637,8.69,0.0,True
4900,232.5645,19.41,0.0,False
4901,232.5861,24.12,0.0,False
4902,232.5912,19.13,0.0,False
4903,232.6072,17.86,0.0,False
4904,232.6561,18.86,0.0,True
4905,232.7048,18.85,0.0,False
4906,232.7361,9.06,0.0,False
4907,232.7884,18.57,0.0,True
4908,232.8021,17.76,0.0,True
4909,232.8091,18.22,0.0,False
4910,232.811,13.94,0.0,False
4911,232.8249,51.12,38.0,False
4912,232.8282,8.02,90.0,True
4913,232.8324,19.61,0.0,False
4914,232.8518,25.3,0.0,False
4915,232.8606,12.09,0.0,False
4916,232.8848,18.41,0.0,False
4917,232.8862,17.05,0.0,False
4918,232.8895,30.41,0.0,False
4919,232.9064,10.1,90.0,False
4920,232.9119,32.05,0.0,True
4921,232.9712,19.27,90.0,False
4922,232.9918,17.48,0.0,False
4923,232.9971,17.53,0.0,False
4924,233.0076,9.56,0.0,False
4925,233.0207,24.49,90.0,False
4926,233.0356,8.9,90.0,False
4927,233.038,17.66,0.0,False
4928,233.0421,8.06,90.0,False
4929,233.0551,17.15,90.0,True
4930,233.0877,7.93,0.0,False
4931,233.094,19.24,90.0,False
4932,233.1142,8.76,90.0,True
4933,233.1475,18.78,0.0,True
4934,233.1517,28.49,90.0,False
4935,233.2288,9.21,0.0,True
4936,233.2377,18.99,0.0,False
4937,233.2425,84.36,38.0,False
4938,233.2446,24.63,0.0,False
4939,233.2534,17.59,0.0,False
4940,233.2627,17.52,90.0,False
4941,233.2805,17.41,0.0,True
4942,233.3235,17.71,0.0,False
4943,233.3486,17.6,0.0,False
4944,233.3575,18.19,90.0,False
4945,233.3689,25.76,12.6667,False
4946,233.3743,23.04,0.0,False
4947,233.379,17.81,0.0,False
4948,233.3808,18.14,0.0,True
4949,233.3812,18.69,0.0,False
4950,233.397,17.14,0.0,False
4951,233.4311,10.49,0.0,False
4952,233.4327,19.16,0.0,False
4953,233.4338,56.91,0.0,False
4954,233.4397,19.71,0.0,False
4955,233.4897,17.71,0.0,True
4956,233.4923,18.71,90.0,False
4957,233.4941,18.98,90.0,False
4958,233.4956,17.7,0.0,False
4959,233.5002,16.7,0.0,False
4960,233.5206,18.05,0.0,False
4961,233.5294,18.77,0.0,True
4962,233.5581,18.12,0.0,False
4963,233.5588,13.28,90.0,False
4964,233.5874,9.48,0.0,False
4965,233.6375,267.96,0.0,True
4966,233.7084,18.76,0.0,False
4967,233.7205,20.1,0.0,False
4968,233.7275,18.89,0.0,True
4969,233.7357,18.81,0.0,False
4970,233.7485,26.55,0.0,False
4971,233.7492,30.14,0.0,False
4972,233.7715,16.22,90.0,False
4973,233.7739,10.46,0.0,False
4974,233.7937,19.07,90.0,True
4975,233.8101,17.38,0.0,False
4976,233.8238,10.01,0.0,False
4977,233.8332,16.73,0.0,False
4978,233.892,17.69,0.0,False
4979,233.908,12.14,0.0,False
4980,233.9092,18.1,0.0,False
4981,233.9227,56.44,0.0,False
4982,233.9666,18.29,0.0,True
4983,233.9679,17.43,90.0,False
4984,233.9739,18.22,0.0,True
4985,233.9825,17.71,0.0,False
4986,233.996,19.21,0.0,True
4987,234.0014,17.75,90.0,False
4988,234.0122,18.13,0.0,False
4989,234.032,17.35,90.0,False
4990,234.0326,18.49,0.0,False
4991,234.0464,56.17,90.0,True
4992,234.053,9.74,0.0,True
4993,234.0536,42.2,0.0,False
4994,234.0667,18.52,0.0,False
4995,234.1245,22.41,90.0,False
4996,234.1263,16.62,0.0,False
4997,234.1295,18.64,0.0,False
4998,234.1577,10.27,0.0,True
4999,234.1581,10.52,90.0,False
5000,234.1584,18.59,0.0,False
5001,234.1685,110.46,0.0,False
5002,234.1712,17.95,0.0,False
5003,234.1738,36.25,90.0,False
5004,234.1771,17.06,0.0,False
5005,234.2145,17.73,0.0,True
5006,234.2187,17.53,0.0,False
5007,234.2191,18.02,0.0,False
5008,234.2231,17.3,0.0,False
5009,234.2236,19.3,0.0,False
5010,234.2308,17.89,0.0,False
5011,234.2429,17.91,0.0,False
5012,234.263,9.0,12.6667,False
5013,234.2661,18.31,0.0,True
5014,234.3145,17.64,0.0,False
5015,234.3343,7.74,90.0,False
5016,234.3448,8.59,0.0,False
5017,234.3517,17.02,90.0,False
5018,234.3534,28.01,0.0,False
5019,234.3888,17.63,0.0,False
5020,234.3929,16.3,90.0,True
5021,234.41,16.65,90.0,False
5022,234.4132,17.15,0.0,False
5023,234.4239,17.02,90.0,False
5024,234.4247,20.03,0.0,False
5025,234.449,17.62,0.0,True
5026,234.4553,19.23,0.0,False
5027,234.4679,18.41,0.0,False
5028,234.4798,8.09,0.0,False
5029,234.4995,9.74,0.0,False
5030,234.5051,7.6,0.0,False
5031,234.5059,10.04,90.0,False
5032,234.5151,9.32,0.0,False
5033,234.5645,17.77,0.0,False
5034,234.5863,17.37,90.0,False
5035,234.6127,8.32,0.0,False
5036,234.6136,8.52,0.0,False
5037,234.6147,8.51,0.0,False
5038,234.6292,17.86,0.0,True
5039,234.6429,25.41,0.0,False
5040,234.6448,18.43,0.0,False
5041,234.6452,16.97,0.0,False
5042,234.6482,18.87,0.0,False
5043,234.6567,22.97,0.0,False
5044,234.6621,22.35,0.0,False
5045,234.6754,17.17,0.0,False
5046,234.6774,17.83,0.0,False
5047,234.6931,9.57,90.0,True
5048,234.6964,17.77,0.0,True
5049,234.6978,10.28,0.0,False
5050,234.7028,9.33,0.0,False
5051,234.7545,18.41,0.0,False
5052,234.7575,18.2,90.0,False
5053,234.7584,17.77,90.0,True
5054,234.7672,18.3,90.0,False
5055,234.7736,19.77,0.0,False
5056,234.7746,9.55,0.0,True
5057,234.78,18.94,90.0,False
5058,234.797,18.24,90.0,False
5059,234.7993,18.12,0.0,False
5060,234.8111,17.07,0.0,False
5061,234.8258,9.94,0.0,True
5062,234.8293,8.52,0.0,False
5063,234.8739,18.38,38.0,False
5064,234.8858,18.04,0.0,True
5065,234.8963,18.28,0.0,False
5066,234.9043,18.33,0.0,False
5067,234.91,17.89,0.0,False
5068,234.9118,17.42,0.0,False
5069,234.913,9.64,90.0,False
5070,234.9255,18.88,0.0,False
5071,234.9262,25.86,0.0,False
5072,234.9286,32.3,0.0,False
5073,234.935,18.25,0.0,False
5074,234.9524,16.84,0.0,True
5075,234.9693,17.5,0.0,False
5076,234.9849,16.82,0.0,False
5077,234.9884,19.59,90.0,False
5078,234.9956,17.65,25.3333,False
5079,234.9982,17.76,0.0,False
5080,235.0137,17.63,38.0,True
5081,235.0161,43.44,0.0,True
5082,235.0196,17.36,0.0,False
5083,235.024,8.7,90.0,False
5084,235.0315,12.89,0.0,True
5085,235.0344,23.35,90.0,True
5086,235.0546,27.99,0.0,False
5087,235.0685,17.23,0.0,True
5088,235.0931,10.15,0.0,False
5089,235.103,11.16,0.0,False
5090,235.11,17.74,0.0,False
5091,235.1168,16.53,90.0,False
5092,235.1289,26.08,90.0,False
5093,235.15,18.41,0.0,True
5094,235.1556,17.66,0.0,True
5095,235.1734,21.71,90.0,False
5096,235.1921,17.0,90.0,False
5097,235.1943,17.46,90.0,False
5098,235.1995,17.78,90.0,False
5099,235.2024,25.82,0.0,True
5100,235.2426,19.22,0.0,False
5101,235.2538,17.19,0.0,False
5102,235.2757,18.77,0.0,False
5103,235.284,23.9,90.0,True
5104,235.2895,30.24,90.0,False
5105,235.2903,18.25,90.0,True
5106,235.2918,18.64,0.0,False
5107,235.2951,20.33,0.0,True
5108,235.3025,18.57,0.0,False
5109,235.3084,18.43,0.0,True
5110,235.3161,19.89,0.0,False
5111,235.3328,18.05,0.0,False
5112,235.3435,18.91,90.0,False
5113,235.3436,19.07,85.0,False
5114,235.3519,10.87,90.0,False
5115,235.362,16.93,90.0,False
5116,235.3624,32.83,90.0,False
5117,235.3696,18.61,0.0,False
5118,235.3756,16.36,0.0,False
5119,235.3773,8.75,90.0,False
5120,235.3848,17.55,0.0,True
5121,235.3865,17.42,90.0,False
5122,235.3986,19.84,0.0,False
5123,235.4143,16.84,0.0,False
5124,235.4228,18.6,90.0,True
5125,235.4317,16.05,0.0,False
5126,235.4368,17.09,0.0,False
5127,235.4413,17.93,90.0,False
5128,235.4548,17.44,0.0,False
5129,235.4628,17.07,0.0,False
5130,235.4671,17.64,50.6667,False
5131,235.4672,18.3,0.0,False
5132,235.4734,17.9,0.0,False
5133,235.4762,8.47,0.0,False
5134,235.4805,19.63,0.0,False
5135,235.4805,17.58,0.0,False
5136,235.4902,20.46,0.0,False
5137,235.5056,9.81,0.0,False
5138,235.5088,9.58,90.0,False
5139,235.5088,19.08,0.0,True
5140,235.5149,32.03,0.0,False
5141,235.5227,10.04,0.0,False
5142,235.525,17.89,0.0,False
5143,235.5658,35.26,90.0,False
5144,235.5659,18.52,0.0,False
5145,235.5784,18.5,0.0,False
5146,235.5823,8.73,0.0,False
5147,235.5904,17.29,0.0,False
5148,235.5947,18.75,0.0,False
5149,235.5987,16.66,0.0,False
5150,235.6082,18.23,0.0,False
5151,235.6141,17.97,0.0,True
5152,235.6222,17.29,0.0,False
5153,235.6353,17.25,0.0,False
5154,235.6525,9.2,0.0,False
5155,235.6528,17.6,0.0,False
5156,235.6618,19.23,0.0,False
5157,235.6757,18.03,90.0,False
5158,235.6804,17.76,0.0,False
5159,235.6831,17.51,0.0,False
5160,235.6837,19.87,0.0,True
5161,235.7019,16.87,0.0,False
5162,235.7148,35.98,0.0,False
5163,235.7237,16.91,0.0,True
5164,235.7335,18.73,0.0,False
5165,235.7498,18.07,0.0,False
5166,235.7518,17.07,0.0,False
5167,235.7528,17.82,0.0,False
5168,235.7656,18.17,90.0,True
5169,235.7702,18.24,0.0,True
5170,235.7727,16.04,0.0,False
5171,235.7753,18.14,90.0,True
5172,235.778,16.48,0.0,False
5173,235.7885,17.63,0.0,False
5174,235.7919,18.01,0.0,True
5175,235.7999,79.49,90.0,False
5176,235.8111,17.82,0.0,False
5177,235.8163,16.85,0.0,False
5178,235.8185,18.51,0.0,False
5179,235.8195,18.09,90.0,False
5180,235.8205,9.84,0.0,False
5181,235.8384,19.18,0.0,False
5182,235.8447,959.9,0.0,False
5183,235.8486,18.19,0.0,False
5184,235.8528,19.3,0.0,False
5185,235.8661,17.46,0.0,False
5186,235.8704,18.98,0.0,False
5187,235.876,23.35,0.0,True
5188,235.9106,17.7,0.0,False
5189,235.9221,16.92,0.0,False
5190,235.9453,49.49,90.0,False
5191,235.9663,57.26,0.0,False
5192,235.9844,17.41,0.0,False
5193,235.9899,40.79,0.0,False
5194,235.9921,9.17,0.0,False
5195,236.0047,18.63,0.0,False
5196,236.01,36.07,0.0,False
5197,236.0236,27.46,90.0,True
5198,236.0312,17.76,0.0,False
5199,236.0479,18.14,0.0,False
5200,236.0485,24.97,85.0,False
5201,236.0581,18.57,0.0,True
5202,236.0612,8.54,0.0,False
5203,236.0643,16.33,0.0,True
5204,236.0647,33.08,0.0,False
5205,236.0771,17.83,0.0,True
5206,236.089,8.74,0.0,False
5207,236.0899,1019.23,0.0,False
5208,236.0951,26.57,0.0,False
5209,236.1022,17.96,0.0,False
5210,236.107,17.91,12.6667,True
5211,236.1087,17.96,90.0,False
5212,236.1111,16.74,90.0,False
5213,236.1188,24.59,90.0,False
5214,236.1439,17.27,90.0,False
5215,236.1489,905.56,0.0,False
5216,236.1525,18.07,90.0,False
5217,236.1635,7.67,0.0,True
5218,236.1835,8.91,0.0,True
5219,236.1883,17.25,90.0,False
5220,236.1911,54.37,0.0,True
5221,236.1952,17.63,0.0,True
5222,236.1971,17.93,0.0,False
5223,236.2018,17.08,0.0,False
5224,236.2141,17.9,0.0,False
5225,236.2147,17.84,0.0,False
5226,236.2266,5.69,0.0,False
5227,236.2281,18.95,0.0,False
5228,236.232,17.53,0.0,False
5229,236.2467,29.03,0.0,False
5230,236.2588,9.17,90.0,False
5231,236.2589,17.9,0.0,False
5232,236.2659,9.85,0.0,False
5233,236.273,16.07,0.0,False
5234,236.2893,8.1,0.0,False
5235,236.2897,18.49,90.0,False
5236,236.2973,17.5,0.0,False
5237,236.301,838.06,0.0,False
5238,236.3069,8.51,90.0,True
5239,236.3189,18.98,0.0,True
5240,236.3231,52.82,90.0,False
5241,236.3256,16.47,90.0,True
5242,236.3292,18.11,0.0,False
5243,236.3321,17.02,0.0,False
5244,236.3367,16.89,0.0,False
5245,236.3435,17.28,0.0,False
5246,236.353,19.71,0.0,True
5247,236.3585,8.56,0.0,True
5248,236.3599,20.67,0.0,False
5249,236.3658,8.8,0.0,False
5250,236.3711,17.24,90.0,False
5251,236.3733,42.21,0.0,False
5252,236.3745,6.72,0.0,False
5253,236.3756,25.66,0.0,True
5254,236.3776,18.45,90.0,True
5255,236.3869,19.53,19.0,False
5256,236.3891,17.96,0.0,False
5257,236.4052,9.59,90.0,False
5258,236.4078,18.4,90.0,False
5259,236.4129,17.25,0.0,False
5260,236.4132,60.66,0.0,False
5261,236.4165,10.08,0.0,False
5262,236.4334,18.4,0.0,False
5263,236.4582,37.86,0.0,False
5264,236.4634,18.37,0.0,True
5265,236.4722,16.84,90.0,True
5266,236.4938,37.12,0.0,True
5267,236.5258,18.07,0.0,False
5268,236.5381,16.52,0.0,False
5269,236.5501,17.53,0.0,False
5270,236.5529,18.93,0.0,False
5271,236.558,8.04,0.0,False
5272,236.5589,17.58,0.0,True
5273,236.5591,17.6,0.0,False
5274,236.5626,19.36,0.0,False
5275,236.5653,8.54,0.0,False
5276,236.567,19.19,0.0,False
5277,236.5706,17.42,0.0,True
5278,236.5908,19.64,0.0,True
5279,236.6023,17.87,0.0,True
5280,236.6072,18.28,90.0,False
5281,236.6142,17.48,90.0,False
5282,236.6161,14.61,0.0,False
5283,236.6171,17.55,0.0,False
5284,236.6183,17.63,0.0,False
5285,236.6249,17.83,90.0,False
5286,236.6283,16.48,0.0,True
5287,236.6804,18.55,0.0,False
5288,236.6822,122.05,0.0,True
5289,236.6863,16.12,12.6667,True
5290,236.6888,30.94,0.0,False
5291,236.6914,9.2,90.0,False
5292,236.7055,18.17,0.0,True
5293,236.7058,17.2,0.0,False
5294,236.7153,10.19,0.0,False
5295,236.7173,17.73,0.0,True
5296,236.7248,19.05,0.0,True
5297,236.7347,16.62,0.0,False
5298,236.7375,54.21,90.0,False
5299,236.7391,17.79,0.0,False
5300,236.742,13.94,0.0,True
5301,236.7503,16.84,0.0,False
5302,236.7603,9.51,0.0,True
5303,236.7612,17.52,0.0,False
5304,236.7695,38.16,90.0,False
5305,236.7785,19.46,0.0,False
5306,236.7886,19.16,0.0,True
5307,236.7898,18.13,0.0,False
5308,236.7911,22.51,0.0,False
5309,236.7958,17.6,90.0,True
5310,236.8052,19.14,0.0,True
5311,236.8152,18.06,0.0,True
5312,236.8213,17.53,0.0,False
5313,236.8216,33.46,0.0,False
5314,236.8248,971.29,90.0,False
5315,236.8282,18.78,0.0,False
5316,236.839,17.83,90.0,False
5317,236.8397,16.45,90.0,False
5318,236.8464,19.05,0.0,False
5319,236.8515,32.64,0.0,False
5320,236.854,42.38,0.0,False
5321,236.8599,42.07,0.0,False
5322,236.8627,18.02,90.0,False
5323,236.8761,18.59,0.0,False
5324,236.8816,17.88,0.0,False
5325,236.8865,9.0,0.0,False
5326,236.8866,17.41,90.0,False
5327,236.8893,18.93,0.0,True
5328,236.8981,17.19,0.0,False
5329,236.9056,14.6,90.0,False
5330,236.9073,17.2,0.0,False
5331,236.9098,18.11,90.0,True
5332,236.9122,17.89,0.0,True
5333,236.9126,20.57,90.0,True
5334,236.926,17.2,0.0,True
5335,236.9386,17.04,0.0,False
5336,236.9603,18.88,0.0,False
5337,236.9667,8.63,0.0,False
5338,236.9712,16.01,90.0,False
5339,236.982,8.48,0.0,False
5340,236.9825,43.95,0.0,False
5341,236.9868,4.41,0.0,False
5342,236.9902,18.38,0.0,True
5343,237.0006,19.88,0.0,False
5344,237.0013,33.11,0.0,False
5345,237.0113,22.7,90.0,False
5346,237.0128,18.22,0.0,False
5347,237.0257,16.72,0.0,False
5348,237.0365,19.88,0.0,False
5349,237.0428,19.42,0.0,False
5350,237.0444,19.77,0.0,False
5351,237.0565,23.63,0.0,False
5352,237.0585,30.97,90.0,False
5353,237.0617,16.95,0.0,False
5354,237.0624,8.22,0.0,False
5355,237.074,18.63,0.0,True
5356,237.089,29.4,0.0,True
5357,237.09,50.19,0.0,False
5358,237.1059,18.27,0.0,True
5359,237.1092,19.0,0.0,True
5360,237.116,19.7,90.0,True
5361,237.1186,18.64,90.0,False
5362,237.1227,17.22,0.0,False
5363,237.1272,17.45,0.0,False
5364,237.1317,1072.0,90.0,True
5365,237.1325,20.68,0.0,False
5366,237.1473,18.08,0.0,False
5367,237.1554,9.86,0.0,False
5368,237.1658,23.24,0.0,False
5369,237.1688,19.04,0.0,True
5370,237.1725,5.18,90.0,False
5371,237.1833,9.97,0.0,False
5372,237.202,12.16,0.0,False
5373,237.2058,17.05,0.0,False
5374,237.238,8.11,0.0,False
5375,237.2399,25.36,90.0,False
5376,237.2458,17.31,0.0,False
5377,237.26,17.05,90.0,False
5378,237.2614,844.4,0.0,False
5379,237.2718,17.97,0.0,False
5380,237.2761,9.85,0.0,False
5381,237.2788,36.05,0.0,False
5382,237.2817,18.08,0.0,True
5383,237.2875,8.52,90.0,True
5384,237.2892,18.7,57.0,False
5385,237.2967,18.38,0.0,False
5386,237.3,25.84,90.0,False
5387,237.3085,7.94,90.0,False
5388,237.3175,17.77,38.0,True
5389,237.3208,17.57,90.0,False
5390,237.3238,17.59,0.0,False
5391,237.334,62.33,0.0,True
5392,237.3386,39.06,0.0,False
5393,237.3496,18.69,0.0,True
5394,237.3607,1050.3,90.0,False
5395,237.374,19.1,90.0,False
5396,237.3838,16.7,0.0,False
5397,237.3864,17.58,0.0,False
5398,237.3979,47.1,90.0,False
5399,237.4005,16.91,0.0,True
5400,237.4028,29.51,0.0,False
5401,237.4043,17.62,0.0,False
5402,237.4053,18.61,0.0,False
5403,237.4116,18.93,0.0,False
5404,237.4145,13.54,90.0,False
5405,237.4236,90.98,0.0,False
5406,237.4268,18.87,0.0,False
5407,237.4349,17.67,90.0,False
5408,237.4405,17.25,90.0,False
5409,237.4564,4.57,0.0,False
5410,237.4617,18.0,0.0,False
5411,237.4735,9.85,0.0,True
5412,237.4747,9.7,0.0,True
5413,237.4775,8.01,90.0,False
5414,237.4814,58.09,0.0,False
5415,237.4918,16.31,0.0,False
5416,237.4954,17.55,0.0,False
5417,237.5001,35.66,0.0,False
5418,237.5143,18.67,0.0,True
5419,237.5156,18.75,0.0,False
5420,237.5191,21.93,0.0,False
5421,237.523,18.68,0.0,False
5422,237.5231,24.97,0.0,False
5423,237.5242,22.23,0.0,False
5424,237.5356,10.41,0.0,False
5425,237.5377,17.49,0.0,False
5426,237.5387,16.29,90.0,False
5427,237.548,19.43,90.0,False
5428,237.5552,9.51,0.0,False
5429,237.5679,17.25,0.0,False
5430,237.5686,16.63,0.0,True
5431,237.5752,35.98,0.0,True
5432,237.5755,17.64,0.0,False
5433,237.5829,19.06,0.0,False
5434,237.5835,17.35,0.0,False
5435,237.5839,19.08,0.0,False
5436,237.5851,19.3,0.0,False
5437,237.5868,8.73,0.0,False
5438,237.593,18.26,0.0,False
5439,237.5956,9.7,0.0,False
5440,237.5961,18.37,0.0,False
5441,237.6068,9.17,0.0,True
5442,237.608,21.18,0.0,False
5443,237.6138,17.7,0.0,False
5444,237.6237,17.39,0.0,False
5445,237.6239,17.25,0.0,False
5446,237.6297,18.66,90.0,True
5447,237.6347,9.26,0.0,False
5448,237.6377,37.64,0.0,True
5449,237.6442,973.34,90.0,True
5450,237.6647,19.13,0.0,False
5451,237.6763,17.82,90.0,False
5452,237.6778,17.56,90.0,True
5453,237.6894,835.33,0.0,False
5454,237.6905,7.91,90.0,False
5455,237.6969,14.32,90.0,False
5456,237.6979,16.98,0.0,False
5457,237.7011,9.93,90.0,False
5458,237.7012,23.76,90.0,False
5459,237.7182,9.93,0.0,False
5460,237.7218,19.52,0.0,False
5461,237.7252,37.47,0.0,False
5462,237.7302,32.08,90.0,False
5463,237.733,18.4,90.0,False
5464,237.735,17.52,0.0,False
5465,237.7401,59.3,0.0,False
5466,237.7431,7.21,0.0,False
5467,237.7457,18.3,0.0,False
5468,237.7459,19.68,0.0,False
5469,237.7464,18.65,0.0,False
5470,237.7513,25.17,0.0,False
5471,237.7515,33.85,90.0,False
5472,237.7597,19.54,90.0,True
5473,237.7733,16.83,0.0,False
5474,237.7801,17.82,90.0,False
5475,237.785,17.36,0.0,False
5476,237.7956,12.06,0.0,False
5477,237.7993,17.55,0.0,False
5478,237.8055,19.93,0.0,False
5479,237.8123,20.34,0.0,False
5480,237.8125,9.8,0.0,False
5481,237.8263,17.73,0.0,False
5482,237.8266,16.57,90.0,False
5483,237.8268,18.03,0.0,False
5484,237.8346,7.79,0.0,False
5485,237.839,17.54,0.0,False
5486,237.8473,19.48,90.0,False
5487,237.8496,19.51,90.0,False
5488,237.8553,14.61,0.0,False
5489,237.8578,8.56,0.0,False
5490,237.8794,854.01,0.0,False
5491,237.8807,26.04,0.0,False
5492,237.885,17.14,0.0,False
5493,237.8888,8.1,0.0,False
5494,237.9155,10.04,0.0,False
5495,237.9162,19.36,0.0,False
5496,237.9208,18.41,0.0,True
5497,237.9218,18.78,90.0,False
5498,237.922,22.3,0.0,False
5499,237.9243,10.54,0.0,False
5500,237.9248,18.13,90.0,False
5501,237.9268,18.46,0.0,False
5502,237.9339,17.75,90.0,False
5503,237.9666,16.26,90.0,False
5504,237.967,17.74,90.0,False
5505,237.9674,24.27,0.0,True
5506,237.9734,17.91,0.0,False
5507,237.9864,9.87,0.0,False
5508,238.0039,18.23,90.0,False
5509,238.0063,8.88,0.0,False
5510,238.0076,18.68,0.0,False
5511,238.0199,18.16,19.0,False
5512,238.024,9.11,0.0,False
5513,238.0271,17.62,0.0,False
5514,238.04,9.55,0.0,False
5515,238.0555,17.85,90.0,False
5516,238.0671,18.0,0.0,False
5517,238.068,17.86,90.0,False
5518,238.0685,8.2,90.0,False
5519,238.0826,17.03,0.0,False
5520,238.0848,9.23,0.0,True
5521,238.0862,898.11,90.0,False
5522,238.0964,18.69,0.0,False
5523,238.1101,14.77,0.0,True
5524,238.1127,18.03,90.0,False
5525,238.1159,8.7,0.0,False
5526,238.1293,17.42,95.0,False
5527,238.1334,10.09,0.0,False
5528,238.1375,23.07,0.0,False
5529,238.1402,17.18,0.0,True
5530,238.1422,18.08,0.0,False
5531,238.1515,19.25,0.0,False
5532,238.1623,16.6,0.0,False
5533,238.1689,17.35,90.0,False
5534,238.1695,18.58,0.0,False
5535,238.1805,12.9,0.0,False
5536,238.1938,19.11,0.0,False
5537,238.1966,37.21,0.0,False
5538,238.1976,20.84,0.0,False
5539,238.203,19.39,90.0,True
5540,238.2119,17.83,0.0,False
5541,238.2396,18.45,90.0,False
5542,238.2662,17.56,0.0,False
5543,238.2669,9.2,90.0,False
5544,238.2681,19.57,90.0,False
5545,238.2778,18.2,0.0,False
5546,238.295,24.55,0.0,False
5547,238.2987,18.14,0.0,True
5548,238.2988,9.01,0.0,False
5549,238.3211,16.83,0.0,False
5550,238.3297,17.51,0.0,False
5551,238.3475,890.63,0.0,False
5552,238.3623,18.16,0.0,False
5553,238.375,17.55,0.0,False
5554,238.377,39.44,0.0,False
5555,238.3773,17.9,0.0,False
5556,238.388,5.21,90.0,False
5557,238.3962,18.56,0.0,False
5558,238.4226,15.31,0.0,False
5559,238.4306,21.55,0.0,False
5560,238.4365,17.77,90.0,False
5561,238.4451,17.68,0.0,False
5562,238.4507,17.93,0.0,False
5563,238.4581,18.43,0.0,False
5564,238.4614,17.78,0.0,False
5565,238.4625,16.64,0.0,False
5566,238.469,835.19,0.0,False
5567,238.4877,8.7,0.0,False
5568,238.4925,17.62,0.0,False
5569,238.4931,17.62,0.0,False
5570,238.4966,12.5,0.0,False
5571,238.4994,15.87,0.0,False
5572,238.5047,19.52,90.0,False
5573,238.5287,6.92,0.0,True
5574,238.5289,962.83,0.0,True
5575,238.5303,4.33,90.0,False
5576,238.5328,18.14,0.0,False
5577,238.5336,1065.26,0.0,True
5578,238.5336,8.97,0.0,True
5579,238.5372,16.61,0.0,False
5580,238.5514,31.25,0.0,True
5581,238.5556,40.98,0.0,False
5582,238.5588,18.61,90.0,False
5583,238.5715,18.2,90.0,False
5584,238.5808,20.86,0.0,False
5585,238.5836,932.04,90.0,True
5586,238.5925,8.64,90.0,True
5587,238.5938,17.68,0.0,False
5588,238.6033,9.82,90.0,False
5589,238.6048,75.87,90.0,False
5590,238.6053,18.84,0.0,False
5591,238.6264,894.13,0.0,False
5592,238.6363,84.46,0.0,True
5593,238.6601,17.56,0.0,False
5594,238.6648,18.05,0.0,False
5595,238.6669,16.28,0.0,False
5596,238.6669,17.35,0.0,False
5597,238.688,18.0,0.0,False
5598,238.6882,18.13,0.0,False
5599,238.6906,22.93,0.0,False
5600,238.7169,17.64,90.0,False
5601,238.7346,19.11,0.0,False
5602,238.7378,19.26,90.0,False
5603,238.7408,18.21,0.0,False
5604,238.7425,10.91,0.0,False
5605,238.7502,3.27,0.0,False
5606,238.7639,23.25,90.0,True
5607,238.7664,17.87,0.0,True
5608,238.7689,18.64,0.0,False
5609,238.7739,58.38,0.0,False
5610,238.7749,10.15,0.0,False
5611,238.7766,4.97,90.0,False
5612,238.7804,17.96,0.0,False
5613,238.7919,17.44,0.0,False
5614,238.7922,20.91,0.0,False
5615,238.7958,9.83,0.0,False
5616,238.7961,17.77,0.0,True
5617,238.7992,25.86,90.0,False
5618,238.8092,9.49,0.0,True
5619,238.8185,10.03,95.0,False
5620,238.8203,20.27,0.0,False
5621,238.8297,19.71,0.0,False
5622,238.8509,18.66,0.0,True
5623,238.8509,17.17,90.0,False
5624,238.8563,16.79,0.0,False
5625,238.8606,19.07,0.0,False
5626,238.8747,2.43,0.0,False
5627,238.8777,17.83,0.0,False
5628,238.8907,18.04,0.0,False
5629,238.8924,18.37,0.0,False
5630,238.9008,17.65,0.0,False
5631,238.9033,16.6,0.0,False
5632,238.9129,44.02,90.0,False
5633,238.9143,9.71,0.0,True
5634,238.9179,23.12,0.0,False
5635,238.9369,8.37,0.0,False
5636,238.9528,9.3,90.0,True
5637,238.9543,8.84,0.0,True
5638,238.9659,18.03,0.0,False
5639,238.9663,18.03,0.0,False
5640,238.9675,8.57,19.0,False
5641,238.9712,18.07,0.0,False
5642,238.9734,9.99,0.0,False
5643,238.9762,18.31,0.0,False
5644,238.9865,18.72,0.0,False
5645,238.9886,18.58,0.0,False
5646,238.9921,897.33,0.0,True
5647,238.9941,18.38,0.0,False
5648,239.0096,4.28,0.0,False
5649,239.0235,8.99,0.0,False
5650,239.0239,10.82,0.0,False
5651,239.0273,17.43,0.0,False
5652,239.0492,17.39,90.0,False
5653,239.0527,17.73,0.0,False
5654,239.0605,9.53,0.0,False
5655,239.0622,12.21,90.0,False
5656,239.0682,900.14,90.0,False
5657,239.0801,5.79,0.0,True
5658,239.0848,8.18,0.0,True
5659,239.0897,35.15,90.0,False
5660,239.0967,875.61,90.0,True
5661,239.1066,10.11,0.0,False
5662,239.1083,889.37,0.0,False
5663,239.1272,79.54,0.0,False
5664,239.1358,81.5,90.0,False
5665,239.1385,10.99,0.0,False
5666,239.1405,17.06,0.0,False
5667,239.1445,18.84,0.0,True
5668,239.1454,18.65,0.0,False
5669,239.1469,22.13,0.0,False
5670,239.1493,9.52,0.0,False
5671,239.1507,18.48,0.0,False
5672,239.1638,18.44,0.0,False
5673,239.1855,18.36,0.0,False
5674,239.1903,31.67,0.0,False
5675,239.1926,9.66,38.0,True
5676,239.1945,25.65,0.0,False
5677,239.2097,17.64,0.0,False
5678,239.2327,10.17,90.0,True
5679,239.2404,18.68,0.0,False
5680,239.2443,19.22,0.0,False
5681,239.2511,17.45,0.0,False
5682,239.2556,9.52,0.0,True
5683,239.2578,70.52,0.0,True
5684,239.2639,18.52,0.0,False
5685,239.2742,48.03,0.0,False
5686,239.2951,22.54,90.0,False
5687,239.308,19.23,90.0,False
5688,239.3159,18.1,0.0,True
5689,239.3161,12.71,0.0,False
5690,239.3337,860.71,0.0,False
5691,239.3454,21.3,90.0,False
5692,239.3464,5.73,0.0,True
5693,239.3518,26.28,0.0,False
5694,239.3639,18.33,90.0,False
5695,239.3702,942.57,0.0,False
5696,239.3839,9.43,0.0,False
5697,239.3909,853.45,0.0,False
5698,239.3935,17.69,90.0,True
5699,239.4177,978.03,0.0,True
5700,239.4177,1005.14,0.0,False
5701,239.4198,31.15,90.0,False
5702,239.4327,16.74,0.0,False
5703,239.4558,8.91,0.0,False
5704,239.4607,17.6,0.0,False
5705,239.4628,17.9,0.0,False
5706,239.4706,9.78,0.0,False
5707,239.4807,997.5,0.0,True
5708,239.4911,18.1,0.0,True
5709,239.4937,35.62,90.0,True
5710,239.4972,5.18,0.0,False
5711,239.503,16.52,0.0,False
5712,239.5045,18.09,90.0,False
5713,239.5078,17.41,0.0,False
5714,239.5117,7.25,0.0,False
5715,239.5289,830.48,0.0,False
5716,239.5387,10.92,0.0,False
5717,239.5498,18.01,0.0,False
5718,239.5501,18.5,90.0,False
5719,239.5869,17.94,90.0,False
5720,239.5904,17.75,0.0,True
5721,239.6085,9.04,0.0,False
5722,239.6101,18.31,0.0,False
5723,239.6141,932.91,0.0,False
5724,239.6144,9.06,90.0,False
5725,239.6177,4.3,90.0,False
5726,239.6206,952.02,0.0,False
5727,239.6427,18.4,0.0,True
5728,239.6475,19.01,90.0,True
5729,239.658,17.38,0.0,False
5730,239.6596,19.02,0.0,False
5731,239.66,17.86,0.0,False
5732,239.6902,898.61,0.0,False
5733,239.6975,946.53,0.0,False
5734,239.702,8.69,90.0,True
5735,239.7023,9.56,0.0,True
5736,239.7074,1133.76,90.0,False
5737,239.7197,813.86,90.0,False
5738,239.7217,899.05,0.0,True
5739,239.7382,12.25,90.0,False
5740,239.7414,17.51,0.0,False
5741,239.7453,863.0,0.0,False
5742,239.7454,966.01,90.0,True
5743,239.747,9.08,0.0,True
5744,239.7539,17.58,0.0,False
5745,239.758,14.29,0.0,True
5746,239.761,19.2,0.0,False
5747,239.7661,18.39,0.0,False
5748,239.7738,17.9,0.0,False
5749,239.7817,18.93,0.0,False
5750,239.7833,844.64,90.0,False
5751,239.7859,18.53,0.0,True
5752,239.7872,16.91,19.0,False
5753,239.7903,17.44,0.0,True
5754,239.8043,16.16,0.0,False
5755,239.8107,2.73,0.0,False
5756,239.8173,17.92,0.0,True
5757,239.825,31.99,0.0,True
5758,239.8318,13.41,0.0,False
5759,239.8453,8.46,0.0,False
5760,239.8461,26.82,0.0,False
5761,239.849,18.12,0.0,False
5762,239.8538,961.59,0.0,True
5763,239.8636,18.18,0.0,True
5764,239.8684,8.86,0.0,False
5765,239.874,16.85,90.0,False
5766,239.8886,17.01,0.0,True
5767,239.89,19.81,90.0,False
5768,239.8904,35.74,0.0,False
5769,239.8968,8.43,0.0,False
5770,239.9022,6.07,0.0,False
5771,239.9029,27.34,0.0,False
5772,239.9036,17.54,0.0,False
5773,239.9052,24.15,90.0,False
5774,239.9109,956.51,0.0,False
5775,239.9256,17.82,90.0,False
5776,239.9257,5.14,0.0,True
5777,239.9388,44.01,90.0,False
5778,239.9438,18.15,90.0,True
5779,239.9486,30.29,0.0,False
5780,239.9498,18.45,0.0,False
5781,239.9556,1.95,0.0,False
5782,239.9627,17.69,0.0,True
5783,239.9712,17.19,0.0,False
5784,239.9786,17.41,0.0,False
5785,239.9851,970.77,0.0,False
5786,239.9891,18.61,0.0,True
5787,239.9947,17.38,0.0,False
5788,240.0287,18.23,0.0,True
5789,240.0289,18.23,90.0,True
5790,240.0309,8.54,0.0,False
5791,240.0311,5.23,0.0,False
5792,240.0432,17.88,0.0,False
5793,240.05,941.4,0.0,True
5794,240.0547,6.94,0.0,True
5795,240.0705,19.82,0.0,True
5796,240.0807,19.54,0.0,False
5797,240.0923,24.81,0.0,False
5798,240.103,2.87,90.0,False
5799,240.1078,36.31,0.0,False
5800,240.1098,954.49,0.0,False
5801,240.1186,9.12,0.0,False
5802,240.1362,17.59,0.0,False
5803,240.1524,28.69,0.0,False
5804,240.1576,8.05,0.0,False
5805,240.1816,25.78,0.0,True
5806,240.1832,8.97,0.0,False
5807,240.1901,17.19,0.0,False
5808,240.1929,11.28,0.0,True
5809,240.1931,875.71,0.0,True
5810,240.194,18.2,90.0,False
5811,240.1967,906.65,0.0,True
5812,240.2016,5.61,0.0,False
5813,240.2161,19.56,0.0,False
5814,240.2189,47.92,90.0,False
5815,240.2199,827.45,0.0,True
5816,240.2202,935.44,0.0,True
5817,240.2233,904.97,90.0,False
5818,240.2373,9.48,0.0,False
5819,240.2375,947.25,90.0,False
5820,240.2408,942.29,90.0,True
5821,240.2491,8.88,0.0,False
5822,240.2495,846.84,0.0,False
5823,240.2513,17.29,0.0,True
5824,240.2601,1061.06,0.0,False
5825,240.2644,17.73,90.0,True
5826,240.2653,3.39,0.0,False
5827,240.2661,17.64,0.0,True
5828,240.2712,32.32,0.0,False
5829,240.2928,1016.33,0.0,False
5830,240.2935,5.23,0.0,True
5831,240.2954,9.28,90.0,False
5832,240.3019,896.16,0.0,True
5833,240.3023,16.86,0.0,False
5834,240.3063,7.97,90.0,True
5835,240.314,17.72,0.0,False
5836,240.3168,2.64,0.0,False
5837,240.3179,17.06,0.0,False
5838,240.3187,11.03,0.0,False
5839,240.3333,9.36,0.0,False
5840,240.3339,950.85,0.0,False
5841,240.3351,5.98,90.0,False
5842,240.3359,6.29,0.0,False
5843,240.3366,9.36,0.0,False
5844,240.3409,16.03,0.0,True
5845,240.3487,8.9,0.0,True
5846,240.3545,863.68,0.0,False
5847,240.3577,834.54,0.0,False
5848,240.3597,843.81,90.0,False
5849,240.378,6.31,90.0,True
5850,240.3782,6.45,0.0,True
5851,240.3785,18.67,0.0,False
5852,240.3803,12.51,0.0,False
5853,240.3869,804.7,0.0,True
5854,240.4147,21.95,0.0,False
5855,240.4216,14.89,0.0,False
5856,240.4407,18.71,85.0,False
5857,240.4532,17.43,0.0,False
5858,240.4571,972.23,0.0,False
5859,240.474,898.13,0.0,True
5860,240.4744,3.97,0.0,False
5861,240.4817,10.74,90.0,True
5862,240.484,26.74,90.0,False
5863,240.4842,872.53,0.0,False
5864,240.4922,18.64,0.0,True
5865,240.4981,974.47,85.0,False
5866,240.5047,5.83,0.0,False
5867,240.511,852.76,0.0,False
5868,240.5389,1089.63,0.0,False
5869,240.5428,29.9,90.0,False
5870,240.5438,16.81,0.0,False
5871,240.544,836.54,0.0,False
5872,240.5443,873.02,0.0,False
5873,240.5643,881.28,90.0,False
5874,240.5858,18.3,90.0,True
5875,240.5983,4.92,90.0,False
5876,240.6003,6.06,0.0,False
5877,240.6189,5.71,0.0,True
5878,240.6317,17.54,0.0,False
5879,240.6318,19.59,0.0,False
5880,240.6371,8.93,90.0,False
5881,240.6444,24.51,0.0,False
5882,240.6499,18.39,0.0,False
5883,240.6542,888.47,0.0,False
5884,240.6639,3.94,0.0,True
5885,240.6697,17.61,90.0,True
5886,240.6697,8.76,0.0,False
5887,240.6851,951.27,0.0,False
5888,240.6885,46.51,0.0,False
5889,240.691,15.9,0.0,False
5890,240.6967,18.56,0.0,True
5891,240.7019,29.26,0.0,False
5892,240.7023,18.11,12.6667,False
5893,240.7048,909.36,0.0,False
5894,240.7089,9.58,0.0,False
5895,240.7096,928.32,0.0,False
5896,240.71,18.34,0.0,False
5897,240.7146,6.08,0.0,False
5898,240.7275,740.29,0.0,False
5899,240.732,33.47,90.0,False
5900,240.7393,5.68,0.0,False
5901,240.7448,838.49,0.0,False
5902,240.7681,8.25,0.0,True
5903,240.7892,986.68,90.0,False
5904,240.7958,5.76,0.0,False
5905,240.8065,1004.15,0.0,False
5906,240.8118,9.42,0.0,True
5907,240.8209,2.75,0.0,False
5908,240.8236,18.72,0.0,False
5909,240.8372,4.24,90.0,False
5910,240.8401,5.23,0.0,False
5911,240.8428,2.61,0.0,False
5912,240.8438,889.73,0.0,False
5913,240.8553,3.9,0.0,True
5914,240.856,9.22,90.0,True
5915,240.8612,19.47,0.0,False
5916,240.8653,18.43,0.0,False
5917,240.866,18.64,90.0,False
5918,240.8745,10.15,0.0,False
5919,240.8787,18.99,90.0,False
5920,240.8849,40.43,0.0,False
5921,240.8872,27.7,0.0,False
5922,240.8957,3.26,0.0,False
5923,240.9019,21.53,90.0,False
5924,240.9128,42.35,0.0,False
5925,240.9176,18.39,0.0,False
5926,240.9224,23.02,0.0,False
5927,240.9236,16.73,0.0,False
5928,240.9266,915.12,90.0,False
5929,240.9275,3.59,0.0,False
5930,240.9451,42.88,0.0,False
5931,240.9504,8.45,0.0,False
5932,240.9505,3.98,0.0,False
5933,240.9516,19.5,0.0,False
5934,240.957,7.68,0.0,True
5935,240.9661,4.5,90.0,False
5936,240.9689,912.07,90.0,False
5937,240.9775,922.46,0.0,False
5938,240.9878,6.57,90.0,False
5939,240.9889,22.29,0.0,False
5940,240.989,8.56,0.0,False
5941,240.998,849.12,0.0,False
5942,241.0101,995.8,0.0,False
5943,241.0131,5.78,0.0,False
5944,241.024,3.04,0.0,False
5945,241.0253,24.95,0.0,True
5946,241.0268,9.13,0.0,False
5947,241.0273,6.23,0.0,False
5948,241.0308,1031.86,0.0,False
5949,241.0312,906.33,0.0,False
5950,241.0356,7.1,0.0,False
5951,241.06,10.29,0.0,False
5952,241.0619,18.83,90.0,False
5953,241.0638,3.76,90.0,False
5954,241.0679,4.39,0.0,False
5955,241.0689,17.94,0.0,False
5956,241.0765,7.65,0.0,False
5957,241.0794,970.53,0.0,False
5958,241.0805,17.25,0.0,False
5959,241.0887,16.95,0.0,False
5960,241.0913,887.82,90.0,True
5961,241.0926,810.88,0.0,False
5962,241.0941,8.1,0.0,False
5963,241.0951,17.26,0.0,False
5964,241.1018,3.1,0.0,False
5965,241.102,8.29,90.0,False
5966,241.1099,12.91,12.6667,False
5967,241.1113,1014.16,0.0,True
5968,241.1121,9.98,0.0,False
5969,241.1179,17.43,0.0,False
5970,241.132,17.81,0.0,False
5971,241.1366,5.47,0.0,True
5972,241.146,848.13,0.0,False
5973,241.1746,778.0,0.0,False
5974,241.1829,18.17,90.0,False
5975,241.1831,828.02,0.0,False
5976,241.1831,18.16,0.0,True
5977,241.1852,47.07,0.0,False
5978,241.1898,3.87,0.0,False
5979,241.1939,36.02,0.0,False
5980,241.1942,888.19,0.0,False
5981,241.1956,20.43,0.0,True
5982,241.1973,952.91,0.0,False
5983,241.204,16.95,90.0,False
5984,241.215,17.22,0.0,True
5985,241.226,7.47,0.0,False
5986,241.234,4.26,90.0,False
5987,241.2344,7.53,0.0,True
5988,241.2366,4.55,0.0,True
5989,241.2454,4.44,0.0,False
5990,241.2543,8.44,0.0,True
5991,241.2881,18.18,0.0,False
5992,241.296,8.44,0.0,False
5993,241.2968,818.64,0.0,False
5994,241.3048,1044.06,0.0,False
5995,241.315,936.69,0.0,False
5996,241.3199,17.52,0.0,False
5997,241.3208,877.8,90.0,True
5998,241.3235,3.35,90.0,False
5999,241.3248,3.22,0.0,False
6000,241.327,922.84,90.0,False
6001,241.3279,17.39,0.0,False
6002,241.3401,8.59,0.0,False
6003,241.3453,18.28,0.0,False
6004,241.3473,2.71,0.0,True
6005,241.3615,885.12,0.0,False
6006,241.362,906.81,0.0,False
6007,241.3768,990.42,0.0,False
6008,241.3774,16.64,0.0,False
6009,241.3901,10.18,0.0,False
6010,241.3916,780.95,90.0,True
6011,241.3977,7.51,0.0,False
6012,241.4,17.08,0.0,False
6013,241.4034,5.89,0.0,False
6014,241.4072,17.76,90.0,False
6015,241.4079,860.0,0.0,False
6016,241.409,10.93,90.0,False
6017,241.4146,1.84,0.0,False
6018,241.419,981.63,0.0,False
6019,241.4236,18.75,0.0,False
6020,241.431,17.86,0.0,False
6021,241.4383,16.3,0.0,False
6022,241.4429,17.75,0.0,True
6023,241.4486,1083.14,0.0,False
6024,241.4532,8.09,90.0,False
6025,241.4533,8.83,0.0,False
6026,241.4617,18.06,0.0,True
6027,241.496,926.8,0.0,False
6028,241.502,875.64,90.0,False
6029,241.5029,825.21,0.0,False
6030,241.5145,9.26,0.0,False
6031,241.516,874.4,0.0,False
6032,241.5216,4.95,0.0,True
6033,241.5238,8.56,0.0,False
6034,241.5323,9.19,0.0,False
6035,241.5326,19.01,0.0,False
6036,241.5427,867.76,0.0,False
6037,241.5429,10.17,12.6667,True
6038,241.5462,17.6,0.0,False
6039,241.5482,974.61,0.0,False
6040,241.5527,28.96,0.0,False
6041,241.5651,17.91,90.0,False
6042,241.5758,5.14,0.0,True
6043,241.5764,891.19,0.0,True
6044,241.5972,18.66,90.0,False
6045,241.601,9.67,0.0,True
6046,241.6122,2.88,0.0,False
6047,241.6267,8.52,90.0,False
6048,241.6275,18.88,0.0,False
6049,241.6295,32.72,90.0,True
6050,241.6335,19.06,0.0,False
6051,241.6362,20.26,0.0,False
6052,241.6419,939.6,0.0,False
6053,241.6435,860.09,0.0,True
6054,241.6444,8.05,0.0,True
6055,241.6495,9.8,0.0,False
6056,241.6576,898.33,0.0,False
6057,241.6598,3.31,0.0,False
6058,241.6639,1033.66,0.0,False
6059,241.6728,1004.76,0.0,False
6060,241.689,17.8,90.0,False
6061,241.7031,5.06,0.0,False
6062,241.7101,908.76,0.0,False
6063,241.7227,8.67,90.0,False
6064,241.7232,840.71,0.0,False
6065,241.7321,8.06,0.0,True
6066,241.7323,776.68,0.0,False
6067,241.7419,961.86,0.0,False
6068,241.7454,24.88,90.0,True
6069,241.7543,17.38,0.0,False
6070,241.7576,891.43,90.0,False
6071,241.7587,19.08,0.0,False
6072,241.7603,3.94,0.0,False
6073,241.7754,987.77,0.0,False
6074,241.782,2.66,0.0,False
6075,241.7827,3.26,0.0,False
6076,241.7832,951.64,0.0,False
6077,241.7926,927.53,0.0,False
6078,241.8046,5.47,90.0,False
6079,241.8169,8.97,0.0,False
6080,241.8188,884.18,0.0,True
6081,241.8211,821.76,0.0,True
6082,241.8229,872.22,0.0,False
6083,241.8326,730.09,0.0,True
6084,241.8365,18.48,0.0,False
6085,241.837,923.56,0.0,False
6086,241.8518,3.24,90.0,False
6087,241.8518,4.73,0.0,False
6088,241.8605,17.41,0.0,False
6089,241.8776,796.18,0.0,False
6090,241.8781,18.23,90.0,False
6091,241.8794,944.51,0.0,False
6092,241.8803,955.24,90.0,False
6093,241.8828,812.4,0.0,False
6094,241.8858,4.75,0.0,False
6095,241.8929,888.72,0.0,False
6096,241.8937,858.79,90.0,False
6097,241.8975,19.02,90.0,False
6098,241.9012,3.81,0.0,False
6099,241.9067,11.18,0.0,False
6100,241.9096,913.46,0.0,False
6101,241.9348,17.29,90.0,False
6102,241.9366,948.21,0.0,False
6103,241.9375,4.8,0.0,False
6104,241.9543,17.04,0.0,False
6105,241.9576,6.38,0.0,True
6106,241.9641,884.03,90.0,False
6107,241.9793,4.53,0.0,True
6108,241.9814,18.86,90.0,False
6109,241.9912,17.36,0.0,False
6110,241.9948,18.57,0.0,False
6111,241.9953,20.35,0.0,False
6112,242.0109,7.99,90.0,False
6113,242.012,758.22,0.0,False
6114,242.0172,909.71,0.0,False
6115,242.0208,4.95,0.0,True
6116,242.028,848.05,0.0,False
6117,242.0324,3.78,0.0,False
6118,242.0372,7.21,0.0,True
6119,242.0411,8.15,0.0,False
6120,242.0421,929.19,0.0,True
6121,242.0454,15.83,0.0,False
6122,242.0454,21.04,0.0,True
6123,242.054,913.39,0.0,False
6124,242.0562,791.36,90.0,True
6125,242.0573,4.61,90.0,False
6126,242.0728,848.61,90.0,False
6127,242.0827,902.23,90.0,False
6128,242.0869,18.54,90.0,False
6129,242.0902,5.36,0.0,False
6130,242.0907,838.22,0.0,False
6131,242.0918,8.73,0.0,False
6132,242.0962,830.2,0.0,False
6133,242.098,2.72,0.0,False
6134,242.102,939.55,0.0,True
6135,242.1052,953.51,0.0,True
6136,242.108,919.07,0.0,False
6137,242.1081,8.15,90.0,False
6138,242.109,944.16,0.0,True
6139,242.1151,18.0,90.0,False
6140,242.1205,842.1,0.0,False
6141,242.1297,4.45,90.0,False
6142,242.1351,6.05,0.0,False
6143,242.1383,2.92,0.0,False
6144,242.1427,800.0,0.0,False
6145,242.1568,19.55,0.0,False
6146,242.1573,6.42,0.0,False
6147,242.1614,932.95,0.0,False
6148,242.17,7.29,0.0,False
6149,242.1778,5.34,0.0,False
6150,242.1819,811.33,0.0,True
6151,242.185,893.63,0.0,False
6152,242.1864,6.85,90.0,False
6153,242.1908,951.59,0.0,False
6154,242.191,4.07,0.0,False
6155,242.2011,4.75,90.0,False
6156,242.2053,3.8,90.0,False
6157,242.2153,861.59,0.0,True
6158,242.2287,984.03,90.0,False
6159,242.2358,1032.94,0.0,False
6160,242.238,876.16,0.0,False
6161,242.2421,916.94,0.0,False
6162,242.2457,860.27,0.0,False
6163,242.2476,914.86,0.0,False
6164,242.256,17.96,90.0,False
6165,242.2598,8.95,90.0,False
6166,242.2642,18.27,0.0,True
6167,242.2755,18.18,0.0,False
6168,242.2892,843.53,0.0,True
6169,242.291,4.82,0.0,False
6170,242.2919,40.7,0.0,True
6171,242.3031,898.23,0.0,False
6172,242.3098,2.51,90.0,False
6173,242.3214,1025.58,90.0,False
6174,242.3281,936.69,0.0,False
6175,242.3378,867.46,0.0,False
6176,242.3409,7.09,90.0,False
6177,242.3434,1014.38,90.0,False
6178,242.3451,837.76,90.0,False
6179,242.3488,3.67,90.0,False
6180,242.3528,919.23,0.0,True
6181,242.3551,2.82,0.0,False
6182,242.3586,834.94,0.0,False
6183,242.3627,925.6,0.0,False
6184,242.3759,12.46,0.0,False
6185,242.3951,927.81,0.0,False
6186,242.4008,6.6,0.0,False
6187,242.4014,835.27,0.0,False
6188,242.4065,819.9,90.0,False
6189,242.411,933.51,0.0,False
6190,242.4167,857.6,0.0,False
6191,242.4176,2.21,0.0,False
6192,242.4296,3.05,0.0,False
6193,242.4402,909.9,0.0,False
6194,242.4496,9.81,0.0,False
6195,242.4516,892.49,0.0,True
6196,242.46,6.42,90.0,False
6197,242.4691,809.05,0.0,False
6198,242.4811,948.25,0.0,False
6199,242.5,18.88,0.0,True
6200,242.5069,870.39,0.0,True
6201,242.5147,1144.78,0.0,True
6202,242.5177,926.21,0.0,False
6203,242.5282,902.84,0.0,False
6204,242.5419,3.87,90.0,False
6205,242.5441,29.28,90.0,False
6206,242.5578,8.85,0.0,True
6207,242.5631,42.69,0.0,False
6208,242.5662,954.05,0.0,False
6209,242.5772,5.74,0.0,False
6210,242.5791,1187.15,90.0,False
6211,242.5825,17.74,0.0,True
6212,242.5888,987.81,0.0,False
6213,242.6013,1030.13,0.0,False
6214,242.6101,9.31,0.0,True
6215,242.6132,5.09,90.0,False
6216,242.6139,1011.33,0.0,False
6217,242.6225,4.78,0.0,False
6218,242.6242,880.56,90.0,False
6219,242.6284,960.47,0.0,False
6220,242.6345,909.77,0.0,False
6221,242.6373,930.91,0.0,False
6222,242.6395,868.6,0.0,True
6223,242.6533,924.39,0.0,False
6224,242.6631,783.05,0.0,True
6225,242.6664,806.42,0.0,False
6226,242.6698,967.58,0.0,False
6227,242.6703,7.13,90.0,False
6228,242.675,18.79,90.0,False
6229,242.6891,894.98,0.0,False
6230,242.691,978.17,0.0,True
6231,242.693,827.85,90.0,False
6232,242.6934,17.71,90.0,False
6233,242.6972,824.86,0.0,True
6234,242.7046,784.4,0.0,False
6235,242.7114,3.58,0.0,False
6236,242.7129,1053.81,90.0,False
6237,242.7253,880.75,0.0,False
6238,242.7281,3.95,90.0,False
6239,242.7351,901.97,90.0,False
6240,242.7438,19.05,0.0,False
6241,242.7463,965.22,0.0,False
6242,242.7487,9.43,0.0,False
6243,242.7606,962.94,0.0,False
6244,242.7662,3.72,0.0,False
6245,242.7696,1012.02,0.0,False
6246,242.7731,906.48,90.0,False
6247,242.775,17.69,0.0,False
6248,242.7788,18.08,0.0,False
6249,242.79,5.63,0.0,False
6250,242.7915,4.61,0.0,True
6251,242.8057,29.65,0.0,False
6252,242.8068,948.85,90.0,True
6253,242.8158,2.95,0.0,False
6254,242.8184,906.26,0.0,True
6255,242.8226,6.74,0.0,False
6256,242.8383,993.55,0.0,True
6257,242.8429,16.96,0.0,False
6258,242.8514,1007.45,0.0,True
6259,242.8567,3.69,90.0,False
6260,242.8577,9.27,0.0,False
6261,242.8598,22.52,0.0,False
6262,242.8599,5.86,0.0,True
6263,242.861,3.4,0.0,True
6264,242.8645,5.27,0.0,False
6265,242.8654,6.97,0.0,False
6266,242.8671,2.69,90.0,False
6267,242.871,1047.01,0.0,False
6268,242.8716,857.04,12.6667,False
6269,242.8722,1019.27,0.0,False
6270,242.8864,944.69,0.0,False
6271,242.8935,976.39,90.0,False
6272,242.8993,52.14,95.0,False
6273,242.9011,1039.76,0.0,False
6274,242.9025,17.88,90.0,False
6275,242.9226,2.34,0.0,False
6276,242.925,18.98,0.0,True
6277,242.9255,741.19,0.0,False
6278,242.9368,5.78,0.0,False
6279,242.9459,912.99,0.0,False
6280,242.9486,3.94,0.0,False
6281,242.9529,3.66,0.0,False
6282,242.9575,8.57,90.0,False
6283,242.9653,910.78,0.0,False
6284,242.9733,903.67,0.0,False
6285,242.9756,4.83,0.0,False
6286,242.9805,1079.68,90.0,False
6287,242.9838,973.42,90.0,False
6288,243.0066,885.03,0.0,False
6289,243.0126,17.54,90.0,False
6290,243.0171,3.93,0.0,False
6291,243.0173,8.17,90.0,False
6292,243.0192,4.45,0.0,False
6293,243.0204,8.88,0.0,False
6294,243.0228,2.91,0.0,False
6295,243.024,41.96,0.0,True
6296,243.0243,9.68,0.0,True
6297,243.0265,5.06,38.0,False
6298,243.029,16.64,0.0,False
6299,243.0323,6.39,0.0,False
6300,243.0491,705.1,0.0,False
6301,243.0547,5.72,0.0,False
6302,243.0562,794.1,0.0,True
6303,243.0577,9.69,0.0,True
6304,243.061,17.8,0.0,False
6305,243.062,895.09,0.0,False
6306,243.0662,6.15,0.0,False
6307,243.0694,4.36,0.0,True
6308,243.0765,17.35,0.0,False
6309,243.0803,873.17,0.0,True
6310,243.0885,2.0,0.0,False
6311,243.0914,7.32,0.0,False
6312,243.1016,906.43,0.0,False
6313,243.1017,4.5,90.0,False
6314,243.1022,1003.8,0.0,False
6315,243.1058,4.45,0.0,False
6316,243.1079,978.4,0.0,True
6317,243.1096,983.85,0.0,False
6318,243.1148,5.09,0.0,True
6319,243.1206,7.14,90.0,False
6320,243.1237,892.56,0.0,False
6321,243.126,42.14,0.0,True
6322,243.1276,18.0,0.0,False
6323,243.1285,4.84,0.0,True
6324,243.1314,1040.84,0.0,False
6325,243.1316,3.65,90.0,False
6326,243.1367,11.42,0.0,False
6327,243.1476,2.98,0.0,False
6328,243.149,18.35,0.0,False
6329,243.1505,908.79,90.0,False
6330,243.1556,1045.2,0.0,False
6331,243.1625,938.66,0.0,False
6332,243.1652,18.82,0.0,False
6333,243.1663,3.9,0.0,True
6334,243.175,831.47,0.0,False
6335,243.1759,944.61,90.0,True
6336,243.1795,5.75,90.0,True
6337,243.1832,8.12,0.0,False
6338,243.1834,887.43,0.0,False
6339,243.1859,16.38,0.0,False
6340,243.1875,812.69,90.0,False
6341,243.1876,947.86,90.0,True
6342,243.1896,884.74,0.0,False
6343,243.1899,6.92,90.0,False
6344,243.1952,944.98,0.0,False
6345,243.1971,6.71,0.0,False
6346,243.1993,862.81,12.6667,False
6347,243.2001,921.81,0.0,True
6348,243.2076,931.32,0.0,True
6349,243.2077,7.55,0.0,False
6350,243.214,894.64,0.0,True
6351,243.214,959.63,90.0,True
6352,243.2158,14.88,0.0,False
6353,243.2218,7.52,0.0,False
6354,243.2256,3.37,0.0,False
6355,243.2267,8.58,0.0,False
6356,243.2519,962.66,90.0,True
6357,243.259,3.4,0.0,False
6358,243.2598,893.37,90.0,False
6359,243.2633,4.07,90.0,False
6360,243.2657,4.9,0.0,False
6361,243.2689,6.35,90.0,False
6362,243.2709,4.8,0.0,False
6363,243.2721,12.79,0.0,False
6364,243.2724,897.87,90.0,False
6365,243.278,883.2,0.0,False
6366,243.2879,928.5,0.0,False
6367,243.2891,835.35,0.0,False
6368,243.2919,803.11,0.0,False
6369,243.301,4.97,90.0,False
6370,243.3029,3.85,0.0,False
6371,243.304,892.34,0.0,False
6372,243.3061,1042.18,0.0,True
6373,243.3069,5.65,0.0,True
6374,243.3122,783.6,90.0,False
6375,243.3131,4.56,0.0,False
6376,243.3183,986.54,0.0,False
6377,243.3249,3.46,90.0,False
6378,243.3252,5.08,0.0,False
6379,243.3331,16.65,90.0,False
6380,243.3357,871.8,90.0,False
6381,243.3383,2.62,0.0,False
6382,243.3386,17.54,0.0,False
6383,243.3412,955.51,90.0,True
6384,243.3503,858.24,0.0,False
6385,243.356,994.86,0.0,False
6386,243.3659,998.28,0.0,False
6387,243.3937,20.16,90.0,False
6388,243.395,928.96,0.0,False
6389,243.396,920.17,0.0,False
6390,243.3993,4.94,0.0,False
6391,243.4029,1007.66,0.0,False
6392,243.4044,1051.8,0.0,False
6393,243.4154,4.22,0.0,False
6394,243.4181,5.88,0.0,False
6395,243.4241,5.62,0.0,False
6396,243.4244,893.84,90.0,False
6397,243.4319,3.41,0.0,False
6398,243.4332,4.5,0.0,False
6399,243.449,13.88,0.0,False
6400,243.4534,899.11,0.0,False
6401,243.4539,3.76,0.0,False
6402,243.4589,12.75,0.0,False
6403,243.4598,898.1,0.0,False
6404,243.4695,18.35,0.0,False
6405,243.4699,4.35,85.0,False
6406,243.4718,879.5,0.0,False
6407,243.4743,4.37,0.0,False
6408,243.4805,5.3,90.0,False
6409,243.4814,4.7,0.0,False
6410,243.4864,5.45,0.0,False
6411,243.4906,3.22,90.0,False
6412,243.4917,850.42,0.0,False
6413,243.4938,982.16,90.0,False
6414,243.4958,1023.37,90.0,False
6415,243.4966,5.28,0.0,False
6416,243.5015,828.91,0.0,False
6417,243.5028,928.39,0.0,True
6418,243.507,19.75,0.0,False
6419,243.5078,890.9,0.0,False
6420,243.5091,5.16,0.0,False
6421,243.5133,5.48,0.0,True
6422,243.5157,990.97,90.0,False
6423,243.5202,886.05,0.0,False
6424,243.5292,3.98,90.0,True
6425,243.541,996.63,0.0,False
6426,243.5415,992.7,90.0,False
6427,243.543,948.27,0.0,False
6428,243.5433,3.79,90.0,False
6429,243.5511,953.71,0.0,False
6430,243.5564,3.67,90.0,False
6431,243.5568,4.22,0.0,True
6432,243.5624,847.43,0.0,False
6433,243.5638,931.99,0.0,True
6434,243.5718,879.27,0.0,False
6435,243.5765,4.43,57.0,False
6436,243.5778,1056.31,0.0,False
6437,243.5816,4.14,90.0,False
6438,243.582,3.11,0.0,False
6439,243.5979,5.24,0.0,False
6440,243.5989,4.15,0.0,False
6441,243.6027,7.23,0.0,False
6442,243.6115,972.76,0.0,False
6443,243.6247,929.65,0.0,False
6444,243.6272,984.86,0.0,False
6445,243.6377,933.43,90.0,False
6446,243.6395,804.21,0.0,False
6447,243.6432,998.08,0.0,False
6448,243.6461,5.22,0.0,False
6449,243.6718,4.25,0.0,False
6450,243.6784,839.44,0.0,False
6451,243.6852,5.4,0.0,True
6452,243.687,855.29,0.0,False
6453,243.6899,4.59,0.0,True
6454,243.692,936.4,90.0,False
6455,243.7024,6.82,90.0,False
6456,243.7046,4.33,90.0,True
6457,243.7049,924.66,0.0,False
6458,243.7059,847.38,90.0,True
6459,243.718,886.16,0.0,False
6460,243.7183,5.25,0.0,False
6461,243.7261,856.87,90.0,False
6462,243.7302,884.05,0.0,False
6463,243.7335,885.11,0.0,False
6464,243.7377,17.89,0.0,True
6465,243.7389,936.87,0.0,False
6466,243.7453,860.71,0.0,False
6467,243.7525,5.83,0.0,True
6468,243.7577,833.52,90.0,False
6469,243.76,850.21,0.0,False
6470,243.7621,890.26,0.0,False
6471,243.7628,870.68,0.0,False
6472,243.7694,5.75,0.0,False
6473,243.7719,17.19,0.0,False
6474,243.777,18.07,0.0,False
6475,243.7799,5.71,0.0,False
6476,243.7854,1033.76,0.0,False
6477,243.7973,915.05,0.0,False
6478,243.7974,1009.72,0.0,False
6479,243.8003,6.15,0.0,False
6480,243.8009,909.74,90.0,False
6481,243.8068,900.45,0.0,False
6482,243.8157,886.32,0.0,True
6483,243.8185,4.92,0.0,False
6484,243.8192,5.99,0.0,False
6485,243.8213,7.7,0.0,False
6486,243.8282,5.93,0.0,True
6487,243.8392,7.15,0.0,False
6488,243.8463,845.75,0.0,False
6489,243.8484,890.97,0.0,False
6490,243.8486,1056.65,0.0,False
6491,243.8496,866.45,0.0,False
6492,243.8524,996.85,0.0,False
6493,243.8554,4.74,0.0,False
6494,243.8644,863.14,0.0,False
6495,243.8712,6.86,0.0,False
6496,243.8715,914.04,0.0,True
6497,243.8717,884.24,0.0,True
6498,243.8752,1.71,90.0,False
6499,243.8807,860.38,0.0,False
6500,243.898,953.9,0.0,False
6501,243.8998,8.26,0.0,False
6502,243.9163,17.91,0.0,False
6503,243.9206,799.42,0.0,False
6504,243.9288,981.05,19.0,False
6505,243.9336,922.39,0.0,True
6506,243.9405,966.76,90.0,False
6507,243.951,1000.1,85.0,True
6508,243.9635,938.84,0.0,False
6509,243.9747,16.47,0.0,True
6510,243.983,9.57,0.0,False
6511,243.9871,881.49,0.0,False
6512,243.9879,921.2,0.0,False
6513,243.9882,840.88,0.0,False
6514,243.9979,925.44,0.0,False
6515,243.999,4.74,85.0,False
6516,244.0005,4.0,0.0,True
6517,244.0023,1055.84,0.0,False
6518,244.012,969.95,0.0,False
6519,244.027,4.54,0.0,True
6520,244.0392,920.91,90.0,False
6521,244.0404,2.28,0.0,False
6522,244.0465,954.23,90.0,True
6523,244.0485,915.03,0.0,True
6524,244.0508,4.82,0.0,False
6525,244.0534,4.8,90.0,False
6526,244.0553,848.92,0.0,False
6527,244.0565,1070.38,0.0,True
6528,244.0568,812.66,90.0,True
6529,244.0576,963.09,90.0,False
6530,244.0645,817.6,90.0,False
6531,244.0652,886.05,0.0,True
6532,244.0698,3.9,0.0,True
6533,244.071,2.89,0.0,False
6534,244.0751,3.76,0.0,False
6535,244.0775,4.08,0.0,False
6536,244.0787,8.35,0.0,False
6537,244.0793,9.84,0.0,False
6538,244.0833,2.9,0.0,False
6539,244.087,833.16,0.0,False
6540,244.0885,3.63,0.0,False
6541,244.0914,838.27,90.0,False
6542,244.0942,834.16,0.0,True
6543,244.0955,862.46,0.0,True
6544,244.1048,732.66,0.0,False
6545,244.1075,941.12,0.0,False
6546,244.1194,901.41,0.0,False
6547,244.1196,3.23,0.0,False
6548,244.1215,4.26,0.0,False
6549,244.1384,886.75,0.0,False
6550,244.14,4.89,0.0,False
6551,244.1573,4.54,0.0,False
6552,244.1645,876.38,0.0,True
6553,244.1666,841.01,0.0,False
6554,244.1674,929.87,0.0,False
6555,244.1829,18.6,12.6667,False
6556,244.1836,956.92,0.0,True
6557,244.1858,945.29,90.0,True
6558,244.1953,5.09,90.0,False
6559,244.202,10.17,0.0,False
6560,244.2031,999.38,0.0,False
6561,244.2052,3.03,0.0,False
6562,244.2082,847.18,0.0,True
6563,244.2092,4.97,12.6667,True
6564,244.2107,880.14,90.0,False
6565,244.2132,807.24,0.0,False
6566,244.2173,912.16,0.0,False
6567,244.2214,5.67,0.0,False
6568,244.2224,923.14,0.0,False
6569,244.227,19.16,0.0,False
6570,244.2318,1076.32,38.0,False
6571,244.2427,7.75,0.0,False
6572,244.2437,911.6,0.0,True
6573,244.2438,2.65,90.0,True
6574,244.244,3.47,0.0,True
6575,244.2473,1020.77,0.0,True
6576,244.2476,948.45,0.0,False
6577,244.2479,19.63,0.0,True
6578,244.2481,8.07,0.0,False
6579,244.256,6.99,0.0,True
6580,244.2607,870.33,0.0,False
6581,244.2624,922.9,0.0,False
6582,244.2646,5.91,0.0,False
6583,244.2798,8.85,90.0,True
6584,244.2862,864.25,0.0,False
6585,244.2865,830.5,90.0,False
6586,244.2865,8.07,0.0,False
6587,244.2879,5.28,0.0,False
6588,244.2909,960.44,90.0,False
6589,244.2976,745.01,0.0,True
6590,244.3024,4.6,0.0,False
6591,244.3156,1095.16,0.0,False
6592,244.3287,5.23,0.0,False
6593,244.3301,1006.7,0.0,False
6594,244.3308,6.43,0.0,False
6595,244.3321,4.32,0.0,True
6596,244.3343,17.07,0.0,False
6597,244.3441,1089.09,0.0,False
6598,244.3601,840.54,90.0,True
6599,244.3617,874.12,12.6667,False
6600,244.3698,994.04,0.0,False
6601,244.3756,902.51,0.0,True
6602,244.3822,858.28,0.0,False
6603,244.3822,18.03,90.0,False
6604,244.3872,958.22,90.0,False
6605,244.3891,17.78,0.0,False
6606,244.3976,890.08,0.0,False
6607,244.3992,5.0,0.0,True
6608,244.3996,840.67,0.0,False
6609,244.3999,984.82,90.0,False
6610,244.4043,9.19,0.0,False
6611,244.4199,979.8,0.0,False
6612,244.4224,871.91,0.0,False
6613,244.4246,5.11,0.0,False
6614,244.427,775.68,0.0,False
6615,244.4312,950.21,0.0,True
6616,244.4339,17.98,0.0,False
6617,244.4349,5.09,0.0,False
6618,244.4359,4.12,90.0,False
6619,244.4364,814.93,0.0,False
6620,244.4394,922.83,95.0,False
6621,244.4453,5.24,0.0,False
6622,244.4543,888.77,90.0,True
6623,244.4543,5.71,0.0,False
6624,244.4572,7.68,90.0,False
6625,244.4574,9.83,90.0,False
6626,244.4615,934.43,0.0,True
6627,244.4755,833.84,0.0,False
6628,244.4767,909.87,0.0,False
6629,244.4879,896.48,0.0,False
6630,244.4911,814.5,0.0,False
6631,244.4935,937.4,0.0,False
6632,244.5001,962.9,0.0,True
6633,244.5001,823.4,0.0,True
6634,244.5051,928.85,0.0,False
6635,244.5054,8.4,0.0,False
6636,244.5058,5.39,0.0,False
6637,244.5094,868.4,0.0,False
6638,244.5102,964.43,0.0,False
6639,244.5163,943.67,0.0,True
6640,244.5172,6.62,90.0,False
6641,244.5359,858.61,90.0,True
6642,244.5388,4.26,90.0,True
6643,244.5405,3.29,0.0,False
6644,244.5476,855.89,0.0,False
6645,244.5532,5.2,0.0,False
6646,244.5536,972.18,0.0,False
6647,244.5542,868.89,0.0,False
6648,244.557,860.09,0.0,False
6649,244.5707,794.59,0.0,False
6650,244.571,4.64,90.0,False
6651,244.5904,782.79,90.0,False
6652,244.5934,3.04,0.0,True
6653,244.5979,841.85,0.0,False
6654,244.6013,853.28,0.0,True
6655,244.6018,1074.67,0.0,False
6656,244.6099,998.17,12.6667,False
6657,244.6103,1032.91,90.0,False
6658,244.611,6.36,90.0,False
6659,244.613,1037.0,90.0,True
6660,244.6158,769.96,0.0,False
6661,244.622,945.96,0.0,False
6662,244.6225,3.69,0.0,True
6663,244.6228,3.27,0.0,False
6664,244.6277,2.91,0.0,False
6665,244.6289,5.82,0.0,False
6666,244.6318,9.05,0.0,False
6667,244.6342,985.98,90.0,True
6668,244.6351,941.53,90.0,False
6669,244.6403,935.77,90.0,False
6670,244.6426,909.86,0.0,False
6671,244.6429,848.57,0.0,False
6672,244.6536,8.18,90.0,False
6673,244.6569,961.4,0.0,False
6674,244.657,881.71,0.0,False
6675,244.6597,2.48,0.0,True
6676,244.6616,934.59,0.0,False
6677,244.6656,4.75,0.0,True
6678,244.666,3.94,0.0,False
6679,244.667,6.09,0.0,False
6680,244.6745,799.2,0.0,False
6681,244.6788,994.87,0.0,False
6682,244.6809,1002.17,90.0,False
6683,244.684,1032.48,0.0,False
6684,244.684,12.27,0.0,False
6685,244.6966,861.77,0.0,False
6686,244.6974,902.52,0.0,False
6687,244.7005,8.36,90.0,True
6688,244.7057,862.86,0.0,False
6689,244.7106,4.48,90.0,True
6690,244.7188,1005.44,0.0,False
6691,244.7222,24.04,0.0,False
6692,244.7294,2.9,90.0,True
6693,244.7331,1009.66,0.0,False
6694,244.7369,5.43,0.0,False
6695,244.744,1007.48,0.0,False
6696,244.7445,957.61,90.0,False
6697,244.7464,3.77,0.0,False
6698,244.7541,948.21,0.0,False
6699,244.7554,6.56,90.0,True
6700,244.7693,5.31,0.0,False
6701,244.7698,938.51,90.0,False
6702,244.7729,939.23,0.0,False
6703,244.776,900.35,0.0,False
6704,244.7762,997.8,19.0,False
6705,244.7783,10.02,0.0,False
6706,244.7857,920.53,90.0,False
6707,244.7858,844.57,0.0,False
6708,244.7866,967.5,0.0,False
6709,244.7909,977.12,0.0,False
6710,244.7945,991.65,0.0,True
6711,244.7952,780.82,0.0,False
6712,244.7996,9.23,0.0,False
6713,244.8036,921.21,0.0,False
6714,244.8067,820.56,90.0,False
6715,244.8246,954.55,0.0,False
6716,244.8271,897.79,0.0,True
6717,244.8289,1068.64,0.0,True
6718,244.836,941.49,0.0,False
6719,244.8572,5.49,0.0,False
6720,244.8622,892.48,0.0,False
6721,244.8694,872.89,0.0,False
6722,244.8736,862.2,0.0,False
6723,244.8762,9.23,90.0,False
6724,244.8782,839.75,90.0,False
6725,244.8819,961.0,90.0,True
6726,244.882,907.57,0.0,False
6727,244.8915,873.46,90.0,True
6728,244.8946,5.58,0.0,True
6729,244.8955,4.34,0.0,False
6730,244.8964,1039.76,0.0,False
6731,244.8972,11.26,90.0,False
6732,244.9022,4.34,0.0,False
6733,244.9042,3.69,0.0,False
6734,244.9066,7.57,0.0,False
6735,244.9214,922.06,0.0,False
6736,244.9238,4.78,0.0,True
6737,244.9281,788.7,0.0,False
6738,244.9283,3.8,0.0,False
6739,244.9433,877.32,90.0,False
6740,244.9444,846.27,0.0,False
6741,244.9457,989.72,0.0,False
6742,244.9473,5.32,0.0,False
6743,244.9493,907.36,0.0,False
6744,244.9518,6.64,0.0,False
6745,244.9551,874.84,90.0,False
6746,244.9607,1079.32,0.0,False
6747,244.9665,862.52,0.0,True
6748,244.9671,874.63,0.0,False
6749,244.9713,12.42,90.0,False
6750,244.98,7.01,0.0,False
6751,244.98,940.96,0.0,False
6752,244.9834,4.91,90.0,False
6753,244.9845,6.13,0.0,True
6754,244.9937,898.32,0.0,False
6755,244.997,893.85,90.0,True
6756,244.9982,8.67,0.0,False
6757,245.0032,6.69,90.0,True
6758,245.0079,11.1,0.0,True
6759,245.0092,1033.3,0.0,True
6760,245.0139,803.78,90.0,False
6761,245.0233,11.01,0.0,False
6762,245.0234,1.68,0.0,False
6763,245.0254,2.9,0.0,False
6764,245.0274,17.0,0.0,True
6765,245.0291,3.35,0.0,True
6766,245.0318,956.87,0.0,True
6767,245.0427,900.24,0.0,False
6768,245.0486,4.13,90.0,False
6769,245.0511,787.11,0.0,False
6770,245.0541,9.41,0.0,False
6771,245.0565,3.98,0.0,False
6772,245.0606,2.86,0.0,False
6773,245.0672,973.72,0.0,False
6774,245.0775,3.08,0.0,False
6775,245.0793,5.19,0.0,False
6776,245.0826,5.08,0.0,False
6777,245.0853,6.82,0.0,False
6778,245.0866,4.06,90.0,False
6779,245.0871,966.6,0.0,False
6780,245.0915,887.86,0.0,True
6781,245.0935,3.47,0.0,False
6782,245.0944,5.01,0.0,False
6783,245.0989,891.31,0.0,False
6784,245.0993,3.97,0.0,False
6785,245.1112,946.91,90.0,False
6786,245.1166,880.36,0.0,False
6787,245.1173,3.17,90.0,True
6788,245.1197,837.2,0.0,False
6789,245.1201,828.87,90.0,False
6790,245.1227,1018.05,0.0,False
6791,245.1227,9.01,0.0,False
6792,245.1244,5.01,90.0,True
6793,245.1264,6.75,0.0,True
6794,245.1269,906.54,0.0,False
6795,245.1289,951.27,0.0,True
6796,245.131,1128.56,0.0,False
6797,245.1357,863.55,0.0,False
6798,245.1411,5.2,0.0,False
6799,245.1417,933.92,0.0,False
6800,245.1422,842.21,0.0,False
6801,245.1439,992.38,0.0,False
6802,245.151,8.57,0.0,False
6803,245.1545,6.89,0.0,True
6804,245.1571,969.64,50.6667,False
6805,245.1645,838.45,0.0,False
6806,245.1731,837.07,0.0,False
6807,245.1737,12.12,0.0,False
6808,245.1831,11.37,0.0,True
6809,245.1846,949.91,90.0,True
6810,245.1854,28.72,0.0,True
6811,245.1908,4.79,0.0,True
6812,245.1915,783.59,90.0,True
6813,245.1997,810.16,0.0,False
6814,245.2026,971.88,0.0,False
6815,245.2036,928.71,0.0,True
6816,245.2057,971.33,90.0,True
6817,245.2114,2.36,0.0,False
6818,245.2218,1021.05,90.0,True
6819,245.223,999.4,0.0,True
6820,245.2238,943.82,0.0,False
6821,245.234,5.36,0.0,True
6822,245.2461,881.39,90.0,True
6823,245.2474,937.78,0.0,False
6824,245.2502,5.49,0.0,False
6825,245.259,5.25,90.0,False
6826,245.2603,979.22,90.0,False
6827,245.2613,881.45,0.0,False
6828,245.2627,870.02,19.0,False
6829,245.2664,834.11,0.0,False
6830,245.2666,916.07,0.0,False
6831,245.2678,864.93,0.0,False
6832,245.268,968.05,90.0,True
6833,245.2715,883.59,0.0,True
6834,245.277,1062.77,0.0,False
6835,245.2828,5.52,0.0,True
6836,245.2852,3.83,0.0,False
6837,245.2892,5.61,90.0,False
6838,245.2897,5.59,0.0,False
6839,245.291,6.02,0.0,False
6840,245.2941,6.08,90.0,False
6841,245.3011,2.94,0.0,True
6842,245.3036,827.1,0.0,False
6843,245.3075,3.97,90.0,False
6844,245.3078,876.79,90.0,False
6845,245.3197,7.88,90.0,False
6846,245.3277,3.41,90.0,False
6847,245.3287,960.81,90.0,False
6848,245.337,948.06,0.0,False
6849,245.3377,3.08,90.0,False
6850,245.3458,7.3,0.0,False
6851,245.3533,5.95,90.0,False
6852,245.3562,969.58,0.0,False
6853,245.3596,950.92,85.0,True
6854,245.3629,4.16,90.0,False
6855,245.3746,17.3,0.0,False
6856,245.3775,5.92,0.0,False
6857,245.3786,3.31,0.0,False
6858,245.3867,8.44,0.0,False
6859,245.3876,774.92,0.0,False
6860,245.3931,948.43,12.6667,False
6861,245.3954,10.41,85.0,False
6862,245.4017,7.24,0.0,False
6863,245.4091,8.51,0.0,True
6864,245.4095,900.68,0.0,False
6865,245.4122,978.09,0.0,False
6866,245.4166,30.37,90.0,True
6867,245.4168,904.58,0.0,False
6868,245.419,868.36,0.0,False
6869,245.4357,985.67,90.0,False
6870,245.4375,3.11,0.0,False
6871,245.44,4.82,0.0,True
6872,245.4401,795.29,90.0,False
6873,245.4456,4.28,0.0,False
6874,245.4555,5.22,0.0,True
6875,245.4569,5.04,0.0,False
6876,245.4574,917.71,0.0,False
6877,245.4663,961.52,0.0,True
6878,245.4689,810.61,90.0,False
6879,245.4759,866.3,0.0,False
6880,245.4767,872.72,0.0,True
6881,245.4795,904.37,90.0,False
6882,245.4896,1022.35,0.0,False
6883,245.4998,6.6,0.0,False
6884,245.5056,926.68,0.0,False
6885,245.5176,1111.94,0.0,False
6886,245.5248,3.78,90.0,False
6887,245.5253,988.35,0.0,False
6888,245.5285,3.69,0.0,False
6889,245.5301,860.14,0.0,False
6890,245.5383,914.15,0.0,False
6891,245.5529,872.24,0.0,True
6892,245.5559,4.02,0.0,False
6893,245.5584,813.1,90.0,False
6894,245.5725,1.91,0.0,False
6895,245.5739,5.23,0.0,False
6896,245.58,3.73,90.0,False
6897,245.5809,3.39,0.0,False
6898,245.5821,830.18,90.0,True
6899,245.5837,859.8,0.0,False
6900,245.59,3.39,0.0,False
6901,245.5911,3.69,0.0,False
6902,245.5936,987.59,0.0,True
6903,245.5989,4.72,0.0,False
6904,245.614,2.96,0.0,True
6905,245.6157,5.18,90.0,True
6906,245.625,7.12,90.0,False
6907,245.6385,902.0,0.0,False
6908,245.6411,4.77,0.0,False
6909,245.6449,899.97,90.0,False
6910,245.6463,940.91,0.0,False
6911,245.6566,4.0,90.0,False
6912,245.6568,852.77,0.0,True
6913,245.6626,3.89,0.0,False
6914,245.6677,7.14,90.0,False
6915,245.6681,6.8,0.0,False
6916,245.6722,884.4,0.0,False
6917,245.6741,1007.72,0.0,False
6918,245.6828,947.6,0.0,False
6919,245.6973,900.8,0.0,False
6920,245.6978,880.58,0.0,True
6921,245.6995,4.98,0.0,False
6922,245.7125,909.99,0.0,False
6923,245.7177,4.17,90.0,False
6924,245.724,910.12,0.0,False
6925,245.7246,795.49,0.0,False
6926,245.7268,5.3,90.0,False
6927,245.73,5.81,0.0,False
6928,245.7314,2.27,0.0,False
6929,245.7391,822.65,0.0,False
6930,245.7412,8.93,0.0,False
6931,245.7487,970.83,90.0,False
6932,245.7499,852.3,0.0,False
6933,245.7526,7.41,0.0,False
6934,245.7584,933.32,0.0,False
6935,245.7586,17.33,38.0,False
6936,245.7594,7.07,0.0,True
6937,245.7629,1079.2,0.0,False
6938,245.7701,7.52,0.0,True
6939,245.7702,16.83,0.0,False
6940,245.7717,982.57,0.0,False
6941,245.7738,940.8,0.0,True
6942,245.7742,9.49,0.0,False
6943,245.7744,927.25,0.0,False
6944,245.7747,3.04,0.0,False
6945,245.7802,4.21,0.0,True
6946,245.7807,5.23,0.0,False
6947,245.7894,906.8,0.0,False
6948,245.7898,1076.25,0.0,False
6949,245.7923,946.31,0.0,False
6950,245.7941,6.04,90.0,False
6951,245.7971,5.92,0.0,False
6952,245.8018,919.95,0.0,True
6953,245.8034,7.77,0.0,False
6954,245.8043,838.37,90.0,False
6955,245.805,983.83,90.0,True
6956,245.8054,1181.65,0.0,True
6957,245.8088,4.8,0.0,False
6958,245.8109,2.78,0.0,False
6959,245.811,6.24,0.0,False
6960,245.8134,977.38,90.0,False
6961,245.8143,4.39,0.0,True
6962,245.8152,6.0,90.0,False
6963,245.8184,796.62,0.0,True
6964,245.8235,966.17,0.0,False
6965,245.8251,10.45,0.0,False
6966,245.8253,880.76,0.0,False
6967,245.8308,5.17,0.0,False
6968,245.8442,934.84,0.0,False
6969,245.8455,2.74,90.0,False
6970,245.8477,4.13,0.0,True
6971,245.8516,851.54,90.0,False
6972,245.8558,6.04,0.0,True
6973,245.8626,876.16,0.0,False
6974,245.8629,941.78,90.0,False
6975,245.8757,4.72,0.0,False
6976,245.881,6.17,0.0,False
6977,245.8903,5.69,0.0,False
6978,245.8937,882.51,0.0,False
6979,245.8954,2.79,0.0,True
6980,245.8958,6.81,90.0,False
6981,245.8975,4.82,0.0,False
6982,245.8979,20.75,90.0,False
6983,245.8982,821.61,0.0,False
6984,245.9001,938.53,0.0,False
6985,245.9149,940.71,0.0,False
6986,245.9168,1034.26,0.0,False
6987,245.9246,842.87,90.0,False
6988,245.9264,4.71,0.0,True
6989,245.9277,7.19,90.0,False
6990,245.9406,1059.65,0.0,False
6991,245.9419,5.79,90.0,False
6992,245.9433,826.38,0.0,False
6993,245.948,889.53,90.0,True
6994,245.956,2.17,0.0,False
6995,245.9574,5.11,0.0,False
6996,245.9579,997.24,90.0,False
6997,245.9658,1029.14,0.0,False
6998,245.9747,4.58,90.0,False
6999,245.9773,889.32,0.0,False
7000,245.9882,769.37,0.0,True
7001,245.9953,5.44,0.0,False
7002,246.0061,18.01,0.0,True
7003,246.0085,997.1,0.0,False
7004,246.0086,915.37,90.0,False
7005,246.0097,2.84,0.0,False
7006,246.0115,859.35,0.0,False
7007,246.0156,869.22,90.0,False
7008,246.0184,883.18,0.0,True
7009,246.0243,883.64,90.0,False
7010,246.0259,946.2,0.0,False
7011,246.0295,6.86,0.0,False
7012,246.0297,776.12,0.0,False
7013,246.0305,6.3,0.0,False
7014,246.0343,5.92,0.0,False
7015,246.0359,734.63,0.0,False
7016,246.0433,913.57,90.0,False
7017,246.0435,3.73,0.0,False
7018,246.0589,17.12,0.0,False
7019,246.0615,924.67,0.0,False
7020,246.0665,4.16,0.0,False
7021,246.0666,3.61,0.0,True
7022,246.0701,877.52,0.0,False
7023,246.0733,7.04,0.0,False
7024,246.0776,947.79,90.0,False
7025,246.0798,878.92,0.0,False
7026,246.0868,880.56,0.0,False
7027,246.0878,3.87,0.0,False
7028,246.0917,855.12,0.0,False
7029,246.0966,867.43,0.0,True
7030,246.098,2.97,0.0,True
7031,246.1116,980.59,90.0,False
7032,246.1137,952.31,0.0,False
7033,246.1277,894.45,0.0,True
7034,246.1294,3.52,90.0,True
7035,246.1331,884.52,0.0,True
7036,246.1371,783.09,0.0,False
7037,246.1398,4.54,90.0,False
7038,246.1545,860.56,90.0,False
7039,246.1558,2.75,0.0,False
7040,246.1565,1080.82,90.0,True
7041,246.159,895.64,90.0,False
7042,246.162,4.94,90.0,False
7043,246.191,862.07,0.0,False
7044,246.1925,1030.98,0.0,False
7045,246.1929,4.69,0.0,False
7046,246.1978,5.14,12.6667,False
7047,246.1988,6.9,0.0,False
7048,246.2031,942.14,0.0,True
7049,246.2034,1031.18,0.0,False
7050,246.2071,870.63,90.0,True
7051,246.2115,878.05,0.0,False
7052,246.2126,6.34,0.0,True
7053,246.2145,862.43,0.0,False
7054,246.2207,5.83,0.0,False
7055,246.2273,3.62,0.0,False
7056,246.2307,935.38,0.0,False
7057,246.2384,3.97,0.0,True
7058,246.2384,11.01,90.0,False
7059,246.2509,1079.77,0.0,True
7060,246.2574,921.84,0.0,True
7061,246.264,3.04,0.0,False
7062,246.2673,868.37,0.0,False
7063,246.2757,10.41,0.0,True
7064,246.2757,5.35,90.0,False
7065,246.279,4.69,90.0,True
7066,246.2793,817.73,0.0,False
7067,246.2885,822.77,0.0,False
7068,246.291,851.28,0.0,False
7069,246.2929,4.05,0.0,False
7070,246.3039,944.17,0.0,False
7071,246.3222,836.11,90.0,False
7072,246.3288,962.08,0.0,True
7073,246.3329,5.52,0.0,False
7074,246.3401,756.99,0.0,False
7075,246.3404,713.86,90.0,False
7076,246.3444,6.24,0.0,False
7077,246.3474,941.16,0.0,False
7078,246.3611,3.97,90.0,False
7079,246.3684,867.3,0.0,False
7080,246.3705,819.29,0.0,True
7081,246.3709,5.27,90.0,False
7082,246.3801,4.8,0.0,False
7083,246.3831,1002.2,0.0,False
7084,246.3855,4.1,0.0,False
7085,246.387,4.02,0.0,False
7086,246.4061,7.58,90.0,False
7087,246.4119,908.29,0.0,False
7088,246.4127,867.58,90.0,False
7089,246.4161,4.87,0.0,False
7090,246.418,912.85,0.0,False
7091,246.4208,5.0,0.0,False
7092,246.4213,4.91,0.0,False
7093,246.425,1047.63,0.0,False
7094,246.4285,8.66,0.0,False
7095,246.4388,3.08,0.0,False
7096,246.4391,3.83,90.0,True
7097,246.4405,891.58,0.0,False
7098,246.4409,18.3,0.0,True
7099,246.453,1012.63,0.0,False
7100,246.4548,916.26,0.0,False
7101,246.4633,958.77,0.0,False
7102,246.4671,5.07,90.0,False
7103,246.4683,869.08,0.0,False
7104,246.4719,930.11,0.0,False
7105,246.4842,3.82,90.0,False
7106,246.4985,785.9,0.0,False
7107,246.5004,4.51,0.0,True
7108,246.502,819.65,0.0,False
7109,246.5065,960.67,0.0,True
7110,246.5084,800.71,0.0,False
7111,246.5094,5.56,90.0,False
7112,246.5146,805.08,0.0,False
7113,246.516,892.05,0.0,False
7114,246.5164,3.84,0.0,False
7115,246.5204,8.24,0.0,False
7116,246.5217,893.92,0.0,False
7117,246.5258,930.41,0.0,False
7118,246.5292,975.61,0.0,False
7119,246.5308,796.73,0.0,False
7120,246.5333,6.11,90.0,False
7121,246.5346,5.52,0.0,False
7122,246.5404,923.23,0.0,False
7123,246.554,4.0,0.0,False
7124,246.5548,793.23,0.0,False
7125,246.5553,1040.19,0.0,False
7126,246.556,3.45,0.0,False
7127,246.5607,966.49,0.0,False
7128,246.5639,1073.73,0.0,True
7129,246.5655,4.13,50.6667,False
7130,246.5669,3.25,0.0,False
7131,246.5715,979.07,0.0,False
7132,246.5787,4.25,85.0,False
7133,246.5797,1129.71,0.0,True
7134,246.5893,4.69,0.0,True
7135,246.5894,907.18,0.0,False
7136,246.6038,1011.28,0.0,False
7137,246.6074,4.76,0.0,False
7138,246.6147,2.97,90.0,False
7139,246.6174,6.69,90.0,False
7140,246.6205,955.68,0.0,False
7141,246.6249,3.96,0.0,False
7142,246.6273,8.34,0.0,False
7143,246.6338,902.09,0.0,False
7144,246.6342,1082.22,0.0,False
7145,246.6355,830.25,0.0,False
7146,246.6471,926.02,0.0,True
7147,246.6473,1029.39,0.0,False
7148,246.6513,967.06,90.0,False
7149,246.6546,826.88,0.0,False
7150,246.6628,6.23,0.0,False
7151,246.6659,954.23,0.0,False
7152,246.6665,4.76,0.0,False
7153,246.673,6.61,90.0,False
7154,246.6781,888.35,0.0,False
7155,246.6802,3.8,0.0,True
7156,246.7041,894.63,0.0,False
7157,246.7095,4.85,90.0,False
7158,246.7138,1019.09,0.0,False
7159,246.7179,1003.39,0.0,True
7160,246.7185,8.44,0.0,False
7161,246.7234,880.9,90.0,False
7162,246.7266,828.82,0.0,False
7163,246.728,4.39,0.0,False
7164,246.7307,2.48,90.0,False
7165,246.7329,3.1,0.0,False
7166,246.738,2.34,0.0,True
7167,246.7411,867.87,0.0,False
7168,246.7444,1021.55,90.0,False
7169,246.7459,794.17,0.0,False
7170,246.7534,942.37,0.0,False
7171,246.754,1038.58,0.0,False
7172,246.7548,882.06,0.0,True
7173,246.7569,919.26,0.0,False
7174,246.7683,767.79,0.0,False
7175,246.7739,9.38,0.0,True
7176,246.7757,6.33,0.0,True
7177,246.7761,6.08,19.0,False
7178,246.7784,917.08,0.0,False
7179,246.7861,983.62,0.0,False
7180,246.7919,998.87,90.0,False
7181,246.792,940.03,0.0,False
7182,246.7935,1006.2,0.0,True
7183,246.7945,841.99,0.0,True
7184,246.7956,824.9,0.0,False
7185,246.8008,892.89,0.0,False
7186,246.8015,709.8,90.0,False
7187,246.8061,3.99,0.0,True
7188,246.8168,937.46,0.0,False
7189,246.8211,944.2,0.0,True
7190,246.8221,6.28,0.0,True
7191,246.8434,3.5,90.0,False
7192,246.8435,18.01,0.0,False
7193,246.8583,914.8,90.0,False
7194,246.8645,3.25,90.0,False
7195,246.865,5.43,90.0,False
7196,246.8701,7.0,0.0,False
7197,246.8715,4.92,0.0,False
7198,246.8799,3.89,0.0,False
7199,246.8856,4.48,0.0,False
7200,246.8865,7.22,0.0,True
7201,246.8948,1013.76,90.0,False
7202,246.8962,881.77,0.0,False
7203,246.8974,955.4,0.0,False
7204,246.9065,5.05,0.0,False
7205,246.9109,854.93,0.0,False
7206,246.9109,779.02,0.0,True
7207,246.914,8.1,0.0,False
7208,246.9237,998.22,0.0,True
7209,246.9256,5.2,0.0,False
7210,246.9302,927.05,90.0,False
7211,246.9305,4.37,0.0,False
7212,246.9321,3.83,0.0,False
7213,246.9367,3.87,0.0,False
7214,246.9402,818.96,90.0,False
7215,246.9494,2.21,0.0,False
7216,246.9516,989.19,0.0,False
7217,246.9544,946.45,0.0,True
7218,246.9652,6.13,0.0,False
7219,246.9676,6.17,0.0,False
7220,246.9747,972.83,90.0,False
7221,246.9763,4.78,0.0,False
7222,246.9844,828.23,90.0,False
7223,246.9971,2.82,0.0,False
7224,246.9982,883.13,0.0,True
7225,247.0058,874.4,0.0,False
7226,247.0115,4.56,0.0,False
7227,247.013,1014.7,0.0,False
7228,247.019,972.58,90.0,True
7229,247.02,1040.03,0.0,False
7230,247.0258,919.91,0.0,False
7231,247.0259,909.9,0.0,False
7232,247.0323,2.93,0.0,False
7233,247.0359,835.61,0.0,True
7234,247.0381,878.34,0.0,False
7235,247.0399,6.85,90.0,True
7236,247.0413,864.02,0.0,False
7237,247.045,3.85,0.0,False
7238,247.0532,6.15,0.0,True
7239,247.061,5.97,90.0,False
7240,247.065,864.96,90.0,False
7241,247.0711,825.55,0.0,True
7242,247.0753,859.23,90.0,False
7243,247.0799,5.72,0.0,False
7244,247.0821,1050.86,0.0,False
7245,247.0857,5.57,90.0,False
7246,247.0896,3.12,0.0,False
7247,247.0941,9.3,0.0,False
7248,247.1009,4.74,0.0,False
7249,247.1032,10.4,0.0,False
7250,247.1089,1065.14,0.0,False
7251,247.1101,975.45,0.0,False
7252,247.1107,9.24,90.0,True
7253,247.114,953.16,0.0,True
7254,247.1206,923.68,0.0,True
7255,247.1253,4.7,0.0,True
7256,247.1281,996.12,90.0,False
7257,247.1289,3.55,0.0,False
7258,247.1301,956.41,0.0,False
7259,247.1549,32.6,0.0,True
7260,247.1568,867.25,0.0,False
7261,247.1617,5.83,0.0,False
7262,247.1633,5.59,90.0,False
7263,247.1659,3.76,0.0,False
7264,247.1689,873.57,0.0,False
7265,247.1703,2.3,0.0,False
7266,247.171,849.88,0.0,False
7267,247.1792,888.78,0.0,False
7268,247.1802,931.45,0.0,False
7269,247.1813,6.09,90.0,False
7270,247.1851,17.85,0.0,False
7271,247.1878,5.68,0.0,True
7272,247.1937,9.56,0.0,False
7273,247.2014,906.05,0.0,True
7274,247.2022,7.19,0.0,True
7275,247.2075,4.07,90.0,False
7276,247.2109,961.02,0.0,False
7277,247.2122,7.52,0.0,False
7278,247.2129,17.21,0.0,True
7279,247.2168,3.96,0.0,False
7280,247.2176,1003.93,0.0,False
7281,247.2234,4.43,0.0,False
7282,247.2345,759.35,90.0,False
7283,247.2427,3.85,0.0,True
7284,247.2449,1003.5,0.0,True
7285,247.2561,832.08,90.0,False
7286,247.2656,959.19,0.0,False
7287,247.2668,1007.45,0.0,False
7288,247.2743,978.46,90.0,False
7289,247.2797,908.32,12.6667,False
7290,247.2823,905.46,90.0,False
7291,247.2862,954.08,0.0,False
7292,247.2871,891.03,0.0,True
7293,247.2881,814.68,0.0,False
7294,247.2931,8.28,0.0,False
7295,247.3026,793.15,90.0,False
7296,247.3028,7.54,0.0,True
7297,247.3072,942.16,12.6667,False
7298,247.3099,893.98,0.0,False
7299,247.3138,2.98,0.0,False
7300,247.315,6.19,0.0,True
7301,247.3155,875.61,0.0,False
7302,247.3202,947.22,0.0,False
7303,247.3288,894.58,0.0,False
7304,247.3393,903.55,0.0,False
7305,247.3498,868.86,0.0,False
7306,247.351,799.72,0.0,True
7307,247.3573,925.97,0.0,True
7308,247.36,867.2,63.3333,True
7309,247.3617,906.27,0.0,False
7310,247.3657,4.49,0.0,False
7311,247.3675,907.85,0.0,True
7312,247.3721,4.91,0.0,False
7313,247.3748,3.2,0.0,False
7314,247.3952,3.44,0.0,False
7315,247.3963,4.67,90.0,False
7316,247.3966,888.05,0.0,False
7317,247.3969,983.39,0.0,True
7318,247.3971,3.34,90.0,False
7319,247.3991,3.78,90.0,False
7320,247.4005,957.93,90.0,True
7321,247.4051,4.29,0.0,False
7322,247.4114,7.25,0.0,False
7323,247.4188,911.4,0.0,False
7324,247.4275,835.06,0.0,False
7325,247.4299,8.62,0.0,False
7326,247.4324,806.04,90.0,False
7327,247.4383,3.75,0.0,False
7328,247.4405,865.12,0.0,False
7329,247.4489,954.63,0.0,False
7330,247.4568,2.75,90.0,True
7331,247.4665,889.65,0.0,False
7332,247.4723,8.43,0.0,False
7333,247.4792,846.55,0.0,False
7334,247.4853,968.54,0.0,False
7335,247.4914,960.97,0.0,False
7336,247.4977,797.32,0.0,False
7337,247.5016,4.13,0.0,False
7338,247.5017,926.61,0.0,False
7339,247.5052,9.25,0.0,False
7340,247.5081,1028.65,90.0,False
7341,247.5145,5.86,0.0,False
7342,247.5196,943.02,90.0,False
7343,247.5365,960.19,0.0,True
7344,247.5394,879.16,0.0,False
7345,247.5538,8.87,90.0,False
7346,247.5545,4.35,90.0,False
7347,247.5573,894.98,38.0,False
7348,247.5584,6.31,0.0,False
7349,247.5759,933.23,0.0,False
7350,247.5934,4.57,0.0,False
7351,247.614,925.55,0.0,False
7352,247.6158,1178.9,0.0,False
7353,247.618,889.43,90.0,False
7354,247.6296,935.15,0.0,True
7355,247.6333,1042.42,90.0,False
7356,247.6371,4.71,90.0,False
7357,247.652,928.75,0.0,False
7358,247.6609,1009.98,0.0,False
7359,247.6633,891.19,0.0,False
7360,247.6809,963.95,0.0,False
7361,247.6823,906.85,0.0,False
7362,247.7031,973.7,0.0,False
7363,247.706,899.15,0.0,False
7364,247.7145,833.28,0.0,False
7365,247.7164,801.15,0.0,False
7366,247.7298,981.77,0.0,False
7367,247.7361,4.69,0.0,False
7368,247.7365,749.19,0.0,True
7369,247.7392,901.94,90.0,False
7370,247.7445,4.81,19.0,False
7371,247.7526,17.05,90.0,False
7372,247.7588,992.72,0.0,False
7373,247.7618,1001.87,90.0,False
7374,247.7724,895.94,0.0,False
7375,247.7732,840.17,0.0,False
7376,247.785,8.86,0.0,False
7377,247.7862,6.3,90.0,False
7378,247.8003,5.62,0.0,False
7379,247.8011,39.02,0.0,False
7380,247.8017,992.04,0.0,True
7381,247.8069,923.2,0.0,True
7382,247.807,5.51,38.0,False
7383,247.828,858.09,90.0,False
7384,247.8332,946.99,90.0,False
7385,247.8367,2.57,0.0,False
7386,247.8388,847.75,0.0,False
7387,247.8446,902.37,0.0,False
7388,247.8466,3.0,0.0,False
7389,247.8685,912.63,0.0,True
7390,247.8744,896.83,0.0,False
7391,247.8982,5.01,0.0,False
7392,247.902,1005.88,0.0,False
7393,247.9056,2.78,0.0,False
7394,247.9116,877.63,90.0,False
7395,247.9208,3.79,0.0,False
7396,247.9362,941.3,0.0,False
7397,247.9386,956.68,0.0,False
7398,247.9403,3.34,0.0,False
7399,247.9415,931.55,0.0,False
7400,247.9503,916.38,0.0,False
7401,247.9527,848.75,90.0,False
7402,247.9588,4.03,0.0,False
7403,247.9606,920.55,0.0,False
7404,247.9611,866.73,0.0,False
7405,247.968,903.25,0.0,False
7406,247.9752,5.95,0.0,False
7407,247.9756,960.87,0.0,False
7408,247.9761,5.25,0.0,False
7409,247.9812,849.63,0.0,True
7410,248.0031,1001.46,90.0,False
7411,248.033,906.18,0.0,False
7412,248.0415,4.32,90.0,False
7413,248.0477,8.08,0.0,True
7414,248.0501,5.11,0.0,True
7415,248.0503,916.58,90.0,False
7416,248.0505,917.67,0.0,False
7417,248.058,978.87,0.0,False
7418,248.0654,4.01,0.0,True
7419,248.0673,3.18,0.0,False
7420,248.0722,885.43,0.0,False
7421,248.0772,3.82,0.0,False
7422,248.0919,942.78,0.0,False
7423,248.0973,7.6,19.0,False
7424,248.1015,4.81,85.0,True
7425,248.1074,963.86,0.0,False
7426,248.1096,5.97,90.0,False
7427,248.1173,6.65,0.0,False
7428,248.1382,930.29,38.0,False
7429,248.1445,3.12,0.0,False
7430,248.1468,966.33,0.0,False
7431,248.1548,895.51,0.0,False
7432,248.1556,893.55,0.0,False
7433,248.1556,758.32,0.0,False
7434,248.1623,1125.6,0.0,False
7435,248.1667,3.49,90.0,True
7436,248.1889,3.74,90.0,False
7437,248.1895,7.15,90.0,False
7438,248.1919,1013.26,0.0,True
7439,248.1936,811.34,0.0,False
7440,248.2062,983.85,0.0,False
7441,248.2158,5.2,0.0,False
7442,248.224,891.41,90.0,False
7443,248.2353,829.23,0.0,False
7444,248.2443,4.6,90.0,False
7445,248.2472,2.6,0.0,False
7446,248.2523,11.29,0.0,False
7447,248.2566,846.05,85.0,False
7448,248.2616,817.19,0.0,False
7449,248.2762,2.99,0.0,False
7450,248.2886,4.92,90.0,True
7451,248.2893,5.94,0.0,True
7452,248.2947,5.59,12.6667,False
7453,248.2956,760.23,0.0,False
7454,248.3026,905.75,0.0,True
7455,248.3041,885.47,0.0,False
7456,248.3241,874.49,0.0,False
7457,248.3313,6.29,0.0,False
7458,248.3454,6.39,0.0,True
7459,248.3556,924.2,0.0,False
7460,248.3708,8.72,0.0,False
7461,248.3754,1049.81,0.0,False
7462,248.3912,4.26,0.0,True
7463,248.3937,852.78,0.0,False
7464,248.3947,4.78,0.0,True
7465,248.3995,4.91,0.0,True
7466,248.4017,860.37,0.0,False
7467,248.4101,947.31,0.0,False
7468,248.422,897.72,0.0,False
7469,248.4245,6.01,0.0,False
7470,248.4377,5.5,0.0,False
7471,248.4468,10.66,0.0,False
7472,248.4475,1045.11,0.0,False
7473,248.4527,6.32,0.0,False
7474,248.4544,4.44,0.0,False
7475,248.4578,4.62,0.0,False
7476,248.4618,873.58,90.0,False
7477,248.4656,6.11,0.0,False
7478,248.4671,6.97,0.0,False
7479,248.4746,929.01,90.0,False
7480,248.4866,978.69,0.0,True
7481,248.4874,957.98,90.0,True
7482,248.5038,4.11,0.0,False
7483,248.5075,4.02,0.0,False
7484,248.5182,939.81,90.0,False
7485,248.5255,3.69,0.0,False
7486,248.529,5.22,0.0,False
7487,248.5364,800.6,0.0,False
7488,248.5447,4.93,0.0,False
7489,248.5489,889.26,0.0,False
7490,248.5512,9.45,0.0,False
7491,248.5667,830.14,0.0,False
7492,248.567,4.85,0.0,True
7493,248.5673,837.0,0.0,False
7494,248.5759,1028.08,0.0,True
7495,248.5838,7.62,0.0,False
7496,248.5844,3.24,0.0,False
7497,248.6019,975.31,25.3333,False
7498,248.6137,958.2,0.0,False
7499,248.621,4.55,90.0,False
7500,248.6279,7.3,90.0,True
7501,248.6327,917.95,90.0,False
7502,248.6361,4.42,0.0,False
7503,248.6377,3.72,0.0,False
7504,248.6408,923.73,0.0,False
7505,248.6501,844.88,0.0,False
7506,248.6551,895.96,0.0,False
7507,248.6643,3.96,0.0,False
7508,248.6646,782.58,0.0,False
7509,248.6759,871.59,0.0,False
7510,248.6855,904.1,0.0,False
7511,248.6862,826.68,0.0,True
7512,248.6896,897.09,90.0,False
7513,248.6915,873.52,0.0,True
7514,248.6935,1054.08,0.0,False
7515,248.7154,859.82,0.0,False
7516,248.7343,943.39,0.0,False
7517,248.7352,847.32,0.0,True
7518,248.7609,849.4,0.0,False
7519,248.7615,887.1,0.0,False
7520,248.7619,6.18,0.0,False
7521,248.7634,3.89,0.0,False
7522,248.7946,3.66,0.0,False
7523,248.7992,5.62,90.0,False
7524,248.8025,971.95,0.0,False
7525,248.8114,853.11,0.0,True
7526,248.8255,5.28,0.0,False
7527,248.8264,1016.33,0.0,True
7528,248.8361,4.11,90.0,True
7529,248.8373,848.66,0.0,False
7530,248.8384,770.2,0.0,False
7531,248.8763,7.83,0.0,True
7532,248.8804,3.32,0.0,False
7533,248.8815,860.56,0.0,False
7534,248.8824,950.89,0.0,False
7535,248.8847,9.39,90.0,False
7536,248.8863,998.06,0.0,False
7537,248.8866,3.37,0.0,False
7538,248.888,7.29,0.0,True
7539,248.8916,4.61,0.0,False
7540,248.8974,981.26,0.0,True
7541,248.9024,782.43,0.0,False
7542,248.9053,6.16,90.0,False
7543,248.91,2.95,0.0,False
7544,248.9102,952.39,90.0,True
7545,248.9219,10.72,0.0,False
7546,248.9327,897.87,0.0,False
7547,248.9408,4.07,90.0,False
7548,248.9466,880.32,90.0,False
7549,248.9576,908.81,0.0,True
7550,248.9612,3.76,0.0,False
7551,248.9738,1014.34,12.6667,False
7552,248.9788,3.01,90.0,False
7553,248.9858,895.41,90.0,False
7554,249.0041,897.1,90.0,True
7555,249.0064,5.99,0.0,False
7556,249.0315,842.34,0.0,False
7557,249.0316,809.97,0.0,True
7558,249.0325,5.58,0.0,False
7559,249.0326,847.97,0.0,False
7560,249.0393,976.24,0.0,False
7561,249.0413,852.0,0.0,False
7562,249.0634,12.48,0.0,False
7563,249.0686,8.02,90.0,False
7564,249.0934,5.37,0.0,False
7565,249.1125,800.72,0.0,False
7566,249.1146,909.39,90.0,False
7567,249.1242,963.85,0.0,True
7568,249.1424,3.99,0.0,False
7569,249.1637,4.26,0.0,True
7570,249.1717,796.69,90.0,False
7571,249.1736,921.57,0.0,True
7572,249.1988,922.17,0.0,False
7573,249.2212,1003.37,0.0,False
7574,249.2359,4.57,0.0,True
7575,249.244,985.2,90.0,True
7576,249.2625,930.53,90.0,False
7577,249.2767,1001.22,0.0,False
7578,249.2836,830.86,0.0,True
7579,249.2844,3.37,90.0,False
7580,249.2851,1022.47,90.0,False
7581,249.2965,908.22,90.0,True
7582,249.3179,4.25,0.0,False
7583,249.3209,3.29,0.0,False
7584,249.3559,923.22,0.0,False
7585,249.3559,990.65,0.0,False
7586,249.4185,908.37,0.0,False
7587,249.4293,2.74,90.0,False
7588,249.4563,817.37,0.0,False
7589,249.4588,1048.37,0.0,False
7590,249.4612,915.77,0.0,False
7591,249.4626,962.63,0.0,False
7592,249.4651,3.2,0.0,True
7593,249.4787,6.16,0.0,True
7594,249.4829,948.3,0.0,False
7595,249.4851,4.83,0.0,False
7596,249.4917,3.38,0.0,True
7597,249.5101,6.81,0.0,False
7598,249.5156,11.89,90.0,False
7599,249.5171,898.54,90.0,False
7600,249.527,928.32,0.0,False
7601,249.5384,4.86,0.0,False
7602,249.5454,858.11,0.0,False
7603,249.5694,4.34,0.0,False
7604,249.5743,919.53,0.0,False
7605,249.5783,994.38,90.0,False
7606,249.6012,817.86,0.0,True
7607,249.604,6.97,90.0,False
7608,249.6097,910.88,0.0,False
7609,249.6109,859.51,0.0,False
7610,249.6647,5.32,0.0,False
7611,249.676,6.3,0.0,False
7612,249.686,4.79,0.0,True
7613,249.6907,939.94,0.0,False
7614,249.703,923.43,0.0,False
7615,249.7058,3.51,0.0,False
7616,249.761,2.83,0.0,False
7617,249.7776,5.63,90.0,False
7618,249.7807,922.44,0.0,False
7619,249.8011,794.36,90.0,False
7620,249.8108,793.8,0.0,True
7621,249.8189,964.66,0.0,False
7622,249.8216,4.35,0.0,True
7623,249.8276,1044.04,0.0,False
7624,249.8527,7.41,0.0,False
7625,249.8544,3.79,0.0,False
7626,249.8608,5.1,0.0,False
7627,249.8627,7.35,90.0,False
7628,249.8849,965.67,0.0,False
7629,249.892,969.54,19.0,False
7630,249.9164,899.33,90.0,False
7631,249.9385,7.51,0.0,True
7632,249.9456,4.88,0.0,True
7633,249.9539,944.5,90.0,False
7634,249.9548,878.9,0.0,False
7635,249.9678,804.31,0.0,True
7636,249.9808,843.13,0.0,False
7637,249.9843,893.64,0.0,False
7638,249.9975,5.41,90.0,False
7639,250.0022,970.04,0.0,False
7640,250.0068,4.02,90.0,False
7641,250.0409,9.1,0.0,True
7642,250.0534,5.33,0.0,False
7643,250.0796,5.68,0.0,False
7644,250.0903,5.13,0.0,False
7645,250.0969,4.54,90.0,False
7646,250.0999,900.45,0.0,False
7647,250.1432,8.78,0.0,False
7648,250.156,1040.05,0.0,False
7649,250.183,993.75,0.0,False
7650,250.1981,884.3,90.0,False
7651,250.1982,913.63,90.0,True
7652,250.2027,11.73,0.0,True
7653,250.2078,834.76,0.0,False
7654,250.2085,790.08,0.0,False
7655,250.2135,776.68,0.0,False
7656,250.2367,710.93,0.0,False
7657,250.2482,5.66,0.0,False
7658,250.2638,3.87,0.0,False
7659,250.2814,10.67,0.0,False
7660,250.284,840.32,0.0,False
7661,250.2904,6.05,90.0,False
7662,250.2924,1025.92,90.0,False
7663,250.35,1063.78,0.0,False
7664,250.3507,865.62,0.0,False
7665,250.3631,2.97,0.0,False
7666,250.3768,932.1,85.0,False
7667,250.3851,4.23,90.0,True
7668,250.3878,978.67,90.0,False
7669,250.391,894.43,90.0,False
7670,250.401,3.15,0.0,False
7671,250.4203,9.16,0.0,False
7672,250.4547,1019.16,0.0,False
7673,250.4591,6.09,0.0,False
7674,250.477,930.06,90.0,False
7675,250.503,956.38,0.0,False
7676,250.5064,1.88,90.0,False
7677,250.5536,1044.8,90.0,False
7678,250.5554,7.14,0.0,False
7679,250.5708,901.57,90.0,False
7680,250.5815,3.95,0.0,False
7681,250.5906,829.13,0.0,False
7682,250.6237,5.47,0.0,False
7683,250.6237,798.83,90.0,False
7684,250.6321,3.98,0.0,False
7685,250.6399,7.44,0.0,False
7686,250.6895,2.96,90.0,False
7687,250.694,995.1,0.0,True
7688,250.7035,936.23,0.0,True
7689,250.7631,6.13,0.0,False
7690,250.7651,948.96,90.0,False
7691,250.7672,11.95,90.0,False
7692,250.7728,6.49,0.0,False
7693,250.7816,793.73,0.0,False
7694,250.7829,5.53,0.0,False
7695,250.7935,754.51,0.0,False
7696,250.8186,7.15,0.0,False
7697,250.8606,3.41,0.0,False
7698,250.8983,975.17,0.0,False
7699,250.9245,8.63,90.0,False
7700,250.9247,10.16,0.0,False
7701,250.9476,908.02,90.0,False
7702,251.0071,933.22,0.0,False
7703,251.0315,5.39,0.0,False
7704,251.0421,825.35,0.0,False
7705,251.0895,872.82,90.0,False
7706,251.0936,914.58,90.0,False
7707,251.1334,4.96,90.0,False
7708,251.2105,875.99,0.0,False
7709,251.2707,947.23,0.0,False
7710,251.3268,1023.1,0.0,False
7711,251.3863,863.89,0.0,True
7712,251.4186,875.56,0.0,False
7713,251.4314,7.52,0.0,False
7714,251.4412,3.81,0.0,False
7715,251.4729,947.03,90.0,False
7716,251.4751,793.72,0.0,False
7717,251.5739,1015.29,0.0,False
7718,251.5779,1000.11,90.0,False
7719,251.5904,965.0,90.0,False
7720,251.5935,981.06,0.0,True
7721,251.6293,821.74,0.0,True
7722,251.633,9.4,90.0,False
7723,251.6376,7.44,0.0,False
7724,251.6736,7.09,0.0,False
7725,251.6772,951.76,0.0,True
7726,251.7088,964.78,0.0,False
7727,251.8406,6.14,90.0,True
7728,251.8496,5.93,0.0,False
7729,251.8872,4.82,0.0,True
7730,251.9057,7.46,0.0,False
7731,251.9111,3.41,0.0,False
7732,251.9295,724.05,0.0,False
7733,252.0522,6.75,0.0,False
7734,252.1165,880.53,0.0,False
7735,252.182,8.05,0.0,False
7736,252.3014,4.89,0.0,False
7737,252.326,5.28,0.0,False
7738,252.3893,5.97,0.0,False
7739,252.6499,7.01,90.0,False
7740,252.6784,822.06,90.0,False
7741,252.7625,3.57,0.0,True
7742,252.8107,3.47,90.0,False
7743,252.9275,5.12,90.0,False
7744,253.0327,3.89,0.0,False
7745,253.1296,959.02,0.0,False
7746,253.1354,5.21,0.0,False
7747,253.1962,5.39,0.0,False
7748,253.2268,990.21,0.0,False
7749,253.2643,1039.33,0.0,False
7750,253.3305,10.25,0.0,False
7751,253.3595,7.05,90.0,False
7752,253.3965,895.56,0.0,False
7753,253.7539,818.63,0.0,False
7754,254.8393,1023.34,0.0,False
7755,254.9256,878.93,0.0,True
7756,255.0498,9.03,0.0,False
7757,255.0971,854.49,0.0,True
7758,255.9087,8.13,90.0,False
7759,256.1555,8.76,0.0,False
7760,256.687,8.65,0.0,True
7761,256.6959,10.45,90.0,False
7762,256.7028,7.72,0.0,False
7763,256.7749,9.42,0.0,False
7764,256.8031,10.26,38.0,False
7765,256.8215,8.81,90.0,True
7766,256.921,8.54,0.0,True
7767,256.9431,9.64,0.0,False
7768,257.1259,8.48,0.0,False
7769,257.1649,8.92,0.0,False
7770,257.2152,8.82,90.0,False
7771,257.2178,9.44,0.0,False
7772,257.3627,8.49,0.0,False
7773,257.5065,8.6,0.0,False
7774,257.6404,9.12,0.0,True
7775,257.6903,8.76,0.0,False
7776,257.712,10.68,90.0,True
7777,257.761,8.23,0.0,False
7778,257.8464,8.6,90.0,False
7779,257.8471,7.92,0.0,True
7780,257.8765,9.05,0.0,False
7781,257.9827,9.66,0.0,False
7782,258.1445,9.37,0.0,False
7783,258.15,9.78,0.0,False
7784,258.3133,10.87,0.0,False
7785,258.4616,8.35,0.0,True
7786,258.5425,9.51,90.0,False
7787,258.586,8.51,0.0,False
7788,258.5919,8.49,0.0,False
7789,258.6008,9.49,0.0,True
7790,258.6061,9.03,90.0,True
7791,258.6349,10.34,0.0,False
7792,258.6484,9.8,95.0,False
7793,258.7588,8.96,0.0,False
7794,258.8097,8.69,0.0,False
7795,258.824,8.4,90.0,False
7796,258.9155,8.97,0.0,False
7797,258.9395,8.94,90.0,False
7798,258.9824,9.29,90.0,False
7799,258.9904,8.71,85.0,False
7800,259.0139,7.36,0.0,False
7801,259.0352,9.86,0.0,False
7802,259.0657,7.95,0.0,False
7803,259.0681,8.52,90.0,True
7804,259.0865,9.32,0.0,True
7805,259.1298,8.64,0.0,True
7806,259.1755,8.12,90.0,True
7807,259.2191,9.56,0.0,False
7808,259.2716,9.13,0.0,True
7809,259.3009,9.6,0.0,False
7810,259.5058,8.77,0.0,False
7811,259.5438,9.97,0.0,True
7812,259.5653,9.86,0.0,True
7813,259.577,8.45,0.0,False
7814,259.5802,7.79,0.0,False
7815,259.6435,10.25,0.0,False
7816,259.655,9.2,0.0,False
7817,259.6598,9.14,0.0,False
7818,259.6756,9.47,0.0,False
7819,259.7723,9.92,90.0,False
7820,259.8139,10.1,0.0,False
7821,259.8399,8.44,0.0,True
7822,260.0451,8.85,0.0,False
7823,260.0587,9.26,90.0,False
7824,260.0928,8.55,0.0,False
7825,260.1019,9.7,0.0,False
7826,260.1457,9.13,0.0,False
7827,260.1942,9.12,0.0,False
7828,260.2232,8.34,38.0,False
7829,260.2303,7.95,90.0,False
7830,260.2437,8.02,0.0,False
7831,260.2478,9.09,0.0,True
7832,260.3451,9.88,0.0,False
7833,260.3699,9.52,12.6667,False
7834,260.4095,8.6,38.0,False
7835,260.4118,8.69,90.0,False
7836,260.4383,8.51,0.0,False
7837,260.4634,8.27,0.0,True
7838,260.4789,9.2,90.0,False
7839,260.4806,7.92,0.0,False
7840,260.4898,9.16,90.0,False
7841,260.511,10.93,85.0,True
7842,260.5183,8.88,90.0,True
7843,260.5212,9.25,0.0,False
7844,260.5305,10.42,0.0,False
7845,260.5655,11.23,0.0,False
7846,260.5986,8.22,90.0,True
7847,260.6254,8.62,0.0,False
7848,260.6961,9.2,0.0,False
7849,260.6968,10.02,0.0,True
7850,260.7058,8.88,0.0,True
7851,260.7189,9.48,0.0,False
7852,260.7798,8.32,0.0,True
7853,260.7923,9.31,90.0,False
7854,260.8175,10.27,0.0,False
7855,260.8316,9.25,90.0,False
7856,260.8444,10.69,90.0,False
7857,260.8581,10.04,0.0,False
7858,260.8722,8.21,0.0,False
7859,260.8845,9.32,0.0,False
7860,260.8937,8.9,0.0,False
7861,260.9114,9.18,90.0,False
7862,260.9228,8.95,0.0,True
7863,260.9862,8.64,0.0,False
7864,261.031,9.11,0.0,False
7865,261.0409,8.83,0.0,False
7866,261.089,8.85,0.0,False
7867,261.0909,9.02,0.0,False
7868,261.1382,9.76,0.0,False
7869,261.1471,8.2,0.0,False
7870,261.1545,9.39,90.0,False
7871,261.1545,10.44,0.0,False
7872,261.1928,10.71,0.0,False
7873,261.2139,8.55,0.0,False
7874,261.2552,8.23,90.0,False
7875,261.3127,8.21,90.0,False
7876,261.3137,8.54,0.0,False
7877,261.3532,8.73,0.0,False
7878,261.3782,10.48,90.0,False
7879,261.3832,9.42,0.0,False
7880,261.3835,9.82,0.0,False
7881,261.418,10.54,0.0,False
7882,261.4325,8.01,90.0,False
7883,261.4534,9.48,0.0,False
7884,261.4651,8.82,0.0,False
7885,261.467,10.22,0.0,True
7886,261.4695,9.2,0.0,False
7887,261.5991,8.88,0.0,False
7888,261.6166,7.81,0.0,False
7889,261.6195,9.75,0.0,False
7890,261.6518,10.65,90.0,True
7891,261.6709,8.7,0.0,False
7892,261.685,8.95,0.0,False
7893,261.7437,9.67,0.0,False
7894,261.7437,7.7,90.0,False
7895,261.7509,8.16,0.0,False
7896,261.7622,9.51,0.0,False
7897,261.7642,7.75,0.0,False
7898,261.8076,9.6,0.0,False
7899,261.8098,9.48,90.0,False
7900,261.8425,7.98,90.0,False
7901,261.8807,8.55,0.0,False
7902,261.8891,9.85,0.0,False
7903,261.8956,8.78,0.0,True
7904,261.8989,9.94,0.0,False
7905,261.9491,9.36,25.3333,False
7906,261.9508,8.7,0.0,False
7907,261.957,9.08,25.3333,False
7908,261.9757,9.08,19.0,False
7909,261.9787,12.29,0.0,True
7910,262.0265,9.88,0.0,False
7911,262.1264,9.17,0.0,False
7912,262.1268,10.48,0.0,False
7913,262.1513,10.77,0.0,False
7914,262.1603,7.8,90.0,False
7915,262.1605,7.84,0.0,False
7916,262.1759,8.75,0.0,False
7917,262.2047,9.04,0.0,True
7918,262.2236,8.74,90.0,False
7919,262.2433,9.77,0.0,False
7920,262.2807,9.61,0.0,False
7921,262.3147,7.73,12.6667,True
7922,262.354,10.91,0.0,False
7923,262.3954,8.94,0.0,True
7924,262.4385,9.48,90.0,False
7925,262.4891,8.58,0.0,True
7926,262.5026,8.85,0.0,False
7927,262.5379,8.56,0.0,False
7928,262.5513,10.1,0.0,True
7929,262.5874,9.26,0.0,False
7930,262.6088,10.54,0.0,False
7931,262.6752,7.7,0.0,True
7932,262.7096,8.63,12.6667,False
7933,262.7162,9.75,90.0,False
7934,262.7448,8.9,90.0,False
7935,262.7677,8.83,0.0,False
7936,262.7795,8.78,90.0,True
7937,262.8126,10.12,0.0,True
7938,262.8259,10.11,90.0,False
7939,262.8354,10.01,0.0,False
7940,262.8568,8.66,90.0,False
7941,262.8675,10.17,0.0,False
7942,262.8835,8.12,90.0,False
7943,262.885,10.1,0.0,False
7944,262.887,9.54,0.0,False
7945,262.9043,7.93,0.0,False
7946,262.9253,9.06,90.0,True
7947,262.9263,9.99,90.0,True
7948,262.9353,8.63,0.0,False
7949,262.954,9.79,0.0,False
7950,262.9648,8.82,90.0,False
7951,262.9773,8.86,0.0,False
7952,262.9922,10.75,90.0,False
7953,263.0229,8.14,90.0,False
7954,263.0252,11.31,0.0,False
7955,263.0308,11.34,0.0,False
7956,263.0446,8.96,0.0,True
7957,263.0529,7.55,0.0,False
7958,263.0968,8.19,90.0,False
7959,263.1237,7.7,90.0,False
7960,263.1275,8.74,0.0,False
7961,263.1297,8.46,90.0,False
7962,263.1338,9.25,0.0,False
7963,263.1571,9.9,90.0,False
7964,263.1572,8.95,90.0,False
7965,263.1586,10.26,0.0,False
7966,263.161,9.45,0.0,False
7967,263.1635,9.19,0.0,True
7968,263.1765,9.69,0.0,False
7969,263.19,10.03,0.0,False
7970,263.2203,8.19,0.0,True
7971,263.2262,8.57,0.0,False
7972,263.2267,9.0,0.0,False
7973,263.2564,9.71,0.0,False
7974,263.3381,9.51,90.0,False
7975,263.3455,8.85,0.0,True
7976,263.3535,9.93,0.0,False
7977,263.36,8.9,0.0,False
7978,263.3701,9.28,0.0,False
7979,263.3895,8.11,0.0,False
7980,263.4138,9.1,0.0,True
7981,263.4771,10.14,90.0,False
7982,263.4818,9.2,90.0,False
7983,263.4919,7.59,90.0,False
7984,263.5174,8.7,90.0,True
7985,263.5376,10.28,0.0,False
7986,263.5535,7.96,90.0,True
7987,263.5993,10.16,0.0,False
7988,263.6046,8.78,0.0,False
7989,263.6248,9.16,0.0,False
7990,263.6444,10.23,90.0,False
7991,263.6493,8.9,0.0,False
7992,263.7611,10.03,0.0,False
7993,263.7736,8.25,90.0,False
7994,263.8076,8.38,0.0,False
7995,263.8356,9.54,0.0,False
7996,263.8374,8.9,0.0,False
7997,263.8823,9.41,90.0,False
7998,263.9286,9.1,0.0,False
7999,263.9402,8.7,0.0,False
8000,263.9598,8.64,0.0,False
8001,263.9956,9.32,0.0,False
8002,263.9978,9.4,90.0,True
8003,264.0098,8.62,0.0,False
8004,264.0296,10.06,0.0,False
8005,264.0342,9.75,0.0,True
8006,264.0407,8.49,0.0,True
8007,264.0959,9.35,0.0,False
8008,264.1286,10.12,90.0,False
8009,264.1465,8.87,0.0,True
8010,264.2259,9.17,0.0,False
8011,264.255,7.81,90.0,True
8012,264.2645,8.68,90.0,False
8013,264.2652,10.15,90.0,True
8014,264.2667,10.34,0.0,False
8015,264.2828,9.48,0.0,False
8016,264.2956,9.19,90.0,False
8017,264.336,8.12,90.0,False
8018,264.366,8.33,90.0,False
8019,264.3804,8.85,0.0,True
8020,264.3961,8.15,90.0,False
8021,264.4188,8.63,0.0,False
8022,264.4198,9.41,90.0,True
8023,264.4519,9.41,0.0,False
8024,264.4971,10.22,90.0,False
8025,264.4986,8.62,0.0,True
8026,264.5118,9.15,0.0,False
8027,264.567,7.88,0.0,False
8028,264.5731,9.15,0.0,False
8029,264.6191,9.71,0.0,False
8030,264.6835,9.72,0.0,True
8031,264.7155,9.63,0.0,False
8032,264.7244,8.57,0.0,False
8033,264.7429,9.72,0.0,False
8034,264.7477,8.65,90.0,False
8035,264.8364,10.26,0.0,False
8036,264.8411,9.12,0.0,False
8037,264.8492,10.61,0.0,False
8038,264.865,8.76,0.0,False
8039,264.8834,8.6,90.0,False
8040,264.9476,9.3,90.0,False
8041,264.9728,9.21,0.0,True
8042,265.055,8.72,0.0,False
8043,265.0737,10.55,0.0,False
8044,265.0994,9.61,0.0,False
8045,265.1339,8.88,90.0,False
8046,265.1348,9.2,0.0,True
8047,265.1351,8.09,38.0,False
8048,265.1359,8.95,90.0,False
8049,265.1821,9.16,0.0,True
8050,265.197,9.15,90.0,False
8051,265.219,8.17,0.0,False
8052,265.2644,10.73,90.0,True
8053,265.2708,10.78,0.0,True
8054,265.2714,8.78,0.0,False
8055,265.2985,9.57,90.0,True
8056,265.3178,8.86,0.0,False
8057,265.3233,8.89,0.0,False
8058,265.375,10.08,0.0,False
8059,265.383,8.22,0.0,False
8060,265.4068,9.13,0.0,False
8061,265.4318,8.27,0.0,False
8062,265.4704,8.33,0.0,True
8063,265.4786,10.42,0.0,True
8064,265.5166,7.73,0.0,True
8065,265.5563,8.68,0.0,True
8066,265.6371,8.24,0.0,False
8067,265.6737,10.11,0.0,False
8068,265.6965,9.78,0.0,False
8069,265.715,10.6,0.0,False
8070,265.7729,9.84,0.0,False
8071,265.7741,8.55,0.0,False
8072,265.8634,10.82,0.0,False
8073,265.9172,9.42,0.0,False
8074,265.92,9.31,90.0,False
8075,265.9607,8.35,0.0,False
8076,265.9669,9.19,90.0,False
8077,265.9742,8.22,0.0,False
8078,265.9834,10.48,90.0,True
8079,266.054,8.47,0.0,True
8080,266.0874,9.35,90.0,True
8081,266.1134,8.2,0.0,True
8082,266.1733,8.45,90.0,False
8083,266.2318,8.05,0.0,False
8084,266.2657,8.53,90.0,False
8085,266.2884,9.14,0.0,False
8086,266.303,9.97,0.0,True
8087,266.3318,8.39,0.0,False
8088,266.3381,8.53,0.0,False
8089,266.367,8.36,90.0,False
8090,266.4331,7.9,90.0,True
8091,266.4956,10.25,0.0,True
8092,266.5741,8.36,0.0,True
8093,266.5762,10.65,0.0,True
8094,266.5873,7.02,90.0,False
8095,266.5977,9.54,90.0,True
8096,266.6242,9.15,0.0,False
8097,266.6457,9.38,0.0,False
8098,266.6584,10.88,90.0,False
8099,266.7024,9.28,0.0,True
8100,266.7571,9.21,90.0,False
8101,266.8161,8.49,0.0,False
8102,266.8495,9.71,90.0,False
8103,266.8958,30.16,0.0,False
8104,266.904,24.28,0.0,False
8105,266.958,9.73,0.0,False
8106,266.9868,9.19,0.0,False
8107,267.0154,9.59,0.0,True
8108,267.0166,8.48,0.0,False
8109,267.0294,11.48,0.0,False
8110,267.1056,8.77,0.0,True
8111,267.1143,7.54,0.0,False
8112,267.1275,9.92,90.0,True
8113,267.1354,11.44,0.0,False
8114,267.1471,9.14,0.0,False
8115,267.1483,9.93,0.0,True
8116,267.1874,9.63,90.0,False
8117,267.2122,8.54,0.0,True
8118,267.2402,23.46,0.0,False
8119,267.3409,40.04,0.0,False
8120,267.3477,36.78,0.0,False
8121,267.4208,10.03,0.0,False
8122,267.4296,9.37,0.0,False
8123,267.62,9.3,0.0,False
8124,267.6999,9.8,0.0,False
8125,267.773,9.56,90.0,False
8126,267.9092,10.21,0.0,False
8127,267.91,10.01,38.0,False
8128,267.9169,9.63,0.0,True
8129,268.0195,17.61,0.0,False
8130,268.126,10.18,0.0,False
8131,268.1756,8.98,0.0,True
8132,268.206,38.65,0.0,False
8133,268.3213,34.48,0.0,False
8134,268.3489,9.5,0.0,False
8135,268.3558,9.01,0.0,False
8136,268.3737,10.42,90.0,False
8137,268.4137,26.86,0.0,False
8138,268.4171,15.72,0.0,True
8139,268.4231,9.74,0.0,True
8140,268.5062,28.76,90.0,False
8141,268.514,9.69,0.0,False
8142,268.5156,9.94,0.0,False
8143,268.5526,12.96,0.0,False
8144,268.5562,34.16,90.0,False
8145,268.5995,9.08,90.0,False
8146,268.6373,9.51,0.0,True
8147,268.7118,8.1,0.0,True
8148,268.7928,9.71,0.0,False
8149,268.8355,9.24,90.0,False
8150,268.8457,13.51,0.0,False
8151,268.8485,41.21,12.6667,True
8152,268.8536,31.66,0.0,False
8153,268.9,9.24,0.0,False
8154,268.9236,74.71,0.0,False
8155,268.9427,30.19,0.0,False
8156,268.9596,9.53,90.0,False
8157,268.9701,22.7,0.0,False
8158,269.0369,25.49,0.0,False
8159,269.0772,8.54,0.0,False
8160,269.0995,32.31,0.0,False
8161,269.1678,34.83,0.0,False
8162,269.1699,31.68,0.0,False
8163,269.2331,36.02,0.0,False
8164,269.2366,11.22,90.0,False
8165,269.2484,9.73,0.0,False
8166,269.273,25.1,0.0,False
8167,269.2821,9.64,90.0,False
8168,269.292,18.88,0.0,True
8169,269.3057,19.41,0.0,False
8170,269.3764,9.13,0.0,False
8171,269.3977,56.35,0.0,False
8172,269.4056,4.86,0.0,False
8173,269.4311,38.69,0.0,True
8174,269.4629,59.98,0.0,False
8175,269.4642,14.73,0.0,True
8176,269.4687,8.99,0.0,False
8177,269.504,25.82,0.0,False
8178,269.5075,21.82,0.0,False
8179,269.5118,43.6,0.0,False
8180,269.5944,50.07,0.0,False
8181,269.627,34.95,0.0,False
8182,269.6311,19.57,19.0,False
8183,269.639,24.14,0.0,False
8184,269.6677,17.47,90.0,False
8185,269.6797,15.29,0.0,False
8186,269.6855,16.41,0.0,False
8187,269.6915,84.2,0.0,False
8188,269.7033,15.97,0.0,True
8189,269.716,16.68,0.0,False
8190,269.7287,19.43,90.0,False
8191,269.733,23.04,0.0,False
8192,269.7593,15.87,0.0,False
8193,269.7613,14.56,90.0,False
8194,269.7802,21.76,90.0,False
8195,269.785,28.81,0.0,True
8196,269.801,16.42,0.0,False
8197,269.8175,10.74,0.0,False
8198,269.8294,26.46,0.0,False
8199,269.8998,20.75,0.0,False
8200,269.9167,24.05,0.0,True
8201,269.9248,14.49,0.0,False
8202,269.9407,25.35,0.0,True
8203,269.9457,27.31,19.0,False
8204,269.9545,16.96,90.0,False
8205,269.9634,8.14,0.0,False
8206,269.9801,32.51,0.0,False
8207,269.9854,18.14,90.0,False
8208,270.006,23.99,0.0,False
8209,270.0092,9.12,0.0,False
8210,270.0114,50.46,0.0,False
8211,270.0195,34.6,90.0,False
8212,270.0264,41.5,0.0,True
8213,270.0514,119.82,0.0,False
8214,270.0685,22.54,0.0,False
8215,270.0944,21.62,0.0,True
8216,270.1024,8.8,0.0,False
8217,270.1352,17.75,0.0,False
8218,270.1463,58.14,90.0,False
8219,270.1627,8.11,90.0,True
8220,270.17,17.42,0.0,False
8221,270.1729,24.56,0.0,False
8222,270.1887,25.64,90.0,False
8223,270.191,24.79,0.0,True
8224,270.2064,24.59,90.0,False
8225,270.2104,15.03,0.0,False
8226,270.2222,21.81,0.0,False
8227,270.2659,22.46,0.0,False
8228,270.2663,26.48,0.0,False
8229,270.3078,22.85,90.0,False
8230,270.3169,12.47,0.0,False
8231,270.322,12.13,0.0,True
8232,270.3269,33.47,0.0,False
8233,270.3565,21.13,0.0,False
8234,270.3624,12.31,0.0,True
8235,270.3694,13.49,0.0,False
8236,270.379,26.73,90.0,False
8237,270.3918,48.0,0.0,True
8238,270.4126,16.25,0.0,False
8239,270.4232,33.55,90.0,False
8240,270.4289,28.05,90.0,False
8241,270.4305,14.43,0.0,False
8242,270.4341,9.04,0.0,False
8243,270.4398,45.02,0.0,False
8244,270.4419,18.95,0.0,False
8245,270.4457,24.33,90.0,True
8246,270.4486,17.31,0.0,False
8247,270.4494,22.84,0.0,False
8248,270.4689,14.15,90.0,False
8249,270.5138,28.36,0.0,False
8250,270.5302,25.2,0.0,False
8251,270.5394,36.99,0.0,True
8252,270.5499,34.25,12.6667,False
8253,270.5743,56.5,0.0,False
8254,270.6112,18.09,90.0,False
8255,270.6504,37.58,0.0,True
8256,270.6578,48.46,0.0,True
8257,270.6631,37.25,0.0,False
8258,270.6658,19.33,90.0,True
8259,270.69,25.02,90.0,False
8260,270.6925,56.69,0.0,False
8261,270.6974,17.23,0.0,True
8262,270.702,8.34,90.0,False
8263,270.7156,7.54,0.0,False
8264,270.7194,8.49,0.0,True
8265,270.7278,40.46,0.0,False
8266,270.7313,14.24,0.0,True
8267,270.7325,21.72,90.0,False
8268,270.7379,17.49,0.0,True
8269,270.739,36.17,0.0,False
8270,270.7546,16.52,0.0,False
8271,270.7606,35.79,0.0,False
8272,270.7631,38.05,90.0,False
8273,270.768,17.6,0.0,False
8274,270.7807,22.49,0.0,True
8275,270.7944,9.21,90.0,False
8276,270.8041,28.17,0.0,False
8277,270.8137,38.51,0.0,True
8278,270.8229,10.93,12.6667,True
8279,270.8407,25.02,90.0,False
8280,270.8564,21.65,0.0,True
8281,270.8571,22.02,90.0,False
8282,270.8671,14.13,90.0,False
8283,270.8783,37.28,0.0,False
8284,270.8784,23.03,0.0,False
8285,270.8953,19.34,90.0,True
8286,270.9014,30.91,0.0,False
8287,270.9137,24.46,0.0,False
8288,270.9253,48.5,90.0,False
8289,270.9556,37.75,0.0,False
8290,270.9579,40.41,0.0,True
8291,270.9646,18.57,0.0,False
8292,270.9819,51.46,0.0,True
8293,270.9888,21.18,90.0,False
8294,270.9987,24.29,0.0,False
8295,271.0133,32.44,90.0,False
8296,271.0144,19.48,90.0,True
8297,271.0165,91.43,90.0,False
8298,271.0188,18.79,0.0,True
8299,271.0323,12.92,0.0,False
8300,271.0423,57.24,0.0,True
8301,271.0456,34.6,90.0,False
8302,271.0512,40.67,0.0,False
8303,271.0662,27.59,0.0,False
8304,271.084,18.83,0.0,False
8305,271.0895,29.74,0.0,False
8306,271.0896,47.74,0.0,False
8307,271.0985,50.93,0.0,False
8308,271.1087,32.3,0.0,True
8309,271.1108,34.09,0.0,False
8310,271.1158,10.21,90.0,False
8311,271.1239,32.38,0.0,True
8312,271.1374,30.74,38.0,False
8313,271.1531,24.67,90.0,False
8314,271.1634,28.03,0.0,False
8315,271.1708,26.42,90.0,True
8316,271.175,36.49,0.0,False
8317,271.1861,21.46,0.0,False
8318,271.1925,31.57,0.0,False
8319,271.2108,33.3,0.0,False
8320,271.2299,52.63,0.0,False
8321,271.2329,47.27,0.0,False
8322,271.2356,35.19,90.0,False
8323,271.246,13.47,0.0,False
8324,271.2483,9.44,0.0,False
8325,271.2569,32.51,0.0,False
8326,271.2595,16.79,0.0,True
8327,271.3146,6.45,90.0,False
8328,271.3405,18.14,90.0,False
8329,271.3626,13.09,0.0,False
8330,271.3697,40.27,0.0,False
8331,271.3807,19.98,90.0,False
8332,271.3831,15.13,0.0,False
8333,271.387,22.06,19.0,False
8334,271.3916,26.04,0.0,False
8335,271.3939,19.45,0.0,False
8336,271.4109,45.86,0.0,False
8337,271.4303,14.88,0.0,False
8338,271.4459,35.87,0.0,False
8339,271.4467,28.15,0.0,False
8340,271.4512,35.48,0.0,True
8341,271.4674,8.66,0.0,False
8342,271.5316,35.21,0.0,False
8343,271.5325,47.54,0.0,False
8344,271.5683,14.2,90.0,False
8345,271.5711,44.56,0.0,False
8346,271.6016,32.17,0.0,False
8347,271.6084,19.28,0.0,False
8348,271.6176,24.69,90.0,False
8349,271.6222,19.05,90.0,True
8350,271.6313,16.22,0.0,False
8351,271.6853,45.44,90.0,True
8352,271.6879,24.31,85.0,False
8353,271.6931,34.02,0.0,False
8354,271.6943,21.07,0.0,True
8355,271.7021,28.58,0.0,False
8356,271.7061,27.39,0.0,False
8357,271.7147,4.88,0.0,False
8358,271.7294,101.61,0.0,True
8359,271.7335,22.0,0.0,False
8360,271.7438,23.19,90.0,False
8361,271.745,23.76,90.0,False
8362,271.7507,19.63,0.0,False
8363,271.7555,43.65,0.0,False
8364,271.7608,14.46,0.0,True
8365,271.7609,19.48,12.6667,False
8366,271.8217,11.82,0.0,True
8367,271.8225,15.22,0.0,False
8368,271.8355,48.72,90.0,False
8369,271.8416,22.38,0.0,False
8370,271.8564,31.6,0.0,False
8371,271.8773,15.82,0.0,False
8372,271.8821,13.25,0.0,True
8373,271.8863,5.56,0.0,False
8374,271.8876,12.12,0.0,False
8375,271.894,26.7,0.0,False
8376,271.8986,27.91,0.0,False
8377,271.9004,43.43,0.0,False
8378,271.9098,27.83,90.0,False
8379,271.9112,11.5,0.0,True
8380,271.92,35.52,90.0,False
8381,271.9201,20.18,0.0,False
8382,271.9294,31.77,90.0,False
8383,271.9372,25.22,0.0,False
8384,271.9384,16.47,90.0,False
8385,271.9417,21.4,0.0,True
8386,271.9445,16.0,0.0,False
8387,271.9458,26.59,0.0,False
8388,271.9637,25.86,0.0,False
8389,271.9647,32.76,0.0,True
8390,271.9731,52.92,90.0,False
8391,271.9846,21.2,0.0,False
8392,271.9871,8.81,90.0,False
8393,272.0068,10.82,0.0,True
8394,272.0114,30.63,90.0,False
8395,272.0126,34.85,0.0,True
8396,272.0233,24.96,0.0,False
8397,272.034,15.0,0.0,False
8398,272.0568,22.93,0.0,False
8399,272.0768,31.82,0.0,False
8400,272.0911,35.85,90.0,False
8401,272.1095,20.11,0.0,False
8402,272.1112,9.29,0.0,True
8403,272.1322,29.73,90.0,False
8404,272.1437,28.1,0.0,False
8405,272.1634,5.79,0.0,False
8406,272.1945,18.54,90.0,False
8407,272.2041,28.99,90.0,False
8408,272.2067,16.39,0.0,False
8409,272.2759,34.72,0.0,False
8410,272.2821,34.31,0.0,False
8411,272.2942,45.64,0.0,False
8412,272.3091,25.75,0.0,True
8413,272.3124,35.32,12.6667,False
8414,272.3176,40.32,0.0,False
8415,272.321,26.23,90.0,True
8416,272.3341,12.4,0.0,False
8417,272.3681,23.82,0.0,False
8418,272.3857,33.29,0.0,False
8419,272.4149,21.95,0.0,False
8420,272.5023,51.85,0.0,False
8421,272.5127,28.75,90.0,True
8422,272.5151,21.42,0.0,False
8423,272.5679,22.17,0.0,False
8424,272.5946,39.75,90.0,False
8425,272.6145,49.48,0.0,True
8426,272.6181,11.81,0.0,False
8427,272.6419,34.89,0.0,False
8428,272.7194,16.12,0.0,False
8429,272.7339,18.43,0.0,True
8430,272.7449,31.93,0.0,False
8431,272.7833,37.01,90.0,False
8432,272.7853,39.66,90.0,False
8433,272.7967,32.12,12.6667,False
8434,272.8366,16.06,0.0,False
8435,272.8488,82.3,38.0,False
8436,272.8669,10.45,90.0,False
8437,272.8867,17.01,0.0,False
8438,272.9102,23.74,0.0,False
8439,272.937,23.36,0.0,True
8440,272.9562,21.49,90.0,False
8441,272.9943,17.83,0.0,False
8442,273.0087,34.33,0.0,False
8443,273.154,30.55,90.0,False
8444,273.1693,56.01,90.0,False
8445,273.1761,49.72,0.0,False
8446,273.185,30.8,0.0,False
8447,273.2096,41.8,0.0,False
8448,273.2493,34.14,0.0,True
8449,273.3292,21.75,90.0,False
8450,273.72,8.51,90.0,False
8451,273.8917,5.8,0.0,False
8452,274.1394,17.72,0.0,False
8453,274.198,14.89,0.0,True
8454,274.4088,25.98,0.0,False
8455,274.6794,41.97,0.0,False
8456,275.1014,45.37,0.0,False
8457,277.6949,9.16,90.0,True
8458,278.0949,10.33,0.0,False
8459,281.1019,9.29,0.0,False
8460,281.2304,8.72,0.0,False
8461,282.5536,8.4,90.0,False
8462,282.6827,9.36,90.0,False
8463,282.7187,9.0,85.0,False
8464,282.87,8.23,90.0,False
8465,283.0436,9.48,0.0,False
8466,283.1609,9.43,0.0,True
8467,283.2278,7.85,90.0,False
8468,283.2876,9.33,0.0,False
8469,283.3646,10.27,0.0,False
8470,283.4511,8.96,0.0,False
8471,283.4709,8.55,0.0,False
8472,283.4771,9.08,0.0,False
8473,283.5662,9.73,0.0,False
8474,284.2773,9.48,0.0,False
8475,284.4681,8.35,0.0,False
8476,284.657,9.74,0.0,False
8477,284.8705,7.93,0.0,True
8478,285.0795,9.34,90.0,False
8479,285.2018,9.79,0.0,False
8480,285.3798,9.53,0.0,False
8481,285.4542,9.52,0.0,True
8482,285.469,9.74,0.0,True
8483,285.4767,8.8,0.0,False
8484,285.5453,9.11,0.0,False
8485,285.6952,8.51,90.0,False
8486,285.8926,9.84,90.0,False
8487,285.9408,9.78,90.0,True
8488,285.9853,9.25,0.0,False
8489,286.0704,8.81,0.0,False
8490,286.1479,8.89,0.0,False
8491,286.2072,10.09,0.0,False
8492,286.2198,8.64,0.0,False
8493,286.2348,9.81,0.0,False
8494,286.4612,8.6,0.0,False
8495,286.4795,10.75,0.0,True
8496,286.4814,10.27,0.0,False
8497,286.4916,8.56,12.6667,True
8498,286.4938,8.09,0.0,False
8499,286.4995,10.81,90.0,False
8500,286.5195,8.71,0.0,False
8501,286.5201,9.66,0.0,True
8502,286.5685,9.18,85.0,True
8503,286.6623,8.82,0.0,False
8504,286.7551,11.87,0.0,False
8505,286.8377,9.12,0.0,False
8506,286.8641,8.46,0.0,True
8507,287.0375,9.02,0.0,True
8508,287.0591,8.68,0.0,False
8509,287.0762,8.5,0.0,False
8510,287.1155,9.36,0.0,False
8511,287.1326,9.62,0.0,True
8512,287.1411,10.62,90.0,False
8513,287.1412,9.49,90.0,False
8514,287.182,11.16,0.0,False
8515,287.3585,8.98,0.0,False
8516,287.3883,9.13,0.0,False
8517,287.4748,9.94,0.0,False
8518,287.5175,8.6,90.0,False
8519,287.5284,11.7,90.0,False
8520,287.6442,8.82,0.0,False
8521,287.7372,9.06,90.0,False
8522,287.7406,10.59,90.0,False
8523,287.7479,8.85,0.0,False
8524,287.7495,9.51,0.0,False
8525,287.8049,8.84,90.0,False
8526,287.8211,8.86,90.0,True
8527,287.9051,10.2,0.0,False
8528,288.0003,10.8,0.0,False
8529,288.0516,11.24,0.0,False
8530,288.2413,10.17,0.0,False
8531,288.2608,8.12,0.0,False
8532,288.3203,9.13,0.0,False
8533,288.3267,8.65,0.0,True
8534,288.378,8.98,90.0,False
8535,288.3829,9.69,0.0,False
8536,288.3868,8.36,90.0,False
8537,288.39,9.66,0.0,False
8538,288.3967,8.4,0.0,False
8539,288.4371,9.24,90.0,True
8540,288.4862,7.91,0.0,True
8541,288.4997,7.61,0.0,False
8542,288.5129,9.54,0.0,False
8543,288.5494,9.28,0.0,False
8544,288.5804,8.55,90.0,False
8545,288.6937,8.93,0.0,False
8546,288.7092,8.24,0.0,False
8547,288.8825,9.0,0.0,False
8548,288.8877,8.4,0.0,True
8549,288.9295,10.11,0.0,True
8550,288.9411,9.14,0.0,False
8551,288.9527,8.91,0.0,False
8552,289.0249,8.15,0.0,False
8553,289.0704,7.81,0.0,True
8554,289.0894,9.27,90.0,False
8555,289.1395,8.84,0.0,False
8556,289.1454,10.03,90.0,False
8557,289.1508,9.98,0.0,False
8558,289.1693,8.18,0.0,False
8559,289.1706,9.16,90.0,False
8560,289.1739,9.27,90.0,False
8561,289.2033,8.36,0.0,False
8562,289.271,8.6,0.0,False
8563,289.3018,8.4,0.0,False
8564,289.3124,9.78,0.0,False
8565,289.3654,9.09,0.0,False
8566,289.4253,9.41,90.0,False
8567,289.4946,9.4,0.0,False
8568,289.5047,10.2,0.0,False
8569,289.5412,9.54,0.0,False
8570,289.603,8.34,0.0,False
8571,289.6392,9.65,0.0,False
8572,289.6714,8.86,0.0,True
8573,289.7213,10.01,0.0,True
8574,289.7368,8.83,0.0,False
8575,289.7676,9.33,0.0,False
8576,289.7826,10.58,90.0,False
8577,289.7853,8.9,0.0,False
8578,289.8124,8.41,0.0,False
8579,289.9964,9.1,0.0,False
8580,290.0287,10.05,0.0,False
8581,290.0401,8.5,0.0,False
8582,290.0645,8.24,0.0,False
8583,290.0693,9.03,0.0,False
8584,290.1437,9.49,0.0,False
8585,290.162,10.29,90.0,False
8586,290.167,9.68,90.0,True
8587,290.1684,10.93,38.0,False
8588,290.2629,9.39,0.0,False
8589,290.3516,9.41,0.0,False
8590,290.5151,7.82,0.0,False
8591,290.6455,7.13,90.0,False
8592,290.6455,8.42,0.0,False
8593,290.68,8.93,0.0,False
8594,290.7442,8.71,0.0,False
8595,290.7984,9.71,0.0,False
8596,290.8006,9.47,0.0,False
8597,290.8686,9.18,90.0,False
8598,290.9096,9.16,90.0,False
8599,290.9121,11.16,0.0,False
8600,290.9413,8.89,0.0,False
8601,290.9929,9.23,0.0,False
8602,291.0042,9.67,0.0,False
8603,291.0243,10.39,0.0,True
8604,291.0779,9.09,90.0,False
8605,291.0972,9.0,0.0,False
8606,291.1128,8.26,90.0,False
8607,291.1198,10.53,0.0,False
8608,291.174,9.32,0.0,False
8609,291.2186,8.71,0.0,False
8610,291.228,10.63,0.0,True
8611,291.2326,10.55,0.0,False
8612,291.2459,8.83,0.0,False
8613,291.3418,11.09,0.0,False
8614,291.361,9.62,90.0,True
8615,291.4236,9.85,90.0,False
8616,291.5112,10.8,0.0,False
8617,291.5131,8.63,0.0,False
8618,291.5695,8.93,0.0,True
8619,291.5972,7.88,0.0,False
8620,291.7069,9.11,0.0,False
8621,291.7256,9.4,90.0,False
8622,291.796,9.48,0.0,False
8623,291.8599,7.76,0.0,False
8624,291.8769,8.24,0.0,False
8625,291.9757,10.01,0.0,False
8626,292.0306,9.15,0.0,False
8627,292.0615,9.0,0.0,False
8628,292.0902,10.22,0.0,False
8629,292.1569,8.57,90.0,False
8630,292.2109,10.66,0.0,False
8631,292.2359,9.45,90.0,False
8632,292.2499,10.33,0.0,False
8633,292.2506,8.73,0.0,False
8634,292.275,8.28,0.0,False
8635,292.3941,7.6,85.0,False
8636,292.4104,9.29,0.0,False
8637,292.4667,8.99,0.0,False
8638,292.4736,8.54,0.0,False
8639,292.4997,7.9,0.0,False
8640,292.5206,8.73,0.0,True
8641,292.556,8.8,90.0,True
8642,292.5569,9.22,0.0,False
8643,292.654,8.71,0.0,False
8644,292.666,10.0,0.0,False
8645,292.7383,8.83,0.0,False
8646,292.8534,8.94,0.0,False
8647,292.8765,9.08,0.0,False
8648,292.9154,9.77,0.0,False
8649,292.9228,8.76,0.0,False
8650,292.9359,9.28,0.0,False
8651,292.9719,8.61,0.0,False
8652,292.9888,9.73,0.0,True
8653,293.1091,8.88,0.0,False
8654,293.1848,9.85,0.0,False
8655,293.2061,8.94,0.0,False
8656,293.207,9.79,0.0,False
8657,293.2202,8.61,0.0,False
8658,293.2478,8.31,19.0,False
8659,293.2661,8.41,90.0,True
8660,293.2692,9.4,0.0,False
8661,293.5543,10.11,90.0,False
8662,293.6606,8.11,90.0,True
8663,293.6989,10.01,0.0,False
8664,293.706,9.41,0.0,False
8665,293.8612,9.69,0.0,True
8666,293.9153,9.98,0.0,False
8667,293.9574,9.99,90.0,True
8668,293.9771,9.53,0.0,False
8669,294.0371,8.84,0.0,False
8670,294.0963,8.87,0.0,False
8671,294.1024,8.43,0.0,False
8672,294.2111,9.16,0.0,False
8673,294.2586,9.29,0.0,True
8674,294.2609,9.23,90.0,False
8675,294.2969,8.46,0.0,False
8676,294.3481,8.49,90.0,False
8677,294.3716,10.42,0.0,False
8678,294.3818,10.43,0.0,False
8679,294.5265,11.56,90.0,False
8680,294.5474,10.32,0.0,False
8681,294.5728,10.27,0.0,False
8682,294.6005,9.2,0.0,False
8683,294.6262,8.71,0.0,False
8684,294.6535,8.32,0.0,False
8685,294.7436,10.19,0.0,False
8686,294.8525,7.83,0.0,False
8687,294.934,10.11,0.0,False
8688,294.9864,9.89,0.0,False
8689,294.9892,10.14,0.0,True
8690,295.0331,9.43,0.0,False
8691,295.1701,9.11,0.0,False
8692,295.2883,10.0,0.0,False
8693,295.3612,8.4,90.0,False
8694,295.4438,9.39,90.0,False
8695,295.6863,9.13,0.0,False
8696,295.6864,7.18,0.0,True
8697,295.7197,9.72,90.0,True
8698,295.7588,8.51,0.0,False
8699,295.7998,9.35,0.0,True
8700,295.8216,9.21,0.0,True
8701,295.8416,8.98,0.0,False
8702,295.8542,8.57,0.0,False
8703,295.9234,7.96,85.0,False
8704,296.0628,7.94,0.0,False
8705,296.1282,9.14,90.0,False
8706,296.2751,9.96,0.0,True
8707,296.3793,8.84,90.0,False
8708,296.382,7.94,0.0,True
8709,296.387,8.91,0.0,True
8710,296.5228,9.36,90.0,False
8711,296.6032,9.92,90.0,True
8712,296.64,9.53,90.0,False
8713,296.6677,8.79,0.0,False
8714,296.6955,9.31,0.0,False
8715,296.8049,9.77,0.0,False
8716,296.8419,9.54,0.0,True
8717,296.8577,7.94,90.0,False
8718,296.9674,9.19,90.0,True
8719,297.1804,9.18,0.0,True
8720,297.2079,8.59,0.0,False
8721,297.2193,8.69,0.0,True
8722,297.3103,9.91,0.0,False
8723,297.3402,10.17,0.0,True
8724,297.4465,10.3,0.0,False
8725,297.5214,8.7,0.0,False
8726,297.5216,8.74,0.0,False
8727,297.7569,9.2,0.0,False
8728,297.815,8.06,0.0,False
8729,297.9539,855.81,90.0,False
8730,297.9763,10.06,0.0,False
8731,298.0471,9.22,90.0,False
8732,298.5356,9.83,90.0,False
8733,298.6327,9.61,0.0,False
8734,298.8115,8.5,0.0,True
8735,298.822,8.2,0.0,False
8736,298.975,7.9,0.0,True
8737,299.2177,8.44,0.0,True
8738,299.655,8.32,0.0,False
8739,299.7653,8.51,0.0,False
8740,299.8688,9.86,0.0,False
8741,299.8928,10.77,0.0,False
8742,299.9428,9.72,0.0,False
8743,300.1893,1052.6,90.0,False
8744,300.3479,985.09,0.0,False
8745,300.4269,874.1,0.0,False
8746,300.5076,10.16,0.0,False
8747,300.5663,9.4,0.0,True
8748,301.2929,9.47,0.0,False
8749,301.6408,9.76,0.0,False
8750,301.6491,8.49,0.0,False
8751,302.0167,8.7,0.0,False
8752,302.0704,808.95,0.0,False
8753,302.2989,886.08,0.0,False
8754,302.3183,995.75,12.6667,False
8755,303.5203,9.59,0.0,False
8756,303.9886,877.04,0.0,False
8757,304.1877,8.36,0.0,False
8758,304.7785,949.92,90.0,False
8759,304.9604,10.38,0.0,False
8760,305.0258,944.25,0.0,True
8761,305.1668,926.69,0.0,False
8762,305.1865,945.08,0.0,False
8763,305.2467,979.66,0.0,False
8764,305.3391,871.48,0.0,False
8765,305.4107,945.76,0.0,False
8766,305.5036,1025.16,0.0,False
8767,305.522,911.19,90.0,False
8768,305.8712,945.79,0.0,False
8769,305.8827,811.83,90.0,False
8770,305.9447,936.7,0.0,False
8771,305.991,890.6,90.0,False
8772,306.0206,1031.69,90.0,False
8773,306.2669,892.95,0.0,False
8774,306.3478,828.96,0.0,False
8775,306.5657,752.3,0.0,False
8776,306.6048,889.06,0.0,True
8777,306.7136,981.47,0.0,False
8778,306.8288,1057.08,90.0,False
8779,306.842,875.15,0.0,True
8780,306.8678,910.21,0.0,True
8781,307.1703,914.68,90.0,False
8782,307.2774,1113.26,0.0,False
8783,307.3813,795.17,90.0,False
8784,307.6542,807.29,0.0,False
8785,307.7805,933.59,0.0,False
8786,307.786,809.18,85.0,False
8787,307.8247,754.04,0.0,False
8788,307.8875,1047.44,90.0,True
8789,307.9589,989.5,0.0,False
8790,307.9605,850.43,90.0,True
8791,308.1144,818.18,0.0,True
8792,308.1558,1010.76,90.0,False
8793,308.2115,862.82,0.0,False
8794,308.2331,1021.71,0.0,False
8795,308.3609,773.23,90.0,False
8796,308.5068,885.74,0.0,False
8797,308.5875,865.15,0.0,False
8798,308.5946,872.48,0.0,False
8799,308.6987,911.17,90.0,False
8800,308.718,841.11,0.0,False
8801,308.8854,776.03,90.0,False
8802,309.0268,981.27,90.0,False
8803,309.1409,964.93,90.0,False
8804,309.3242,832.94,90.0,True
8805,309.3573,963.02,0.0,False
8806,309.4534,813.15,0.0,False
8807,309.5091,890.58,0.0,False
8808,309.5168,849.34,0.0,False
8809,309.5864,904.82,90.0,False
8810,309.6182,937.06,0.0,True
8811,309.623,976.95,0.0,True
8812,309.6294,1007.59,0.0,False
8813,309.8592,840.39,90.0,False
8814,309.9467,961.84,90.0,False
8815,310.2711,890.86,0.0,False
8816,310.2781,1006.42,90.0,True
8817,310.3495,907.78,0.0,True
8818,310.477,827.41,0.0,False
8819,310.559,893.06,90.0,False
8820,310.7066,890.94,0.0,False
8821,310.7599,1082.12,0.0,False
8822,310.8804,993.79,90.0,False
8823,310.976,931.15,0.0,True
8824,311.2013,879.26,0.0,False
8825,311.3035,1008.2,90.0,False
8826,311.3325,955.69,0.0,False
8827,311.3832,728.16,90.0,False
8828,311.4095,845.69,0.0,True
8829,311.4976,1049.14,0.0,False
8830,311.5022,863.28,0.0,False
8831,311.6402,887.22,0.0,False
8832,311.7571,938.44,0.0,False
8833,311.7787,914.08,0.0,False
8834,311.7848,883.39,0.0,False
8835,311.8524,845.0,0.0,False
8836,311.8583,940.84,0.0,False
8837,311.9026,855.36,0.0,False
8838,311.939,804.38,0.0,False
8839,311.9476,863.22,0.0,False
8840,312.0451,903.45,0.0,True
8841,312.3847,970.51,0.0,True
8842,312.7407,904.46,0.0,False
8843,312.8005,835.51,90.0,False
8844,312.8173,908.53,90.0,False
8845,312.8448,1107.4,0.0,False
8846,312.8597,1026.93,90.0,False
8847,313.0263,931.71,0.0,False
8848,313.0684,924.51,0.0,True
8849,313.1253,817.31,0.0,False
8850,313.1957,923.43,90.0,False
8851,313.2518,850.34,0.0,False
8852,313.324,847.08,0.0,False
8853,313.3257,844.49,0.0,False
8854,313.4217,884.71,0.0,True
8855,313.4394,987.46,0.0,False
8856,313.5425,870.76,0.0,False
8857,313.5772,956.72,0.0,False
8858,313.5878,863.36,0.0,True
8859,313.5985,941.86,0.0,True
8860,313.5996,952.79,0.0,False
8861,314.0937,845.96,0.0,False
8862,314.1131,829.27,0.0,False
8863,314.2018,963.55,0.0,False
8864,314.24,854.04,0.0,False
8865,314.3205,938.4,0.0,False
8866,314.4821,1019.83,0.0,False
8867,314.574,866.26,0.0,False
8868,314.7192,840.46,90.0,True
8869,314.8108,955.05,0.0,False
8870,314.8524,947.14,90.0,True
8871,314.8955,914.54,0.0,False
8872,314.9904,891.9,19.0,False
8873,314.9907,934.55,0.0,False
8874,315.0607,851.72,0.0,False
8875,315.2184,1163.11,0.0,False
8876,315.245,842.58,90.0,False
8877,315.343,877.72,0.0,False
8878,315.3456,980.99,0.0,False
8879,315.3934,1022.31,0.0,False
8880,315.4615,979.24,0.0,False
8881,315.5209,945.73,0.0,False
8882,315.5948,826.1,0.0,False
8883,315.7346,861.15,0.0,False
8884,315.7686,960.63,0.0,False
8885,315.7687,909.47,0.0,True
8886,315.8192,962.36,0.0,False
8887,315.8286,898.77,90.0,False
8888,315.876,817.44,0.0,False
8889,315.8782,930.96,0.0,False
8890,315.8807,812.93,0.0,False
8891,315.9784,815.0,90.0,False
8892,316.0422,922.91,0.0,False
8893,316.1793,912.47,0.0,False
8894,316.2519,972.37,90.0,False
8895,316.2612,887.27,0.0,False
8896,316.2809,948.03,0.0,False
8897,316.2863,859.94,0.0,False
8898,316.2993,914.84,90.0,True
8899,316.3861,867.37,0.0,False
8900,316.5391,880.49,0.0,True
8901,316.5481,1004.44,0.0,True
8902,316.5944,950.93,90.0,False
8903,316.6684,861.85,90.0,False
8904,316.7024,990.26,0.0,False
8905,316.849,775.81,0.0,False
8906,316.8512,975.25,0.0,False
8907,316.9479,871.57,85.0,False
8908,317.0341,903.17,90.0,False
8909,317.0892,818.74,0.0,False
8910,317.1179,825.63,90.0,False
8911,317.1558,861.95,0.0,False
8912,317.2539,944.95,0.0,True
8913,317.3753,928.57,0.0,True
8914,317.6419,894.33,0.0,False
8915,317.6494,1073.45,0.0,False
8916,317.7807,962.62,90.0,False
8917,317.9817,841.7,0.0,False
8918,317.9832,929.9,0.0,True
8919,318.0182,939.09,90.0,True
8920,318.0408,1062.56,0.0,False
8921,318.0473,892.47,90.0,False
8922,318.1023,850.5,0.0,False
8923,318.2066,857.17,0.0,False
8924,318.2236,891.82,0.0,False
8925,318.2628,905.02,90.0,False
8926,318.2927,932.3,0.0,False
8927,318.3857,1166.64,0.0,False
8928,318.405,810.99,0.0,False
8929,318.4192,885.08,90.0,False
8930,318.5171,970.41,0.0,False
8931,318.6716,976.16,0.0,False
8932,318.7155,921.72,0.0,False
8933,318.8365,914.83,90.0,True
8934,318.9774,951.59,0.0,False
8935,319.0303,982.88,0.0,False
8936,319.2658,1026.21,0.0,False
8937,319.274,961.74,0.0,False
8938,319.4091,976.07,0.0,False
8939,320.0047,904.24,0.0,False
8940,320.1397,959.25,0.0,False
8941,320.2195,1131.52,90.0,False
8942,320.2611,857.23,90.0,False
8943,320.4347,912.71,0.0,True
8944,321.1733,959.28,0.0,False
8945,321.2141,754.91,0.0,False
8946,321.4048,1025.99,0.0,True
8947,321.4601,966.64,90.0,False
8948,321.4749,822.04,0.0,False
8949,321.5229,834.24,0.0,False
8950,321.8397,993.67,0.0,True
8951,322.8783,943.78,0.0,False
8952,322.99,978.43,0.0,False
8953,323.2155,927.94,0.0,False
8954,323.5069,940.03,90.0,False
8955,323.8614,985.72,0.0,False
8956,324.5601,851.96,90.0,False
8957,324.9282,951.06,0.0,False
8958,325.1116,840.93,90.0,False
8959,326.6949,1028.92,0.0,False
8960,327.0562,1079.23,0.0,True
8961,328.1719,933.59,0.0,False
8962,330.0591,907.22,0.0,False
8963,330.267,847.53,0.0,False
8964,359.9377,908.82,0.0,False
8965,360.1072,1003.82,0.0,False
8966,362.0496,934.44,0.0,False
8967,365.3494,817.35,0.0,False
8968,367.0954,972.94,0.0,False
8969,367.106,854.48,0.0,False
8970,367.5864,932.38,0.0,True
8971,367.7238,920.58,0.0,False
8972,368.717,1093.44,0.0,False
8973,368.7193,881.26,0.0,False
8974,369.4811,965.72,90.0,False
8975,370.1026,977.21,0.0,False
8976,372.5454,897.51,0.0,False
8977,374.1127,762.48,0.0,True
8978,376.7955,937.16,90.0,False
8979,377.0663,954.38,90.0,False
8980,377.3997,825.26,0.0,False
8981,386.135,990.17,0.0,False
8982,412.9501,9.75,0.0,False
8983,413.5529,8.71,0.0,False
8984,413.6018,8.76,0.0,False
8985,413.6748,10.07,0.0,False
8986,413.8288,9.14,0.0,False
8987,413.9482,10.97,12.6667,False
8988,413.9536,8.83,90.0,False
8989,414.0359,8.97,0.0,False
8990,414.0564,9.95,0.0,False
8991,414.3108,9.99,0.0,False
8992,414.4373,9.24,0.0,False
8993,414.442,8.6,0.0,False
8994,414.5684,8.87,0.0,False
8995,414.637,8.89,0.0,True
8996,414.9051,10.91,0.0,False
8997,414.97,10.5,85.0,False
8998,415.3094,8.17,0.0,False
8999,415.6942,10.26,0.0,True
9000,415.936,8.89,0.0,True
